InvoiceNo,StockCode,Description,Quantity,InvoiceDate,UnitPrice,CustomerID,Country
566606,85099B,JUMBO BAG RED RETROSPOT,16,2025-02-02 13:59:30,1.87,12450.0,United Kingdom
561186,85123A,WHITE HANGING HEART T-LIGHT HOLDER,11,2025-10-10 11:40:46,2.8,15009.0,France
543036,22423,REGENCY CAKESTAND 3 TIER,16,2025-08-27 15:58:55,12.75,15419.0,Netherlands
569857,20725,LUNCH BAG RED RETROSPOT,4,2025-06-10 01:12:57,1.82,,EIRE
569750,85099B,JUMBO BAG RED RETROSPOT,6,2025-06-08 14:49:02,2.08,15433.0,United Kingdom
537393,85123A,WHITE HANGING HEART T-LIGHT HOLDER,2,2025-11-10 10:56:46,2.8,13129.0,United Kingdom
536872,22423,REGENCY CAKESTAND 3 TIER,13,2025-02-01 00:51:24,12.75,14200.0,Netherlands
544327,POST,POSTAGE,14,2025-09-12 19:12:34,18.0,14662.0,Netherlands
C562995,85099B,JUMBO BAG RED RETROSPOT,-6,2025-03-15 03:38:32,2.08,17903.0,United Kingdom
556323,85099B,JUMBO BAG RED RETROSPOT,8,2025-02-04 14:11:44,2.08,15195.0,Germany
553428,85123A,WHITE HANGING HEART T-LIGHT HOLDER,11,2025-07-12 20:24:20,2.3,15809.0,United Kingdom
550116,22423,REGENCY CAKESTAND 3 TIER,15,2025-12-23 22:05:48,12.75,16413.0,United Kingdom
552308,20725,LUNCH BAG RED RETROSPOT,6,2025-09-26 15:04:35,1.82,,United Kingdom
557676,20725,LUNCH BAG RED RETROSPOT,10,2025-10-05 17:11:46,1.48,17786.0,United Kingdom
538168,85099B,JUMBO BAG RED RETROSPOT,4,2025-09-19 14:02:07,2.29,16049.0,United Kingdom
555937,POST,POSTAGE,16,2025-10-14 18:39:47,19.8,17089.0,EIRE
543508,85099B,JUMBO BAG RED RETROSPOT,17,2025-07-07 23:25:18,1.87,16495.0,United Kingdom
562791,20725,LUNCH BAG RED RETROSPOT,15,2025-02-16 11:00:07,1.65,15729.0,United Kingdom
542643,85123A,WHITE HANGING HEART T-LIGHT HOLDER,16,2025-11-03 09:54:42,2.55,12185.0,United Kingdom
538410,85099B,JUMBO BAG RED RETROSPOT,15,2025-06-14 04:09:46,2.08,15501.0,United Kingdom
550780,20725,LUNCH BAG RED RETROSPOT,16,2025-07-02 23:30:14,1.65,12777.0,United Kingdom
550980,POST,POSTAGE,9,2025-05-16 21:53:32,16.2,15619.0,Germany
553630,20725,LUNCH BAG RED RETROSPOT,4,2025-03-08 16:57:01,1.65,16208.0,United Kingdom
565241,21977,PACK OF 60 PINK PAISLEY CAKE CASES,19,2025-12-05 15:49:14,0.5,15271.0,Germany
559794,20725,LUNCH BAG RED RETROSPOT,1,2025-10-13 04:54:47,1.65,13850.0,Netherlands
548333,20725,LUNCH BAG RED RETROSPOT,8,2025-08-24 21:49:38,1.82,12356.0,United Kingdom
560704,22423,REGENCY CAKESTAND 3 TIER,14,2025-05-27 01:23:30,14.02,16026.0,Netherlands
553128,85099B,JUMBO BAG RED RETROSPOT,16,2025-10-28 14:49:13,1.87,16189.0,Spain
543607,21977,PACK OF 60 PINK PAISLEY CAKE CASES,14,2025-07-19 06:05:05,0.55,14867.0,EIRE
536733,21977,PACK OF 60 PINK PAISLEY CAKE CASES,10,2025-06-11 10:54:27,0.5,16298.0,Germany
536135,POST,POSTAGE,18,2025-06-14 02:16:59,16.2,16674.0,Germany
543621,85099B,JUMBO BAG RED RETROSPOT,5,2025-03-24 03:14:01,2.08,15074.0,Germany
563848,85123A,WHITE HANGING HEART T-LIGHT HOLDER,3,2025-02-03 09:02:48,2.55,12286.0,France
551764,85123A,WHITE HANGING HEART T-LIGHT HOLDER,12,2025-07-22 09:32:41,2.55,17222.0,United Kingdom
551359,20725,LUNCH BAG RED RETROSPOT,7,2025-11-21 21:09:28,1.48,14800.0,Netherlands
549564,85123A,WHITE HANGING HEART T-LIGHT HOLDER,9,2025-01-24 14:20:28,2.3,16034.0,Germany
544702,20725,LUNCH BAG RED RETROSPOT,9,2025-11-10 00:45:03,1.65,17465.0,EIRE
560298,85123A,WHITE HANGING HEART T-LIGHT HOLDER,6,2025-10-30 22:20:18,2.3,14175.0,United Kingdom
536434,85099B,JUMBO BAG RED RETROSPOT,19,2025-04-12 14:39:00,1.87,15731.0,United Kingdom
556803,20725,LUNCH BAG RED RETROSPOT,8,2025-08-19 19:54:12,1.82,12118.0,United Kingdom
567855,85099B,JUMBO BAG RED RETROSPOT,13,2025-03-02 22:10:39,2.08,,United Kingdom
565929,20725,LUNCH BAG RED RETROSPOT,4,2025-10-04 12:18:55,1.82,12354.0,United Kingdom
548556,85123A,WHITE HANGING HEART T-LIGHT HOLDER,19,2025-09-13 04:18:10,2.55,15246.0,United Kingdom
565062,85099B,JUMBO BAG RED RETROSPOT,19,2025-05-10 10:45:06,2.08,14110.0,United Kingdom
544079,21977,PACK OF 60 PINK PAISLEY CAKE CASES,2,2025-01-25 16:28:52,0.55,12214.0,United Kingdom
544201,POST,POSTAGE,13,2025-12-21 00:47:54,19.8,14772.0,United Kingdom
547678,85123A,WHITE HANGING HEART T-LIGHT HOLDER,12,2025-06-12 22:42:19,2.55,17613.0,Netherlands
536599,22423,REGENCY CAKESTAND 3 TIER,4,2025-11-22 08:25:42,12.75,13001.0,United Kingdom
545030,21977,PACK OF 60 PINK PAISLEY CAKE CASES,15,2025-09-05 15:49:54,0.61,13753.0,United Kingdom
565052,POST,POSTAGE,15,2025-10-12 23:33:05,18.0,13135.0,United Kingdom
561920,20725,LUNCH BAG RED RETROSPOT,17,2025-10-05 20:46:07,1.82,,United Kingdom
547190,20725,LUNCH BAG RED RETROSPOT,12,2025-03-13 17:47:04,1.65,,United Kingdom
546623,85099B,JUMBO BAG RED RETROSPOT,14,2025-05-13 07:10:13,2.08,15431.0,Germany
547801,21977,PACK OF 60 PINK PAISLEY CAKE CASES,14,2025-06-20 12:35:38,0.61,16683.0,Netherlands
540044,20725,LUNCH BAG RED RETROSPOT,15,2025-07-01 12:02:02,1.65,16141.0,United Kingdom
541385,20725,LUNCH BAG RED RETROSPOT,12,2025-01-16 20:41:42,1.82,16627.0,France
569752,20725,LUNCH BAG RED RETROSPOT,15,2025-07-19 00:57:17,1.82,,United Kingdom
559562,20725,LUNCH BAG RED RETROSPOT,2,2025-02-26 00:33:12,1.65,14297.0,United Kingdom
559036,20725,LUNCH BAG RED RETROSPOT,12,2025-09-29 02:50:12,1.48,17401.0,United Kingdom
545523,85123A,WHITE HANGING HEART T-LIGHT HOLDER,4,2025-09-07 22:58:58,2.3,13034.0,United Kingdom
565102,22423,REGENCY CAKESTAND 3 TIER,8,2025-12-03 12:58:21,12.75,16198.0,Germany
542009,POST,POSTAGE,15,2025-09-29 16:47:31,19.8,12665.0,France
568935,21977,PACK OF 60 PINK PAISLEY CAKE CASES,3,2025-05-14 02:16:05,0.61,16593.0,France
553115,85123A,WHITE HANGING HEART T-LIGHT HOLDER,15,2025-12-20 00:19:10,2.3,,United Kingdom
547247,85099B,JUMBO BAG RED RETROSPOT,5,2025-05-30 15:36:20,1.87,13297.0,Germany
561514,21977,PACK OF 60 PINK PAISLEY CAKE CASES,15,2025-04-29 16:55:57,0.55,14347.0,United Kingdom
550184,20725,LUNCH BAG RED RETROSPOT,15,2025-11-27 10:15:09,1.65,16166.0,United Kingdom
545166,20725,LUNCH BAG RED RETROSPOT,1,2025-05-16 01:59:42,1.65,12273.0,United Kingdom
559243,85123A,WHITE HANGING HEART T-LIGHT HOLDER,5,2025-01-28 11:45:05,2.3,13544.0,Germany
560549,85099B,JUMBO BAG RED RETROSPOT,16,2025-06-21 15:21:01,1.87,14001.0,Netherlands
556511,85123A,WHITE HANGING HEART T-LIGHT HOLDER,7,2025-10-18 05:07:24,2.55,16386.0,United Kingdom
551707,POST,POSTAGE,9,2025-03-11 07:13:16,18.0,17769.0,Germany
547179,85123A,WHITE HANGING HEART T-LIGHT HOLDER,1,2025-06-18 17:55:15,2.8,15685.0,France
549728,21977,PACK OF 60 PINK PAISLEY CAKE CASES,14,2025-02-17 05:05:24,0.55,15045.0,EIRE
565728,21977,PACK OF 60 PINK PAISLEY CAKE CASES,2,2025-09-08 02:22:47,0.55,14017.0,United Kingdom
548223,21977,PACK OF 60 PINK PAISLEY CAKE CASES,6,2025-06-23 15:04:26,0.61,16935.0,Germany
C568884,21977,PACK OF 60 PINK PAISLEY CAKE CASES,-10,2025-05-01 00:33:20,0.55,12643.0,France
540949,20725,LUNCH BAG RED RETROSPOT,15,2025-03-24 10:25:01,1.48,12775.0,Spain
541532,21977,PACK OF 60 PINK PAISLEY CAKE CASES,10,2025-07-26 13:40:10,0.61,13207.0,United Kingdom
C547309,85123A,WHITE HANGING HEART T-LIGHT HOLDER,-19,2025-09-02 01:32:54,2.3,13608.0,Netherlands
536101,85099B,JUMBO BAG RED RETROSPOT,10,2025-12-10 15:40:36,2.08,14769.0,United Kingdom
565894,21977,PACK OF 60 PINK PAISLEY CAKE CASES,5,2025-06-09 19:44:10,0.5,17679.0,EIRE
547573,22423,REGENCY CAKESTAND 3 TIER,4,2025-02-28 23:21:52,12.75,15902.0,United Kingdom
539473,20725,LUNCH BAG RED RETROSPOT,15,2025-10-31 06:23:13,1.65,14301.0,United Kingdom
557030,22423,REGENCY CAKESTAND 3 TIER,9,2025-08-18 07:51:08,12.75,13269.0,United Kingdom
568582,20725,LUNCH BAG RED RETROSPOT,12,2025-09-13 14:50:13,1.65,15890.0,United Kingdom
569787,85123A,WHITE HANGING HEART T-LIGHT HOLDER,8,2025-02-05 14:22:58,2.55,13518.0,United Kingdom
539654,20725,LUNCH BAG RED RETROSPOT,6,2025-04-25 14:37:28,1.65,17856.0,United Kingdom
562958,85123A,WHITE HANGING HEART T-LIGHT HOLDER,12,2025-10-08 07:33:06,2.55,14866.0,United Kingdom
548309,85099B,JUMBO BAG RED RETROSPOT,6,2025-10-31 01:20:52,1.87,15304.0,United Kingdom
564431,22423,REGENCY CAKESTAND 3 TIER,19,2025-06-08 00:35:54,14.02,17420.0,France
556614,21977,PACK OF 60 PINK PAISLEY CAKE CASES,14,2025-10-21 23:56:08,0.61,13832.0,Spain
560878,85123A,WHITE HANGING HEART T-LIGHT HOLDER,16,2025-11-04 09:45:09,2.55,14830.0,Germany
564486,20725,LUNCH BAG RED RETROSPOT,6,2025-05-22 10:44:37,1.48,15191.0,United Kingdom
566442,21977,PACK OF 60 PINK PAISLEY CAKE CASES,1,2025-11-24 15:01:34,0.55,13626.0,United Kingdom
540881,POST,POSTAGE,1,2025-04-16 04:55:42,18.0,12327.0,Netherlands
560610,20725,LUNCH BAG RED RETROSPOT,17,2025-03-29 09:10:02,1.48,,United Kingdom
540797,21977,PACK OF 60 PINK PAISLEY CAKE CASES,17,2025-09-07 10:28:55,0.61,12674.0,United Kingdom
568093,20725,LUNCH BAG RED RETROSPOT,13,2025-08-21 02:16:41,1.65,16054.0,Netherlands
557364,85123A,WHITE HANGING HEART T-LIGHT HOLDER,12,2025-02-21 14:28:24,2.55,12043.0,Netherlands
542550,21977,PACK OF 60 PINK PAISLEY CAKE CASES,4,2025-10-31 04:39:03,0.55,13898.0,United Kingdom
545953,85099B,JUMBO BAG RED RETROSPOT,15,2025-03-14 00:04:22,2.08,17305.0,Germany
566453,20725,LUNCH BAG RED RETROSPOT,10,2025-10-21 14:54:14,1.65,15411.0,United Kingdom
557913,85123A,WHITE HANGING HEART T-LIGHT HOLDER,12,2025-01-03 07:12:11,2.8,16027.0,France
543795,85099B,JUMBO BAG RED RETROSPOT,1,2025-10-18 17:13:40,2.29,16011.0,United Kingdom
C563899,21977,PACK OF 60 PINK PAISLEY CAKE CASES,-10,2025-10-15 12:52:18,0.55,13789.0,United Kingdom
560422,85099B,JUMBO BAG RED RETROSPOT,14,2025-10-12 00:41:51,2.08,15793.0,Germany
538613,22423,REGENCY CAKESTAND 3 TIER,15,2025-08-31 16:40:02,11.48,13326.0,United Kingdom
545631,85099B,JUMBO BAG RED RETROSPOT,3,2025-06-22 00:58:37,1.87,15813.0,Germany
564712,20725,LUNCH BAG RED RETROSPOT,1,2025-09-15 07:31:09,1.48,16098.0,United Kingdom
547928,85123A,WHITE HANGING HEART T-LIGHT HOLDER,17,2025-04-12 16:27:53,2.8,17256.0,Spain
537277,85099B,JUMBO BAG RED RETROSPOT,6,2025-10-12 09:41:37,2.29,17517.0,EIRE
556532,POST,POSTAGE,9,2025-07-22 09:14:17,16.2,12143.0,United Kingdom
566560,POST,POSTAGE,12,2025-06-17 05:18:34,18.0,13794.0,EIRE
554918,85123A,WHITE HANGING HEART T-LIGHT HOLDER,10,2025-07-04 10:39:13,2.55,,United Kingdom
569171,85099B,JUMBO BAG RED RETROSPOT,18,2025-07-27 07:01:58,2.29,13929.0,United Kingdom
539880,85123A,WHITE HANGING HEART T-LIGHT HOLDER,17,2025-01-14 22:42:31,2.55,15711.0,United Kingdom
558693,POST,POSTAGE,8,2025-02-21 16:29:47,16.2,17125.0,Spain
558090,85099B,JUMBO BAG RED RETROSPOT,4,2025-03-31 21:48:46,2.08,13548.0,EIRE
C569464,85099B,JUMBO BAG RED RETROSPOT,-19,2025-02-11 08:05:39,1.87,17360.0,Spain
553719,22423,REGENCY CAKESTAND 3 TIER,14,2025-06-10 22:48:01,12.75,,Spain
563947,21977,PACK OF 60 PINK PAISLEY CAKE CASES,15,2025-09-01 06:42:39,0.61,17484.0,Netherlands
540943,85123A,WHITE HANGING HEART T-LIGHT HOLDER,9,2025-08-27 07:24:58,2.3,12441.0,United Kingdom
537508,20725,LUNCH BAG RED RETROSPOT,10,2025-06-21 07:09:55,1.82,13758.0,Netherlands
560360,85099B,JUMBO BAG RED RETROSPOT,4,2025-11-09 14:08:58,2.08,12744.0,Germany
536129,21977,PACK OF 60 PINK PAISLEY CAKE CASES,9,2025-07-26 14:42:12,0.5,12721.0,United Kingdom
565744,20725,LUNCH BAG RED RETROSPOT,11,2025-01-29 01:33:32,1.48,,Germany
536707,85123A,WHITE HANGING HEART T-LIGHT HOLDER,3,2025-10-07 13:27:34,2.3,14639.0,United Kingdom
559409,85123A,WHITE HANGING HEART T-LIGHT HOLDER,13,2025-07-29 22:52:02,2.8,12523.0,United Kingdom
551364,85099B,JUMBO BAG RED RETROSPOT,12,2025-08-20 09:45:56,2.08,13774.0,United Kingdom
557945,20725,LUNCH BAG RED RETROSPOT,16,2025-07-26 16:47:27,1.65,17888.0,United Kingdom
557195,85123A,WHITE HANGING HEART T-LIGHT HOLDER,1,2025-07-22 15:10:32,2.55,17303.0,United Kingdom
551105,20725,LUNCH BAG RED RETROSPOT,5,2025-02-03 23:31:11,1.65,17622.0,Spain
552370,85099B,JUMBO BAG RED RETROSPOT,9,2025-07-24 15:25:37,2.08,12219.0,Germany
553114,21977,PACK OF 60 PINK PAISLEY CAKE CASES,17,2025-10-18 11:17:57,0.55,15965.0,United Kingdom
559022,21977,PACK OF 60 PINK PAISLEY CAKE CASES,5,2025-04-21 00:18:52,0.5,15803.0,United Kingdom
560149,85123A,WHITE HANGING HEART T-LIGHT HOLDER,19,2025-08-09 19:17:43,2.8,12796.0,United Kingdom
551286,22423,REGENCY CAKESTAND 3 TIER,19,2025-01-12 08:08:14,14.02,17437.0,United Kingdom
547985,20725,LUNCH BAG RED RETROSPOT,2,2025-05-07 22:11:57,1.82,14426.0,EIRE
537447,85099B,JUMBO BAG RED RETROSPOT,7,2025-06-09 05:51:46,1.87,,United Kingdom
562493,21977,PACK OF 60 PINK PAISLEY CAKE CASES,5,2025-12-25 10:29:39,0.55,,France
543689,POST,POSTAGE,10,2025-03-20 19:53:56,18.0,15900.0,France
550762,85123A,WHITE HANGING HEART T-LIGHT HOLDER,18,2025-04-11 03:38:32,2.55,12784.0,Germany
569749,85099B,JUMBO BAG RED RETROSPOT,8,2025-05-30 06:36:37,2.08,17699.0,Spain
562683,85099B,JUMBO BAG RED RETROSPOT,13,2025-12-29 19:00:22,2.08,15645.0,United Kingdom
547759,85123A,WHITE HANGING HEART T-LIGHT HOLDER,3,2025-11-08 07:36:54,2.3,12453.0,Spain
552147,POST,POSTAGE,11,2025-01-13 22:58:57,18.0,,France
547042,POST,POSTAGE,7,2025-03-27 12:54:24,18.0,,EIRE
557290,22423,REGENCY CAKESTAND 3 TIER,18,2025-10-27 19:48:19,12.75,12077.0,Germany
541194,POST,POSTAGE,15,2025-01-22 13:08:15,18.0,12052.0,EIRE
568389,85123A,WHITE HANGING HEART T-LIGHT HOLDER,5,2025-11-09 01:05:03,2.8,17552.0,Netherlands
569562,POST,POSTAGE,12,2025-04-13 19:27:48,18.0,17887.0,United Kingdom
546150,20725,LUNCH BAG RED RETROSPOT,7,2025-12-01 10:04:28,1.48,,EIRE
543835,85123A,WHITE HANGING HEART T-LIGHT HOLDER,9,2025-04-18 09:18:37,2.55,17416.0,France
554334,21977,PACK OF 60 PINK PAISLEY CAKE CASES,9,2025-06-08 17:40:19,0.55,15931.0,United Kingdom
557992,20725,LUNCH BAG RED RETROSPOT,16,2025-08-30 06:44:52,1.48,12168.0,Netherlands
557882,22423,REGENCY CAKESTAND 3 TIER,6,2025-02-16 10:16:23,12.75,16286.0,United Kingdom
537429,85099B,JUMBO BAG RED RETROSPOT,1,2025-07-23 14:35:52,2.29,12108.0,Germany
560174,21977,PACK OF 60 PINK PAISLEY CAKE CASES,4,2025-07-04 14:14:15,0.55,16899.0,United Kingdom
538260,85123A,WHITE HANGING HEART T-LIGHT HOLDER,16,2025-10-14 17:28:43,2.55,14201.0,United Kingdom
547627,85123A,WHITE HANGING HEART T-LIGHT HOLDER,6,2025-12-30 01:58:25,2.55,12847.0,EIRE
560369,22423,REGENCY CAKESTAND 3 TIER,2,2025-08-31 23:49:20,12.75,13551.0,United Kingdom
566160,20725,LUNCH BAG RED RETROSPOT,8,2025-05-30 14:35:43,1.82,16100.0,United Kingdom
557595,85099B,JUMBO BAG RED RETROSPOT,17,2025-05-29 14:50:21,1.87,17081.0,United Kingdom
541430,85099B,JUMBO BAG RED RETROSPOT,17,2025-06-02 21:10:57,2.08,15424.0,United Kingdom
559125,85123A,WHITE HANGING HEART T-LIGHT HOLDER,19,2025-10-25 11:46:39,2.55,12962.0,EIRE
537259,85123A,WHITE HANGING HEART T-LIGHT HOLDER,13,2025-04-28 00:43:40,2.3,17400.0,Spain
543852,21977,PACK OF 60 PINK PAISLEY CAKE CASES,16,2025-03-02 03:11:37,0.61,16743.0,United Kingdom
540207,85123A,WHITE HANGING HEART T-LIGHT HOLDER,15,2025-05-03 22:44:20,2.3,14459.0,Germany
569486,21977,PACK OF 60 PINK PAISLEY CAKE CASES,1,2025-01-09 23:41:10,0.55,15326.0,United Kingdom
548524,85099B,JUMBO BAG RED RETROSPOT,8,2025-02-08 02:00:44,2.08,17783.0,Germany
554984,21977,PACK OF 60 PINK PAISLEY CAKE CASES,10,2025-02-02 16:26:23,0.61,14264.0,United Kingdom
562880,85099B,JUMBO BAG RED RETROSPOT,9,2025-10-09 15:51:21,1.87,12154.0,United Kingdom
568964,20725,LUNCH BAG RED RETROSPOT,16,2025-09-21 03:57:37,1.48,12874.0,United Kingdom
569846,85123A,WHITE HANGING HEART T-LIGHT HOLDER,19,2025-09-12 18:53:46,2.55,15601.0,Germany
541581,POST,POSTAGE,11,2025-06-18 11:01:56,19.8,17986.0,United Kingdom
549393,22423,REGENCY CAKESTAND 3 TIER,2,2025-09-19 05:31:58,14.02,16439.0,United Kingdom
549773,85123A,WHITE HANGING HEART T-LIGHT HOLDER,7,2025-02-28 13:26:50,2.3,15707.0,EIRE
563071,21977,PACK OF 60 PINK PAISLEY CAKE CASES,4,2025-11-25 21:43:20,0.55,13938.0,France
547413,22423,REGENCY CAKESTAND 3 TIER,9,2025-07-02 05:12:18,12.75,14636.0,United Kingdom
543863,85099B,JUMBO BAG RED RETROSPOT,5,2025-12-09 14:51:05,2.29,12230.0,EIRE
561672,20725,LUNCH BAG RED RETROSPOT,2,2025-02-25 17:34:46,1.65,14226.0,Spain
552834,20725,LUNCH BAG RED RETROSPOT,4,2025-07-01 15:00:20,1.65,15740.0,United Kingdom
561417,21977,PACK OF 60 PINK PAISLEY CAKE CASES,10,2025-09-12 15:36:29,0.5,,Germany
548916,POST,POSTAGE,3,2025-06-30 17:25:03,18.0,,United Kingdom
552542,85099B,JUMBO BAG RED RETROSPOT,1,2025-06-12 05:36:35,2.08,16927.0,France
536310,85123A,WHITE HANGING HEART T-LIGHT HOLDER,6,2025-03-02 02:26:22,2.3,12128.0,United Kingdom
536549,20725,LUNCH BAG RED RETROSPOT,13,2025-05-20 23:45:14,1.48,16867.0,France
536011,22423,REGENCY CAKESTAND 3 TIER,12,2025-03-29 07:40:14,12.75,13311.0,United Kingdom
541956,85123A,WHITE HANGING HEART T-LIGHT HOLDER,8,2025-04-21 22:46:04,2.55,15697.0,United Kingdom
547819,85123A,WHITE HANGING HEART T-LIGHT HOLDER,13,2025-09-07 06:26:31,2.55,17678.0,Netherlands
537709,22423,REGENCY CAKESTAND 3 TIER,4,2025-08-19 06:22:21,14.02,17327.0,United Kingdom
541465,22423,REGENCY CAKESTAND 3 TIER,14,2025-08-10 00:35:54,12.75,15986.0,Spain
564798,22423,REGENCY CAKESTAND 3 TIER,1,2025-05-13 10:36:12,12.75,13795.0,Netherlands
565055,21977,PACK OF 60 PINK PAISLEY CAKE CASES,3,2025-12-17 22:40:45,0.5,,Spain
545852,20725,LUNCH BAG RED RETROSPOT,18,2025-02-01 21:28:29,1.65,16222.0,United Kingdom
568180,POST,POSTAGE,9,2025-05-06 07:18:45,19.8,15085.0,EIRE
540009,85123A,WHITE HANGING HEART T-LIGHT HOLDER,11,2025-02-13 09:45:03,2.55,14426.0,United Kingdom
537067,85123A,WHITE HANGING HEART T-LIGHT HOLDER,8,2025-05-04 16:04:09,2.55,14417.0,United Kingdom
548041,21977,PACK OF 60 PINK PAISLEY CAKE CASES,13,2025-12-18 22:54:56,0.61,15599.0,Spain
545000,85123A,WHITE HANGING HEART T-LIGHT HOLDER,15,2025-05-14 14:29:51,2.55,12214.0,France
538627,85099B,JUMBO BAG RED RETROSPOT,15,2025-11-28 04:48:35,2.08,17988.0,United Kingdom
564813,21977,PACK OF 60 PINK PAISLEY CAKE CASES,5,2025-06-30 08:32:55,0.5,12612.0,United Kingdom
569281,20725,LUNCH BAG RED RETROSPOT,12,2025-09-13 17:22:35,1.65,17907.0,EIRE
545193,85123A,WHITE HANGING HEART T-LIGHT HOLDER,15,2025-06-16 00:33:52,2.3,12212.0,France
546710,21977,PACK OF 60 PINK PAISLEY CAKE CASES,8,2025-04-08 14:23:17,0.5,15075.0,United Kingdom
560425,21977,PACK OF 60 PINK PAISLEY CAKE CASES,8,2025-10-06 18:27:36,0.55,14505.0,Spain
567724,20725,LUNCH BAG RED RETROSPOT,12,2025-12-20 08:18:30,1.48,15443.0,United Kingdom
545752,22423,REGENCY CAKESTAND 3 TIER,11,2025-04-07 12:56:01,12.75,14601.0,United Kingdom
559212,20725,LUNCH BAG RED RETROSPOT,5,2025-10-12 17:13:37,1.65,17383.0,Germany
536786,20725,LUNCH BAG RED RETROSPOT,19,2025-04-06 14:17:03,1.65,,Netherlands
555247,22423,REGENCY CAKESTAND 3 TIER,11,2025-09-19 00:34:51,12.75,17913.0,United Kingdom
569563,21977,PACK OF 60 PINK PAISLEY CAKE CASES,11,2025-10-15 14:03:09,0.55,,United Kingdom
552166,21977,PACK OF 60 PINK PAISLEY CAKE CASES,4,2025-06-14 05:32:27,0.61,16671.0,United Kingdom
557812,22423,REGENCY CAKESTAND 3 TIER,13,2025-09-26 17:45:29,12.75,12838.0,Spain
559370,85099B,JUMBO BAG RED RETROSPOT,18,2025-04-10 06:16:15,2.29,12391.0,United Kingdom
557497,85099B,JUMBO BAG RED RETROSPOT,14,2025-01-29 23:28:34,2.29,14382.0,United Kingdom
559333,20725,LUNCH BAG RED RETROSPOT,10,2025-02-05 02:49:09,1.65,,Netherlands
566148,85123A,WHITE HANGING HEART T-LIGHT HOLDER,13,2025-06-13 21:22:28,2.8,,United Kingdom
536357,85099B,JUMBO BAG RED RETROSPOT,5,2025-11-26 00:48:54,2.08,17379.0,Germany
566076,85123A,WHITE HANGING HEART T-LIGHT HOLDER,2,2025-02-16 16:23:28,2.8,14564.0,United Kingdom
566864,21977,PACK OF 60 PINK PAISLEY CAKE CASES,13,2025-06-16 08:28:14,0.61,16610.0,EIRE
566736,21977,PACK OF 60 PINK PAISLEY CAKE CASES,4,2025-09-14 04:41:19,0.55,12357.0,United Kingdom
548510,85099B,JUMBO BAG RED RETROSPOT,2,2025-03-15 05:14:18,2.08,16453.0,United Kingdom
555821,21977,PACK OF 60 PINK PAISLEY CAKE CASES,15,2025-09-21 00:55:27,0.61,12596.0,United Kingdom
548011,22423,REGENCY CAKESTAND 3 TIER,9,2025-04-22 03:11:19,12.75,16007.0,France
564570,22423,REGENCY CAKESTAND 3 TIER,17,2025-10-23 09:24:35,12.75,14292.0,EIRE
549824,20725,LUNCH BAG RED RETROSPOT,17,2025-07-31 03:46:31,1.65,,United Kingdom
546642,85123A,WHITE HANGING HEART T-LIGHT HOLDER,3,2025-07-19 23:14:08,2.3,,United Kingdom
559299,20725,LUNCH BAG RED RETROSPOT,15,2025-03-06 19:49:49,1.48,14419.0,Spain
537678,21977,PACK OF 60 PINK PAISLEY CAKE CASES,7,2025-06-19 11:20:08,0.61,17246.0,United Kingdom
548784,POST,POSTAGE,14,2025-11-09 02:16:39,18.0,16853.0,United Kingdom
543013,22423,REGENCY CAKESTAND 3 TIER,1,2025-01-08 23:40:07,14.02,14041.0,Germany
548710,85099B,JUMBO BAG RED RETROSPOT,9,2025-10-04 17:23:47,2.08,13762.0,United Kingdom
551257,85123A,WHITE HANGING HEART T-LIGHT HOLDER,12,2025-06-29 04:23:49,2.8,15054.0,United Kingdom
538157,POST,POSTAGE,9,2025-09-20 01:17:41,18.0,16108.0,United Kingdom
565398,21977,PACK OF 60 PINK PAISLEY CAKE CASES,11,2025-08-31 14:52:22,0.5,13094.0,United Kingdom
550165,21977,PACK OF 60 PINK PAISLEY CAKE CASES,1,2025-06-07 00:58:30,0.55,16357.0,United Kingdom
548199,20725,LUNCH BAG RED RETROSPOT,1,2025-04-23 14:44:36,1.82,17692.0,France
541082,22423,REGENCY CAKESTAND 3 TIER,12,2025-08-17 10:36:49,11.48,17067.0,Germany
569856,21977,PACK OF 60 PINK PAISLEY CAKE CASES,8,2025-02-21 21:07:51,0.5,15289.0,United Kingdom
565090,20725,LUNCH BAG RED RETROSPOT,11,2025-08-02 09:09:52,1.48,,EIRE
C552383,85123A,WHITE HANGING HEART T-LIGHT HOLDER,-7,2025-02-04 10:44:58,2.55,13940.0,United Kingdom
547373,POST,POSTAGE,1,2025-08-26 13:05:52,19.8,16451.0,France
551894,POST,POSTAGE,14,2025-08-18 23:35:43,19.8,14729.0,United Kingdom
568669,POST,POSTAGE,3,2025-01-31 16:51:48,19.8,12638.0,EIRE
543527,20725,LUNCH BAG RED RETROSPOT,15,2025-10-04 16:03:55,1.82,,United Kingdom
559273,22423,REGENCY CAKESTAND 3 TIER,1,2025-06-01 07:26:07,14.02,12828.0,United Kingdom
566721,21977,PACK OF 60 PINK PAISLEY CAKE CASES,18,2025-10-15 11:35:54,0.55,,United Kingdom
561709,85123A,WHITE HANGING HEART T-LIGHT HOLDER,5,2025-01-16 04:39:56,2.8,14504.0,United Kingdom
565585,20725,LUNCH BAG RED RETROSPOT,17,2025-03-07 09:23:57,1.65,14051.0,United Kingdom
568223,85123A,WHITE HANGING HEART T-LIGHT HOLDER,1,2025-06-30 19:43:50,2.3,12331.0,France
538039,20725,LUNCH BAG RED RETROSPOT,9,2025-03-10 02:23:18,1.48,13006.0,EIRE
544123,22423,REGENCY CAKESTAND 3 TIER,8,2025-05-01 03:58:02,11.48,17686.0,United Kingdom
540910,85123A,WHITE HANGING HEART T-LIGHT HOLDER,4,2025-08-30 14:03:35,2.55,15222.0,Spain
555287,85123A,WHITE HANGING HEART T-LIGHT HOLDER,10,2025-02-22 19:09:46,2.55,17411.0,EIRE
549852,20725,LUNCH BAG RED RETROSPOT,5,2025-09-05 23:24:06,1.65,17735.0,Spain
537384,85123A,WHITE HANGING HEART T-LIGHT HOLDER,9,2025-02-07 14:05:29,2.55,12293.0,France
554957,85123A,WHITE HANGING HEART T-LIGHT HOLDER,8,2025-03-05 15:46:02,2.55,14284.0,France
539425,85123A,WHITE HANGING HEART T-LIGHT HOLDER,4,2025-08-03 06:56:41,2.55,17029.0,United Kingdom
549848,22423,REGENCY CAKESTAND 3 TIER,15,2025-10-17 09:50:16,14.02,14974.0,Germany
548463,POST,POSTAGE,10,2025-03-04 07:32:31,16.2,15053.0,Netherlands
566382,85099B,JUMBO BAG RED RETROSPOT,16,2025-04-20 02:36:59,2.08,,United Kingdom
559205,22423,REGENCY CAKESTAND 3 TIER,16,2025-12-04 08:53:42,14.02,16211.0,United Kingdom
557222,85123A,WHITE HANGING HEART T-LIGHT HOLDER,5,2025-12-28 05:13:17,2.8,17632.0,United Kingdom
564277,85123A,WHITE HANGING HEART T-LIGHT HOLDER,6,2025-08-01 14:11:09,2.55,17321.0,Netherlands
542137,85099B,JUMBO BAG RED RETROSPOT,19,2025-06-13 18:05:17,2.08,15750.0,United Kingdom
544717,85123A,WHITE HANGING HEART T-LIGHT HOLDER,6,2025-05-07 23:30:39,2.55,15461.0,France
561579,85123A,WHITE HANGING HEART T-LIGHT HOLDER,2,2025-08-12 21:07:28,2.55,14165.0,EIRE
561468,85123A,WHITE HANGING HEART T-LIGHT HOLDER,11,2025-08-04 07:38:18,2.8,12697.0,Netherlands
536726,22423,REGENCY CAKESTAND 3 TIER,19,2025-04-18 22:31:33,11.48,16254.0,United Kingdom
543625,20725,LUNCH BAG RED RETROSPOT,5,2025-01-09 22:36:17,1.65,12015.0,EIRE
543721,85123A,WHITE HANGING HEART T-LIGHT HOLDER,13,2025-02-25 12:05:02,2.3,16189.0,Spain
536205,21977,PACK OF 60 PINK PAISLEY CAKE CASES,7,2025-12-16 04:55:24,0.61,14981.0,United Kingdom
558484,21977,PACK OF 60 PINK PAISLEY CAKE CASES,8,2025-06-02 18:39:42,0.55,16718.0,France
537850,POST,POSTAGE,9,2025-06-26 02:42:39,18.0,17695.0,United Kingdom
564606,85123A,WHITE HANGING HEART T-LIGHT HOLDER,3,2025-06-20 08:39:58,2.8,15317.0,Germany
555908,20725,LUNCH BAG RED RETROSPOT,8,2025-10-13 12:46:14,1.82,15435.0,United Kingdom
561898,20725,LUNCH BAG RED RETROSPOT,6,2025-01-24 20:43:39,1.82,,United Kingdom
552903,POST,POSTAGE,16,2025-01-31 23:26:07,19.8,14237.0,United Kingdom
568988,20725,LUNCH BAG RED RETROSPOT,5,2025-04-11 19:37:54,1.65,12533.0,United Kingdom
545194,85123A,WHITE HANGING HEART T-LIGHT HOLDER,17,2025-06-27 11:38:12,2.55,12185.0,United Kingdom
554971,POST,POSTAGE,1,2025-09-02 02:02:17,18.0,16338.0,Germany
536222,20725,LUNCH BAG RED RETROSPOT,8,2025-06-29 19:11:52,1.65,17489.0,United Kingdom
564318,85123A,WHITE HANGING HEART T-LIGHT HOLDER,6,2025-06-11 20:33:40,2.55,12323.0,United Kingdom
555312,85123A,WHITE HANGING HEART T-LIGHT HOLDER,9,2025-12-09 11:20:28,2.8,13962.0,France
541980,POST,POSTAGE,15,2025-02-28 13:17:49,18.0,15649.0,France
563798,85123A,WHITE HANGING HEART T-LIGHT HOLDER,19,2025-07-28 20:24:00,2.55,16228.0,United Kingdom
569633,20725,LUNCH BAG RED RETROSPOT,14,2025-07-17 03:10:19,1.65,16411.0,Netherlands
538330,85099B,JUMBO BAG RED RETROSPOT,10,2025-06-22 19:30:20,2.08,16165.0,United Kingdom
564755,20725,LUNCH BAG RED RETROSPOT,10,2025-10-22 12:18:09,1.82,12503.0,EIRE
561040,85123A,WHITE HANGING HEART T-LIGHT HOLDER,19,2025-04-08 16:28:07,2.55,13523.0,United Kingdom
548050,20725,LUNCH BAG RED RETROSPOT,19,2025-12-15 04:34:27,1.65,14815.0,France
557574,85099B,JUMBO BAG RED RETROSPOT,15,2025-05-02 14:46:11,1.87,12382.0,Netherlands
562703,POST,POSTAGE,4,2025-07-18 06:26:23,18.0,,EIRE
552298,85123A,WHITE HANGING HEART T-LIGHT HOLDER,6,2025-07-10 12:26:07,2.55,14310.0,Germany
558660,85123A,WHITE HANGING HEART T-LIGHT HOLDER,6,2025-11-07 12:35:53,2.3,17868.0,Germany
537643,85123A,WHITE HANGING HEART T-LIGHT HOLDER,5,2025-06-10 22:57:43,2.8,13902.0,United Kingdom
567460,85123A,WHITE HANGING HEART T-LIGHT HOLDER,19,2025-04-14 16:04:55,2.8,17828.0,France
567401,POST,POSTAGE,4,2025-01-08 13:22:37,18.0,16201.0,EIRE
543148,85123A,WHITE HANGING HEART T-LIGHT HOLDER,17,2025-05-13 09:38:48,2.8,16153.0,Netherlands
552232,85123A,WHITE HANGING HEART T-LIGHT HOLDER,16,2025-10-29 08:05:28,2.55,16918.0,United Kingdom
544116,20725,LUNCH BAG RED RETROSPOT,11,2025-01-04 15:39:15,1.65,17053.0,United Kingdom
549586,22423,REGENCY CAKESTAND 3 TIER,6,2025-11-24 21:10:23,11.48,13334.0,Germany
545359,22423,REGENCY CAKESTAND 3 TIER,6,2025-07-18 13:44:19,12.75,14525.0,United Kingdom
565290,21977,PACK OF 60 PINK PAISLEY CAKE CASES,13,2025-02-21 15:50:27,0.55,15169.0,United Kingdom
559621,85099B,JUMBO BAG RED RETROSPOT,13,2025-04-21 07:52:17,2.08,17860.0,United Kingdom
564749,20725,LUNCH BAG RED RETROSPOT,11,2025-07-22 13:23:46,1.65,12243.0,France
562958,21977,PACK OF 60 PINK PAISLEY CAKE CASES,11,2025-04-26 13:43:29,0.61,14860.0,United Kingdom
560726,22423,REGENCY CAKESTAND 3 TIER,16,2025-02-09 16:22:19,12.75,13285.0,United Kingdom
541666,21977,PACK OF 60 PINK PAISLEY CAKE CASES,15,2025-09-01 07:35:21,0.5,,United Kingdom
564198,20725,LUNCH BAG RED RETROSPOT,15,2025-09-03 08:22:22,1.48,16570.0,Spain
562624,85099B,JUMBO BAG RED RETROSPOT,6,2025-02-13 08:37:22,1.87,13211.0,France
540227,20725,LUNCH BAG RED RETROSPOT,2,2025-04-13 10:06:01,1.48,16760.0,United Kingdom
538983,85099B,JUMBO BAG RED RETROSPOT,9,2025-03-31 07:00:31,2.08,17963.0,United Kingdom
561871,21977,PACK OF 60 PINK PAISLEY CAKE CASES,7,2025-08-29 04:41:39,0.5,16658.0,Germany
549266,20725,LUNCH BAG RED RETROSPOT,7,2025-09-24 12:00:17,1.48,13019.0,United Kingdom
547153,85123A,WHITE HANGING HEART T-LIGHT HOLDER,10,2025-09-23 20:31:13,2.3,12854.0,Germany
549481,85099B,JUMBO BAG RED RETROSPOT,18,2025-12-09 00:45:42,2.08,14622.0,United Kingdom
565494,85123A,WHITE HANGING HEART T-LIGHT HOLDER,16,2025-10-08 15:58:27,2.8,15306.0,Netherlands
548365,20725,LUNCH BAG RED RETROSPOT,13,2025-04-28 19:35:48,1.65,16670.0,United Kingdom
548587,21977,PACK OF 60 PINK PAISLEY CAKE CASES,14,2025-02-09 19:46:56,0.61,14536.0,France
549575,22423,REGENCY CAKESTAND 3 TIER,8,2025-08-13 20:27:50,12.75,13002.0,United Kingdom
537846,85123A,WHITE HANGING HEART T-LIGHT HOLDER,11,2025-12-01 07:37:02,2.8,17948.0,Netherlands
537273,POST,POSTAGE,9,2025-12-22 02:25:14,18.0,17427.0,Netherlands
550088,22423,REGENCY CAKESTAND 3 TIER,16,2025-03-26 23:53:25,14.02,,France
536571,22423,REGENCY CAKESTAND 3 TIER,19,2025-03-28 16:47:58,12.75,16172.0,United Kingdom
561730,85123A,WHITE HANGING HEART T-LIGHT HOLDER,9,2025-01-14 08:34:22,2.3,17611.0,United Kingdom
550429,21977,PACK OF 60 PINK PAISLEY CAKE CASES,14,2025-02-21 20:26:57,0.5,14849.0,EIRE
553031,22423,REGENCY CAKESTAND 3 TIER,2,2025-07-22 08:29:20,14.02,12872.0,France
547426,20725,LUNCH BAG RED RETROSPOT,8,2025-07-19 17:59:01,1.65,15635.0,United Kingdom
561963,21977,PACK OF 60 PINK PAISLEY CAKE CASES,17,2025-05-16 23:03:18,0.55,14705.0,United Kingdom
550535,85123A,WHITE HANGING HEART T-LIGHT HOLDER,14,2025-04-24 18:25:46,2.8,16798.0,United Kingdom
537199,21977,PACK OF 60 PINK PAISLEY CAKE CASES,11,2025-10-30 15:43:17,0.61,,EIRE
552602,22423,REGENCY CAKESTAND 3 TIER,5,2025-06-17 04:35:17,11.48,14828.0,France
542023,85123A,WHITE HANGING HEART T-LIGHT HOLDER,16,2025-10-23 22:24:09,2.55,14207.0,Germany
556230,21977,PACK OF 60 PINK PAISLEY CAKE CASES,19,2025-12-18 10:13:05,0.61,14532.0,Germany
555162,85123A,WHITE HANGING HEART T-LIGHT HOLDER,8,2025-04-26 14:57:19,2.55,15795.0,United Kingdom
552135,POST,POSTAGE,16,2025-03-15 14:41:07,18.0,15822.0,United Kingdom
549100,21977,PACK OF 60 PINK PAISLEY CAKE CASES,12,2025-12-14 05:54:55,0.55,15070.0,United Kingdom
556263,85123A,WHITE HANGING HEART T-LIGHT HOLDER,8,2025-08-20 14:28:30,2.55,15191.0,EIRE
559125,POST,POSTAGE,7,2025-04-17 09:22:39,16.2,17951.0,United Kingdom
565871,21977,PACK OF 60 PINK PAISLEY CAKE CASES,10,2025-08-15 08:23:25,0.55,,United Kingdom
568726,85123A,WHITE HANGING HEART T-LIGHT HOLDER,8,2025-07-07 20:36:50,2.55,13043.0,United Kingdom
538826,85099B,JUMBO BAG RED RETROSPOT,12,2025-11-27 17:19:40,2.08,16795.0,United Kingdom
558435,POST,POSTAGE,3,2025-04-04 11:44:49,18.0,17612.0,Germany
538878,85099B,JUMBO BAG RED RETROSPOT,10,2025-12-28 00:27:35,2.29,15652.0,United Kingdom
550190,85099B,JUMBO BAG RED RETROSPOT,15,2025-12-08 17:00:55,2.29,14409.0,United Kingdom
561203,85099B,JUMBO BAG RED RETROSPOT,17,2025-03-07 17:43:00,2.08,14091.0,France
554440,22423,REGENCY CAKESTAND 3 TIER,6,2025-03-02 03:59:48,11.48,14807.0,United Kingdom
563465,85123A,WHITE HANGING HEART T-LIGHT HOLDER,12,2025-07-14 18:09:59,2.55,12314.0,United Kingdom
567036,21977,PACK OF 60 PINK PAISLEY CAKE CASES,6,2025-01-17 09:35:40,0.55,15171.0,United Kingdom
569111,POST,POSTAGE,16,2025-04-20 17:35:05,19.8,13617.0,EIRE
558881,20725,LUNCH BAG RED RETROSPOT,7,2025-06-08 20:08:49,1.65,13592.0,United Kingdom
558895,85123A,WHITE HANGING HEART T-LIGHT HOLDER,13,2025-12-20 16:48:23,2.55,15362.0,France
563308,85099B,JUMBO BAG RED RETROSPOT,9,2025-12-29 22:35:03,1.87,17781.0,Netherlands
543923,85123A,WHITE HANGING HEART T-LIGHT HOLDER,6,2025-02-25 01:49:55,2.8,13235.0,Germany
546251,22423,REGENCY CAKESTAND 3 TIER,11,2025-11-22 07:46:59,12.75,17468.0,United Kingdom
547603,21977,PACK OF 60 PINK PAISLEY CAKE CASES,12,2025-02-03 01:25:32,0.55,15116.0,France
561306,22423,REGENCY CAKESTAND 3 TIER,13,2025-10-01 04:08:30,12.75,17837.0,United Kingdom
547940,20725,LUNCH BAG RED RETROSPOT,16,2025-11-05 08:58:00,1.48,14293.0,United Kingdom
540740,85099B,JUMBO BAG RED RETROSPOT,13,2025-11-22 00:33:43,2.08,17981.0,United Kingdom
563154,21977,PACK OF 60 PINK PAISLEY CAKE CASES,17,2025-03-23 09:30:29,0.55,15959.0,United Kingdom
561492,POST,POSTAGE,9,2025-11-23 03:03:26,16.2,16018.0,United Kingdom
556202,21977,PACK OF 60 PINK PAISLEY CAKE CASES,10,2025-02-12 02:43:07,0.5,,United Kingdom
565972,POST,POSTAGE,10,2025-07-09 20:03:21,16.2,14710.0,United Kingdom
562922,20725,LUNCH BAG RED RETROSPOT,11,2025-06-21 17:51:30,1.82,15150.0,United Kingdom
566607,21977,PACK OF 60 PINK PAISLEY CAKE CASES,3,2025-04-26 10:56:11,0.55,17104.0,Germany
544832,22423,REGENCY CAKESTAND 3 TIER,17,2025-01-09 13:36:58,14.02,16754.0,Netherlands
C539964,22423,REGENCY CAKESTAND 3 TIER,-10,2025-10-09 06:59:56,14.02,12142.0,United Kingdom
547612,20725,LUNCH BAG RED RETROSPOT,11,2025-05-03 11:39:19,1.65,16167.0,Germany
564215,85123A,WHITE HANGING HEART T-LIGHT HOLDER,17,2025-08-30 18:36:57,2.8,,United Kingdom
567439,POST,POSTAGE,9,2025-05-30 12:30:53,16.2,16464.0,United Kingdom
539737,22423,REGENCY CAKESTAND 3 TIER,9,2025-05-17 19:02:33,11.48,14983.0,United Kingdom
565087,20725,LUNCH BAG RED RETROSPOT,11,2025-11-20 11:38:02,1.82,14013.0,United Kingdom
552265,22423,REGENCY CAKESTAND 3 TIER,18,2025-02-04 08:41:30,12.75,16039.0,United Kingdom
563811,POST,POSTAGE,5,2025-09-26 21:28:31,18.0,15982.0,United Kingdom
559205,85123A,WHITE HANGING HEART T-LIGHT HOLDER,3,2025-09-30 21:37:58,2.8,14244.0,United Kingdom
538040,85099B,JUMBO BAG RED RETROSPOT,3,2025-05-19 05:29:18,1.87,14438.0,United Kingdom
552464,20725,LUNCH BAG RED RETROSPOT,15,2025-04-06 11:06:52,1.48,,United Kingdom
539024,22423,REGENCY CAKESTAND 3 TIER,1,2025-01-02 18:32:23,14.02,12269.0,United Kingdom
547556,22423,REGENCY CAKESTAND 3 TIER,14,2025-12-08 06:16:10,11.48,12190.0,United Kingdom
561757,POST,POSTAGE,17,2025-12-12 17:58:19,18.0,,United Kingdom
C559249,20725,LUNCH BAG RED RETROSPOT,-13,2025-03-29 21:35:38,1.48,14542.0,United Kingdom
559958,85123A,WHITE HANGING HEART T-LIGHT HOLDER,4,2025-01-12 05:39:41,2.55,15062.0,United Kingdom
558469,21977,PACK OF 60 PINK PAISLEY CAKE CASES,13,2025-02-14 03:40:15,0.5,14450.0,United Kingdom
536500,22423,REGENCY CAKESTAND 3 TIER,9,2025-01-25 22:40:25,12.75,17731.0,United Kingdom
555818,85123A,WHITE HANGING HEART T-LIGHT HOLDER,1,2025-10-31 23:54:09,2.8,13348.0,Netherlands
552490,21977,PACK OF 60 PINK PAISLEY CAKE CASES,4,2025-11-22 20:36:18,0.55,14357.0,United Kingdom
553966,85123A,WHITE HANGING HEART T-LIGHT HOLDER,15,2025-02-25 14:43:04,2.8,13483.0,United Kingdom
543234,85099B,JUMBO BAG RED RETROSPOT,11,2025-09-30 02:03:11,2.29,13798.0,United Kingdom
559995,22423,REGENCY CAKESTAND 3 TIER,10,2025-03-07 21:58:06,12.75,15504.0,Netherlands
556656,20725,LUNCH BAG RED RETROSPOT,15,2025-05-15 04:46:22,1.65,13859.0,Germany
549703,21977,PACK OF 60 PINK PAISLEY CAKE CASES,10,2025-08-07 04:17:31,0.55,13906.0,Germany
537923,85123A,WHITE HANGING HEART T-LIGHT HOLDER,19,2025-09-20 17:12:42,2.55,16024.0,Netherlands
538338,POST,POSTAGE,1,2025-11-16 09:20:19,19.8,16981.0,United Kingdom
548206,20725,LUNCH BAG RED RETROSPOT,6,2025-01-17 20:49:28,1.82,,Netherlands
554273,22423,REGENCY CAKESTAND 3 TIER,4,2025-03-13 20:57:28,11.48,12668.0,United Kingdom
569894,POST,POSTAGE,8,2025-04-13 19:19:34,18.0,13436.0,Germany
560597,22423,REGENCY CAKESTAND 3 TIER,18,2025-04-24 20:05:25,11.48,15465.0,United Kingdom
552503,22423,REGENCY CAKESTAND 3 TIER,8,2025-12-31 13:06:05,12.75,17758.0,United Kingdom
546171,85099B,JUMBO BAG RED RETROSPOT,6,2025-10-11 20:55:27,1.87,12960.0,Netherlands
541732,85123A,WHITE HANGING HEART T-LIGHT HOLDER,2,2025-04-27 21:58:02,2.55,12256.0,United Kingdom
540785,21977,PACK OF 60 PINK PAISLEY CAKE CASES,8,2025-12-21 06:43:51,0.61,15169.0,Netherlands
538444,21977,PACK OF 60 PINK PAISLEY CAKE CASES,5,2025-07-02 10:12:19,0.61,17945.0,United Kingdom
567002,POST,POSTAGE,4,2025-07-02 14:49:22,18.0,15315.0,Germany
536539,22423,REGENCY CAKESTAND 3 TIER,3,2025-06-08 20:37:20,12.75,17546.0,Netherlands
565367,85123A,WHITE HANGING HEART T-LIGHT HOLDER,13,2025-02-22 09:21:01,2.55,15853.0,United Kingdom
555839,85099B,JUMBO BAG RED RETROSPOT,14,2025-12-08 06:14:37,1.87,12189.0,Netherlands
C557026,85123A,WHITE HANGING HEART T-LIGHT HOLDER,-15,2025-01-06 07:41:54,2.55,14564.0,Germany
568594,POST,POSTAGE,2,2025-03-05 19:11:25,18.0,16620.0,France
562744,20725,LUNCH BAG RED RETROSPOT,18,2025-03-25 12:28:59,1.48,,United Kingdom
541002,20725,LUNCH BAG RED RETROSPOT,10,2025-04-12 06:07:06,1.65,13168.0,United Kingdom
568939,20725,LUNCH BAG RED RETROSPOT,11,2025-02-18 17:09:40,1.65,13085.0,France
541986,22423,REGENCY CAKESTAND 3 TIER,17,2025-01-07 15:50:24,12.75,15981.0,United Kingdom
555354,85123A,WHITE HANGING HEART T-LIGHT HOLDER,6,2025-09-05 12:26:39,2.8,14778.0,United Kingdom
557781,85099B,JUMBO BAG RED RETROSPOT,10,2025-12-20 14:52:22,2.08,15444.0,United Kingdom
544302,20725,LUNCH BAG RED RETROSPOT,2,2025-02-14 05:31:55,1.82,14238.0,Spain
557429,22423,REGENCY CAKESTAND 3 TIER,10,2025-04-19 04:22:57,12.75,,United Kingdom
557719,85123A,WHITE HANGING HEART T-LIGHT HOLDER,6,2025-07-04 19:22:47,2.55,15996.0,France
569315,21977,PACK OF 60 PINK PAISLEY CAKE CASES,4,2025-12-05 16:19:19,0.5,12046.0,Netherlands
567096,85123A,WHITE HANGING HEART T-LIGHT HOLDER,12,2025-09-11 23:28:00,2.3,14608.0,United Kingdom
549589,21977,PACK OF 60 PINK PAISLEY CAKE CASES,3,2025-10-07 22:32:05,0.55,14224.0,United Kingdom
559465,85123A,WHITE HANGING HEART T-LIGHT HOLDER,19,2025-08-01 08:42:32,2.8,16676.0,France
563911,85099B,JUMBO BAG RED RETROSPOT,5,2025-06-02 11:06:03,2.08,16370.0,United Kingdom
536892,85099B,JUMBO BAG RED RETROSPOT,2,2025-03-14 20:22:55,2.08,14555.0,Germany
559284,POST,POSTAGE,9,2025-11-12 00:04:48,19.8,13576.0,France
567182,20725,LUNCH BAG RED RETROSPOT,8,2025-10-21 20:43:57,1.65,13414.0,Germany
540088,85123A,WHITE HANGING HEART T-LIGHT HOLDER,13,2025-01-10 04:01:34,2.8,13267.0,United Kingdom
561624,20725,LUNCH BAG RED RETROSPOT,13,2025-09-19 06:15:09,1.48,13642.0,France
538052,20725,LUNCH BAG RED RETROSPOT,12,2025-01-31 11:33:54,1.48,,Germany
549662,21977,PACK OF 60 PINK PAISLEY CAKE CASES,11,2025-09-27 16:55:38,0.5,12271.0,United Kingdom
563862,POST,POSTAGE,15,2025-10-29 08:29:35,16.2,12156.0,Germany
569574,20725,LUNCH BAG RED RETROSPOT,13,2025-02-17 22:31:19,1.65,15239.0,Spain
560744,85123A,WHITE HANGING HEART T-LIGHT HOLDER,3,2025-06-08 18:47:15,2.3,13340.0,Germany
560537,85099B,JUMBO BAG RED RETROSPOT,9,2025-02-15 17:45:23,2.08,16985.0,United Kingdom
544811,85099B,JUMBO BAG RED RETROSPOT,14,2025-07-27 18:32:27,2.08,16513.0,United Kingdom
564064,85099B,JUMBO BAG RED RETROSPOT,6,2025-12-05 00:43:13,1.87,16614.0,United Kingdom
558402,POST,POSTAGE,17,2025-01-30 19:45:01,16.2,14742.0,United Kingdom
568067,21977,PACK OF 60 PINK PAISLEY CAKE CASES,10,2025-05-26 14:30:30,0.5,14626.0,United Kingdom
556497,22423,REGENCY CAKESTAND 3 TIER,7,2025-12-22 04:28:09,11.48,14553.0,Netherlands
537345,POST,POSTAGE,8,2025-04-20 18:40:58,18.0,13176.0,United Kingdom
553372,20725,LUNCH BAG RED RETROSPOT,12,2025-02-18 02:32:11,1.82,15403.0,EIRE
562330,22423,REGENCY CAKESTAND 3 TIER,14,2025-06-28 14:50:07,12.75,17180.0,United Kingdom
562789,POST,POSTAGE,5,2025-07-05 13:39:47,18.0,13539.0,United Kingdom
549135,85099B,JUMBO BAG RED RETROSPOT,4,2025-08-30 00:41:23,2.08,,United Kingdom
541814,85099B,JUMBO BAG RED RETROSPOT,2,2025-04-25 08:59:36,1.87,15388.0,United Kingdom
565548,85099B,JUMBO BAG RED RETROSPOT,10,2025-12-15 02:53:02,1.87,14395.0,EIRE
563987,POST,POSTAGE,18,2025-07-10 22:43:04,18.0,,Netherlands
565882,22423,REGENCY CAKESTAND 3 TIER,19,2025-04-15 19:14:20,14.02,17139.0,Spain
558800,22423,REGENCY CAKESTAND 3 TIER,11,2025-12-17 23:54:10,11.48,17703.0,United Kingdom
564173,21977,PACK OF 60 PINK PAISLEY CAKE CASES,11,2025-12-04 11:42:47,0.61,14359.0,EIRE
549695,POST,POSTAGE,10,2025-07-02 07:53:25,18.0,17410.0,United Kingdom
562492,85123A,WHITE HANGING HEART T-LIGHT HOLDER,5,2025-01-10 22:59:29,2.55,12707.0,Netherlands
552600,85123A,WHITE HANGING HEART T-LIGHT HOLDER,8,2025-08-06 07:21:46,2.55,14236.0,United Kingdom
563005,POST,POSTAGE,18,2025-07-22 09:57:34,18.0,13595.0,United Kingdom
540974,20725,LUNCH BAG RED RETROSPOT,12,2025-02-24 03:12:32,1.65,17538.0,United Kingdom
546082,85099B,JUMBO BAG RED RETROSPOT,5,2025-08-20 19:43:15,2.29,15600.0,United Kingdom
543289,85099B,JUMBO BAG RED RETROSPOT,2,2025-11-03 02:52:29,2.08,14195.0,United Kingdom
549821,85099B,JUMBO BAG RED RETROSPOT,15,2025-02-08 00:51:06,1.87,12912.0,Netherlands
563693,21977,PACK OF 60 PINK PAISLEY CAKE CASES,18,2025-09-22 19:59:53,0.55,16697.0,EIRE
539911,21977,PACK OF 60 PINK PAISLEY CAKE CASES,3,2025-02-21 20:11:03,0.61,15929.0,Netherlands
560837,20725,LUNCH BAG RED RETROSPOT,8,2025-10-01 20:29:17,1.48,,United Kingdom
564240,85123A,WHITE HANGING HEART T-LIGHT HOLDER,17,2025-06-02 20:37:02,2.55,14628.0,Germany
558818,20725,LUNCH BAG RED RETROSPOT,5,2025-01-03 03:24:07,1.65,12899.0,United Kingdom
C557964,85123A,WHITE HANGING HEART T-LIGHT HOLDER,-4,2025-12-19 08:41:23,2.55,14006.0,United Kingdom
540706,POST,POSTAGE,8,2025-03-02 18:21:53,19.8,15720.0,United Kingdom
556832,85123A,WHITE HANGING HEART T-LIGHT HOLDER,8,2025-08-06 07:25:36,2.55,13445.0,United Kingdom
543698,85123A,WHITE HANGING HEART T-LIGHT HOLDER,10,2025-03-08 18:40:46,2.3,12424.0,Germany
544366,85123A,WHITE HANGING HEART T-LIGHT HOLDER,19,2025-12-07 21:50:16,2.3,16939.0,United Kingdom
565290,22423,REGENCY CAKESTAND 3 TIER,19,2025-09-27 23:04:13,12.75,15183.0,United Kingdom
556911,85099B,JUMBO BAG RED RETROSPOT,12,2025-10-21 18:39:53,2.29,14380.0,Germany
569776,21977,PACK OF 60 PINK PAISLEY CAKE CASES,2,2025-06-07 19:08:02,0.55,15317.0,United Kingdom
551454,POST,POSTAGE,6,2025-06-20 14:21:02,18.0,16430.0,Netherlands
548164,85099B,JUMBO BAG RED RETROSPOT,4,2025-08-20 01:52:26,1.87,12008.0,United Kingdom
569839,85099B,JUMBO BAG RED RETROSPOT,1,2025-10-14 10:28:20,1.87,,EIRE
557165,22423,REGENCY CAKESTAND 3 TIER,8,2025-11-06 22:52:47,14.02,13525.0,Germany
565344,20725,LUNCH BAG RED RETROSPOT,1,2025-01-07 21:53:24,1.65,12551.0,France
537512,85123A,WHITE HANGING HEART T-LIGHT HOLDER,11,2025-08-31 05:43:37,2.55,12215.0,France
553883,22423,REGENCY CAKESTAND 3 TIER,6,2025-02-09 17:55:59,14.02,14643.0,Spain
563775,85123A,WHITE HANGING HEART T-LIGHT HOLDER,14,2025-04-16 07:22:11,2.3,15263.0,Germany
563487,85123A,WHITE HANGING HEART T-LIGHT HOLDER,11,2025-10-30 10:00:14,2.8,,United Kingdom
560310,21977,PACK OF 60 PINK PAISLEY CAKE CASES,19,2025-04-02 15:34:32,0.55,16697.0,United Kingdom
541593,85123A,WHITE HANGING HEART T-LIGHT HOLDER,10,2025-10-18 11:55:16,2.55,14747.0,Germany
554592,85123A,WHITE HANGING HEART T-LIGHT HOLDER,3,2025-06-18 14:30:15,2.55,15539.0,United Kingdom
539447,20725,LUNCH BAG RED RETROSPOT,18,2025-03-26 02:21:44,1.48,16897.0,United Kingdom
563265,85123A,WHITE HANGING HEART T-LIGHT HOLDER,6,2025-05-02 07:07:13,2.8,15943.0,United Kingdom
557442,21977,PACK OF 60 PINK PAISLEY CAKE CASES,15,2025-07-13 19:27:28,0.55,,United Kingdom
542590,85099B,JUMBO BAG RED RETROSPOT,15,2025-10-07 14:51:55,1.87,13329.0,United Kingdom
560710,POST,POSTAGE,18,2025-08-10 20:12:03,16.2,16720.0,Germany
560457,20725,LUNCH BAG RED RETROSPOT,13,2025-12-07 23:10:09,1.82,16180.0,EIRE
537803,85123A,WHITE HANGING HEART T-LIGHT HOLDER,10,2025-11-13 08:32:07,2.8,15496.0,EIRE
C539032,POST,POSTAGE,-8,2025-10-02 06:20:40,18.0,12022.0,United Kingdom
542832,85099B,JUMBO BAG RED RETROSPOT,9,2025-08-09 07:25:54,2.29,15248.0,United Kingdom
538383,22423,REGENCY CAKESTAND 3 TIER,15,2025-04-16 13:44:01,12.75,17150.0,Germany
554267,21977,PACK OF 60 PINK PAISLEY CAKE CASES,11,2025-05-31 06:03:13,0.61,15867.0,United Kingdom
565917,20725,LUNCH BAG RED RETROSPOT,1,2025-02-13 09:22:02,1.48,12030.0,Germany
538135,22423,REGENCY CAKESTAND 3 TIER,8,2025-05-17 04:09:46,11.48,13726.0,United Kingdom
556894,85099B,JUMBO BAG RED RETROSPOT,18,2025-12-05 09:15:21,2.08,15416.0,Netherlands
550417,85123A,WHITE HANGING HEART T-LIGHT HOLDER,5,2025-06-05 22:44:48,2.8,16871.0,United Kingdom
564434,21977,PACK OF 60 PINK PAISLEY CAKE CASES,9,2025-02-11 10:10:24,0.55,14669.0,EIRE
552390,POST,POSTAGE,16,2025-08-26 18:13:00,19.8,,Germany
558735,85099B,JUMBO BAG RED RETROSPOT,6,2025-12-18 10:19:49,2.08,16775.0,United Kingdom
567341,POST,POSTAGE,13,2025-11-13 10:24:06,18.0,13603.0,France
540629,85123A,WHITE HANGING HEART T-LIGHT HOLDER,15,2025-04-11 15:48:10,2.55,13169.0,United Kingdom
546733,20725,LUNCH BAG RED RETROSPOT,7,2025-06-15 02:38:38,1.82,17416.0,EIRE
545170,POST,POSTAGE,18,2025-07-13 08:31:33,18.0,15535.0,Germany
541734,21977,PACK OF 60 PINK PAISLEY CAKE CASES,9,2025-04-01 03:20:47,0.55,17092.0,United Kingdom
558028,85123A,WHITE HANGING HEART T-LIGHT HOLDER,6,2025-04-09 04:46:32,2.3,,United Kingdom
536255,22423,REGENCY CAKESTAND 3 TIER,5,2025-03-28 17:02:05,12.75,14546.0,France
549122,85123A,WHITE HANGING HEART T-LIGHT HOLDER,6,2025-12-30 04:11:27,2.3,12274.0,United Kingdom
540134,21977,PACK OF 60 PINK PAISLEY CAKE CASES,11,2025-09-30 04:52:26,0.5,17454.0,Spain
556918,POST,POSTAGE,5,2025-11-03 13:44:48,18.0,15501.0,France
561529,85099B,JUMBO BAG RED RETROSPOT,7,2025-10-26 08:20:56,1.87,12722.0,France
551873,85123A,WHITE HANGING HEART T-LIGHT HOLDER,14,2025-12-17 02:56:33,2.55,15178.0,United Kingdom
551127,22423,REGENCY CAKESTAND 3 TIER,17,2025-02-08 22:58:05,11.48,12167.0,France
551291,21977,PACK OF 60 PINK PAISLEY CAKE CASES,13,2025-11-18 22:09:29,0.5,,Netherlands
542756,21977,PACK OF 60 PINK PAISLEY CAKE CASES,11,2025-01-25 13:56:55,0.55,14087.0,United Kingdom
548769,22423,REGENCY CAKESTAND 3 TIER,14,2025-06-23 12:35:48,11.48,14726.0,United Kingdom
567722,20725,LUNCH BAG RED RETROSPOT,8,2025-08-05 19:24:01,1.65,15392.0,United Kingdom
537399,85123A,WHITE HANGING HEART T-LIGHT HOLDER,6,2025-05-11 23:22:22,2.3,17036.0,United Kingdom
562776,21977,PACK OF 60 PINK PAISLEY CAKE CASES,15,2025-02-23 02:29:35,0.5,14108.0,France
541600,85099B,JUMBO BAG RED RETROSPOT,3,2025-03-12 02:20:32,1.87,,United Kingdom
539888,85123A,WHITE HANGING HEART T-LIGHT HOLDER,18,2025-10-29 07:55:45,2.3,17652.0,Germany
545710,21977,PACK OF 60 PINK PAISLEY CAKE CASES,9,2025-04-27 07:18:30,0.5,16491.0,United Kingdom
545144,21977,PACK OF 60 PINK PAISLEY CAKE CASES,16,2025-04-24 21:29:40,0.55,13528.0,United Kingdom
546750,85099B,JUMBO BAG RED RETROSPOT,2,2025-12-04 12:11:50,1.87,16066.0,United Kingdom
564881,20725,LUNCH BAG RED RETROSPOT,10,2025-02-22 19:27:04,1.82,13687.0,Spain
566758,85099B,JUMBO BAG RED RETROSPOT,9,2025-12-01 16:00:54,2.08,14867.0,Germany
559542,22423,REGENCY CAKESTAND 3 TIER,7,2025-12-03 17:21:46,12.75,15808.0,United Kingdom
540970,POST,POSTAGE,10,2025-08-07 22:57:29,19.8,13759.0,EIRE
568148,POST,POSTAGE,13,2025-03-02 14:05:51,19.8,,United Kingdom
564814,85123A,WHITE HANGING HEART T-LIGHT HOLDER,18,2025-02-26 18:37:58,2.55,17022.0,United Kingdom
538592,POST,POSTAGE,16,2025-04-14 06:27:16,19.8,16365.0,United Kingdom
549168,20725,LUNCH BAG RED RETROSPOT,5,2025-07-30 06:13:57,1.65,12738.0,Netherlands
562363,85123A,WHITE HANGING HEART T-LIGHT HOLDER,19,2025-02-26 14:03:05,2.55,14264.0,France
539031,85099B,JUMBO BAG RED RETROSPOT,10,2025-06-16 21:38:20,2.29,13570.0,Germany
538597,85123A,WHITE HANGING HEART T-LIGHT HOLDER,9,2025-02-12 01:13:05,2.55,17866.0,United Kingdom
556603,21977,PACK OF 60 PINK PAISLEY CAKE CASES,1,2025-07-17 12:01:30,0.55,17650.0,United Kingdom
547446,POST,POSTAGE,13,2025-01-08 04:51:18,18.0,16148.0,Germany
551015,85099B,JUMBO BAG RED RETROSPOT,17,2025-09-16 21:13:34,2.08,14644.0,United Kingdom
561522,85099B,JUMBO BAG RED RETROSPOT,6,2025-01-21 12:26:18,2.29,12313.0,Netherlands
554524,22423,REGENCY CAKESTAND 3 TIER,17,2025-03-13 01:00:44,12.75,13481.0,France
C560174,21977,PACK OF 60 PINK PAISLEY CAKE CASES,-2,2025-03-05 00:02:50,0.55,12555.0,United Kingdom
540285,20725,LUNCH BAG RED RETROSPOT,19,2025-10-31 15:21:08,1.48,16736.0,France
536072,85123A,WHITE HANGING HEART T-LIGHT HOLDER,5,2025-01-20 05:34:24,2.8,12529.0,Netherlands
544556,21977,PACK OF 60 PINK PAISLEY CAKE CASES,10,2025-06-06 00:59:22,0.55,16065.0,United Kingdom
542866,85099B,JUMBO BAG RED RETROSPOT,1,2025-08-04 03:39:14,2.08,17715.0,Germany
547016,20725,LUNCH BAG RED RETROSPOT,18,2025-07-08 03:42:18,1.82,13847.0,Netherlands
562471,20725,LUNCH BAG RED RETROSPOT,10,2025-09-06 08:17:32,1.48,16104.0,United Kingdom
541167,21977,PACK OF 60 PINK PAISLEY CAKE CASES,19,2025-10-21 17:14:01,0.5,17274.0,Spain
540289,85099B,JUMBO BAG RED RETROSPOT,8,2025-05-24 20:36:01,2.08,14565.0,United Kingdom
542825,21977,PACK OF 60 PINK PAISLEY CAKE CASES,2,2025-10-30 12:46:21,0.61,14693.0,Germany
547096,21977,PACK OF 60 PINK PAISLEY CAKE CASES,13,2025-04-27 22:44:17,0.61,,EIRE
542707,21977,PACK OF 60 PINK PAISLEY CAKE CASES,4,2025-12-26 18:59:24,0.61,14565.0,Germany
542252,21977,PACK OF 60 PINK PAISLEY CAKE CASES,12,2025-07-04 03:57:41,0.61,17241.0,United Kingdom
555706,20725,LUNCH BAG RED RETROSPOT,1,2025-09-26 17:39:05,1.65,15980.0,Germany
539789,22423,REGENCY CAKESTAND 3 TIER,4,2025-11-16 05:32:44,14.02,,United Kingdom
C541234,85123A,WHITE HANGING HEART T-LIGHT HOLDER,-13,2025-10-17 23:07:09,2.55,15159.0,United Kingdom
564445,POST,POSTAGE,13,2025-11-07 20:19:30,18.0,16240.0,United Kingdom
536619,85123A,WHITE HANGING HEART T-LIGHT HOLDER,3,2025-07-15 01:32:38,2.3,12464.0,Germany
538085,POST,POSTAGE,4,2025-01-16 04:08:39,18.0,16579.0,United Kingdom
538361,21977,PACK OF 60 PINK PAISLEY CAKE CASES,17,2025-06-29 10:35:37,0.55,13207.0,United Kingdom
554225,POST,POSTAGE,1,2025-03-08 17:47:29,19.8,13767.0,Spain
559622,21977,PACK OF 60 PINK PAISLEY CAKE CASES,5,2025-11-21 13:15:14,0.55,14498.0,United Kingdom
559550,20725,LUNCH BAG RED RETROSPOT,19,2025-03-28 02:03:05,1.48,15029.0,United Kingdom
559462,20725,LUNCH BAG RED RETROSPOT,11,2025-03-25 15:05:00,1.65,17496.0,United Kingdom
537958,85099B,JUMBO BAG RED RETROSPOT,1,2025-04-02 15:33:33,1.87,13337.0,United Kingdom
547714,85099B,JUMBO BAG RED RETROSPOT,17,2025-08-23 22:18:49,1.87,13535.0,France
557536,85123A,WHITE HANGING HEART T-LIGHT HOLDER,7,2025-07-28 06:22:36,2.55,14273.0,United Kingdom
559189,22423,REGENCY CAKESTAND 3 TIER,14,2025-12-13 00:55:02,12.75,17143.0,United Kingdom
547358,POST,POSTAGE,13,2025-06-01 17:59:22,18.0,17790.0,Netherlands
564789,22423,REGENCY CAKESTAND 3 TIER,7,2025-04-14 16:51:51,11.48,14726.0,EIRE
564340,20725,LUNCH BAG RED RETROSPOT,8,2025-01-18 12:27:53,1.65,16158.0,France
562031,85099B,JUMBO BAG RED RETROSPOT,11,2025-01-03 16:36:34,1.87,17503.0,Spain
563120,22423,REGENCY CAKESTAND 3 TIER,8,2025-05-17 04:17:36,14.02,17079.0,Spain
569155,POST,POSTAGE,4,2025-12-04 03:00:54,16.2,16087.0,United Kingdom
562992,85123A,WHITE HANGING HEART T-LIGHT HOLDER,14,2025-07-11 09:39:12,2.3,15243.0,Germany
555905,21977,PACK OF 60 PINK PAISLEY CAKE CASES,13,2025-11-23 21:27:33,0.55,17906.0,Germany
549554,85099B,JUMBO BAG RED RETROSPOT,12,2025-02-07 12:20:40,2.29,13434.0,United Kingdom
548308,85123A,WHITE HANGING HEART T-LIGHT HOLDER,15,2025-02-04 15:20:31,2.8,14176.0,United Kingdom
563966,85123A,WHITE HANGING HEART T-LIGHT HOLDER,10,2025-11-01 23:54:12,2.55,16277.0,United Kingdom
546060,21977,PACK OF 60 PINK PAISLEY CAKE CASES,18,2025-02-08 07:15:54,0.5,12125.0,Germany
557419,85123A,WHITE HANGING HEART T-LIGHT HOLDER,17,2025-01-19 11:31:43,2.8,15003.0,EIRE
553092,20725,LUNCH BAG RED RETROSPOT,19,2025-05-28 16:27:27,1.48,17126.0,France
548875,21977,PACK OF 60 PINK PAISLEY CAKE CASES,3,2025-12-04 03:37:47,0.55,13061.0,United Kingdom
551327,85123A,WHITE HANGING HEART T-LIGHT HOLDER,2,2025-09-09 09:38:52,2.8,16818.0,United Kingdom
538742,22423,REGENCY CAKESTAND 3 TIER,9,2025-02-06 13:19:31,12.75,14474.0,United Kingdom
560121,85123A,WHITE HANGING HEART T-LIGHT HOLDER,14,2025-11-02 07:17:27,2.8,17163.0,United Kingdom
538271,20725,LUNCH BAG RED RETROSPOT,5,2025-11-04 05:17:06,1.82,15809.0,Netherlands
538509,85099B,JUMBO BAG RED RETROSPOT,3,2025-10-20 10:30:31,2.29,,Spain
544547,85123A,WHITE HANGING HEART T-LIGHT HOLDER,1,2025-11-26 21:06:34,2.55,16411.0,Netherlands
554065,21977,PACK OF 60 PINK PAISLEY CAKE CASES,11,2025-03-29 09:59:05,0.61,12336.0,Spain
546185,85099B,JUMBO BAG RED RETROSPOT,19,2025-12-24 20:01:03,1.87,13459.0,Netherlands
565928,21977,PACK OF 60 PINK PAISLEY CAKE CASES,9,2025-04-28 16:14:10,0.5,17330.0,United Kingdom
567535,85123A,WHITE HANGING HEART T-LIGHT HOLDER,14,2025-10-20 03:05:15,2.3,17255.0,United Kingdom
549371,85123A,WHITE HANGING HEART T-LIGHT HOLDER,1,2025-07-31 21:56:11,2.3,12278.0,United Kingdom
569997,85099B,JUMBO BAG RED RETROSPOT,5,2025-10-12 14:07:15,1.87,14277.0,United Kingdom
539026,21977,PACK OF 60 PINK PAISLEY CAKE CASES,13,2025-08-18 13:39:09,0.61,,United Kingdom
540884,21977,PACK OF 60 PINK PAISLEY CAKE CASES,8,2025-08-23 16:42:58,0.55,13626.0,United Kingdom
547810,22423,REGENCY CAKESTAND 3 TIER,1,2025-08-13 01:00:01,12.75,17804.0,Netherlands
568054,85123A,WHITE HANGING HEART T-LIGHT HOLDER,5,2025-10-12 06:02:23,2.55,13170.0,United Kingdom
553122,21977,PACK OF 60 PINK PAISLEY CAKE CASES,16,2025-09-27 19:04:28,0.55,15848.0,Netherlands
560022,85123A,WHITE HANGING HEART T-LIGHT HOLDER,14,2025-02-19 15:01:58,2.55,16825.0,France
558191,21977,PACK OF 60 PINK PAISLEY CAKE CASES,16,2025-10-29 09:20:44,0.5,17285.0,Germany
552952,85099B,JUMBO BAG RED RETROSPOT,7,2025-07-15 11:06:16,2.08,14124.0,France
567677,22423,REGENCY CAKESTAND 3 TIER,18,2025-04-28 14:52:15,14.02,16181.0,United Kingdom
C568459,85099B,JUMBO BAG RED RETROSPOT,-18,2025-07-07 11:34:11,1.87,14900.0,Germany
551237,85123A,WHITE HANGING HEART T-LIGHT HOLDER,7,2025-12-19 10:58:37,2.3,12644.0,United Kingdom
C560265,21977,PACK OF 60 PINK PAISLEY CAKE CASES,-4,2025-11-10 13:13:51,0.5,13336.0,Netherlands
557213,85123A,WHITE HANGING HEART T-LIGHT HOLDER,19,2025-11-01 06:45:16,2.55,16489.0,United Kingdom
556184,85099B,JUMBO BAG RED RETROSPOT,7,2025-06-18 13:40:59,2.29,16116.0,United Kingdom
539452,85099B,JUMBO BAG RED RETROSPOT,10,2025-10-14 16:36:29,2.29,15126.0,France
543123,85123A,WHITE HANGING HEART T-LIGHT HOLDER,18,2025-05-21 17:02:06,2.8,16686.0,Germany
569661,21977,PACK OF 60 PINK PAISLEY CAKE CASES,6,2025-09-08 14:53:21,0.55,16147.0,United Kingdom
544311,20725,LUNCH BAG RED RETROSPOT,17,2025-08-22 10:51:29,1.65,14036.0,Germany
558159,POST,POSTAGE,4,2025-04-02 15:43:17,18.0,13763.0,United Kingdom
566991,85123A,WHITE HANGING HEART T-LIGHT HOLDER,6,2025-04-08 17:20:35,2.55,17670.0,France
556483,85123A,WHITE HANGING HEART T-LIGHT HOLDER,8,2025-01-23 07:26:49,2.3,17831.0,United Kingdom
543311,22423,REGENCY CAKESTAND 3 TIER,10,2025-02-21 11:39:44,14.02,12183.0,United Kingdom
565228,POST,POSTAGE,5,2025-06-08 16:16:02,16.2,16744.0,United Kingdom
537098,85099B,JUMBO BAG RED RETROSPOT,17,2025-06-24 15:54:27,2.29,12797.0,United Kingdom
560585,22423,REGENCY CAKESTAND 3 TIER,13,2025-03-02 11:54:16,12.75,17167.0,United Kingdom
545051,20725,LUNCH BAG RED RETROSPOT,13,2025-06-02 06:18:52,1.65,15532.0,United Kingdom
557769,85123A,WHITE HANGING HEART T-LIGHT HOLDER,14,2025-08-09 21:50:27,2.3,16126.0,United Kingdom
552338,21977,PACK OF 60 PINK PAISLEY CAKE CASES,13,2025-03-26 13:00:03,0.55,16208.0,United Kingdom
555348,85099B,JUMBO BAG RED RETROSPOT,13,2025-05-04 12:58:46,2.29,15629.0,United Kingdom
548986,21977,PACK OF 60 PINK PAISLEY CAKE CASES,13,2025-05-15 11:13:54,0.5,,United Kingdom
553983,20725,LUNCH BAG RED RETROSPOT,14,2025-07-04 18:14:24,1.48,16843.0,France
C567817,22423,REGENCY CAKESTAND 3 TIER,-18,2025-05-14 07:15:09,12.75,15324.0,Netherlands
564097,21977,PACK OF 60 PINK PAISLEY CAKE CASES,4,2025-09-26 22:29:36,0.61,15270.0,United Kingdom
550231,85099B,JUMBO BAG RED RETROSPOT,10,2025-04-30 01:29:43,2.08,13910.0,Spain
C568003,85123A,WHITE HANGING HEART T-LIGHT HOLDER,-4,2025-06-08 00:18:00,2.3,12060.0,United Kingdom
566227,POST,POSTAGE,4,2025-05-19 12:14:40,16.2,15324.0,United Kingdom
557329,20725,LUNCH BAG RED RETROSPOT,19,2025-03-08 20:37:20,1.82,14070.0,France
556218,POST,POSTAGE,9,2025-09-08 00:14:02,16.2,,France
537211,20725,LUNCH BAG RED RETROSPOT,14,2025-03-27 16:17:32,1.65,14187.0,EIRE
553820,22423,REGENCY CAKESTAND 3 TIER,14,2025-04-19 09:21:21,14.02,17836.0,United Kingdom
543230,85099B,JUMBO BAG RED RETROSPOT,1,2025-10-17 00:31:16,2.08,16085.0,EIRE
541446,85099B,JUMBO BAG RED RETROSPOT,10,2025-12-13 08:53:44,1.87,14734.0,United Kingdom
565183,85123A,WHITE HANGING HEART T-LIGHT HOLDER,4,2025-09-02 15:31:06,2.8,16249.0,United Kingdom
545215,85099B,JUMBO BAG RED RETROSPOT,6,2025-12-01 15:12:36,2.29,15889.0,United Kingdom
556925,85099B,JUMBO BAG RED RETROSPOT,4,2025-11-08 20:22:17,2.08,15723.0,Netherlands
565483,85123A,WHITE HANGING HEART T-LIGHT HOLDER,13,2025-06-25 23:41:53,2.8,15468.0,United Kingdom
556327,20725,LUNCH BAG RED RETROSPOT,3,2025-10-09 01:18:22,1.82,17591.0,EIRE
562518,85123A,WHITE HANGING HEART T-LIGHT HOLDER,9,2025-04-30 20:35:31,2.55,13905.0,Germany
C562353,85099B,JUMBO BAG RED RETROSPOT,-6,2025-06-18 00:13:56,2.08,14594.0,France
551212,20725,LUNCH BAG RED RETROSPOT,19,2025-07-15 23:24:07,1.48,13518.0,France
567340,21977,PACK OF 60 PINK PAISLEY CAKE CASES,15,2025-12-17 18:34:25,0.55,15417.0,Spain
566906,85123A,WHITE HANGING HEART T-LIGHT HOLDER,7,2025-11-06 22:49:20,2.8,17927.0,United Kingdom
547482,21977,PACK OF 60 PINK PAISLEY CAKE CASES,6,2025-06-28 01:37:34,0.55,15650.0,United Kingdom
563852,20725,LUNCH BAG RED RETROSPOT,14,2025-08-27 01:46:43,1.65,13241.0,Germany
542223,20725,LUNCH BAG RED RETROSPOT,12,2025-03-15 23:39:10,1.65,17529.0,United Kingdom
539810,22423,REGENCY CAKESTAND 3 TIER,11,2025-10-21 06:46:00,12.75,16741.0,United Kingdom
554020,85123A,WHITE HANGING HEART T-LIGHT HOLDER,2,2025-07-21 09:09:25,2.3,14640.0,United Kingdom
556601,21977,PACK OF 60 PINK PAISLEY CAKE CASES,2,2025-07-14 07:07:39,0.55,12879.0,United Kingdom
555840,22423,REGENCY CAKESTAND 3 TIER,13,2025-10-07 03:45:46,14.02,14415.0,United Kingdom
563160,20725,LUNCH BAG RED RETROSPOT,9,2025-08-20 01:42:16,1.48,16826.0,United Kingdom
549291,21977,PACK OF 60 PINK PAISLEY CAKE CASES,16,2025-01-27 03:14:55,0.5,15462.0,Netherlands
563483,20725,LUNCH BAG RED RETROSPOT,1,2025-04-16 20:19:10,1.65,13114.0,United Kingdom
566671,POST,POSTAGE,4,2025-03-06 00:38:51,18.0,12951.0,Netherlands
539105,21977,PACK OF 60 PINK PAISLEY CAKE CASES,16,2025-09-26 21:29:16,0.61,17802.0,Netherlands
551273,POST,POSTAGE,19,2025-01-13 05:16:55,18.0,14683.0,United Kingdom
543636,21977,PACK OF 60 PINK PAISLEY CAKE CASES,14,2025-03-15 14:31:09,0.55,16115.0,France
558320,85123A,WHITE HANGING HEART T-LIGHT HOLDER,1,2025-08-07 06:10:39,2.3,14163.0,Germany
550043,20725,LUNCH BAG RED RETROSPOT,1,2025-09-11 21:23:01,1.82,12540.0,France
545574,21977,PACK OF 60 PINK PAISLEY CAKE CASES,17,2025-07-03 00:58:11,0.55,14471.0,United Kingdom
544555,POST,POSTAGE,10,2025-11-11 17:08:41,18.0,,United Kingdom
548061,22423,REGENCY CAKESTAND 3 TIER,10,2025-12-02 22:25:46,12.75,14000.0,United Kingdom
539703,22423,REGENCY CAKESTAND 3 TIER,19,2025-02-18 10:34:23,14.02,15621.0,Germany
539555,20725,LUNCH BAG RED RETROSPOT,5,2025-12-14 10:49:05,1.82,14628.0,Netherlands
557379,85123A,WHITE HANGING HEART T-LIGHT HOLDER,6,2025-08-13 03:35:48,2.8,14025.0,France
568054,21977,PACK OF 60 PINK PAISLEY CAKE CASES,14,2025-08-21 21:05:11,0.5,13530.0,France
553254,85099B,JUMBO BAG RED RETROSPOT,18,2025-02-04 23:00:14,1.87,13564.0,Netherlands
567530,85123A,WHITE HANGING HEART T-LIGHT HOLDER,7,2025-08-15 11:54:59,2.8,13534.0,France
541269,85123A,WHITE HANGING HEART T-LIGHT HOLDER,3,2025-09-22 16:36:52,2.8,16312.0,United Kingdom
569090,20725,LUNCH BAG RED RETROSPOT,2,2025-07-31 18:11:33,1.65,14023.0,Spain
555936,85123A,WHITE HANGING HEART T-LIGHT HOLDER,1,2025-01-31 08:30:01,2.8,16448.0,United Kingdom
561286,20725,LUNCH BAG RED RETROSPOT,8,2025-07-10 00:05:37,1.65,13866.0,United Kingdom
538108,20725,LUNCH BAG RED RETROSPOT,11,2025-12-08 03:05:11,1.65,13963.0,United Kingdom
556538,21977,PACK OF 60 PINK PAISLEY CAKE CASES,10,2025-09-22 21:31:27,0.5,17545.0,Netherlands
549023,85099B,JUMBO BAG RED RETROSPOT,5,2025-02-20 19:10:30,2.29,17257.0,United Kingdom
566548,85123A,WHITE HANGING HEART T-LIGHT HOLDER,13,2025-12-17 02:16:38,2.55,14404.0,United Kingdom
562945,20725,LUNCH BAG RED RETROSPOT,17,2025-12-16 19:14:54,1.48,13612.0,United Kingdom
565383,85123A,WHITE HANGING HEART T-LIGHT HOLDER,5,2025-03-03 21:11:46,2.8,16293.0,United Kingdom
566261,22423,REGENCY CAKESTAND 3 TIER,13,2025-10-20 13:01:55,11.48,12419.0,United Kingdom
560502,POST,POSTAGE,11,2025-05-29 10:49:50,19.8,14738.0,France
544337,22423,REGENCY CAKESTAND 3 TIER,14,2025-08-05 23:59:56,11.48,15599.0,Spain
545618,22423,REGENCY CAKESTAND 3 TIER,1,2025-06-12 20:55:37,14.02,16054.0,United Kingdom
565223,POST,POSTAGE,13,2025-10-13 09:16:26,18.0,12642.0,United Kingdom
556453,85123A,WHITE HANGING HEART T-LIGHT HOLDER,15,2025-12-30 11:26:44,2.3,12017.0,United Kingdom
566319,85123A,WHITE HANGING HEART T-LIGHT HOLDER,13,2025-10-18 22:36:34,2.3,13659.0,United Kingdom
563031,85099B,JUMBO BAG RED RETROSPOT,16,2025-12-06 22:06:58,2.08,,Germany
556633,20725,LUNCH BAG RED RETROSPOT,15,2025-12-12 15:07:34,1.48,15043.0,France
541183,POST,POSTAGE,19,2025-02-02 15:33:47,18.0,17517.0,Germany
569394,20725,LUNCH BAG RED RETROSPOT,13,2025-04-03 17:40:26,1.82,13718.0,United Kingdom
544262,POST,POSTAGE,9,2025-09-21 06:56:00,19.8,14722.0,Germany
544369,85123A,WHITE HANGING HEART T-LIGHT HOLDER,16,2025-08-04 22:00:35,2.55,13289.0,United Kingdom
540966,21977,PACK OF 60 PINK PAISLEY CAKE CASES,14,2025-01-19 07:03:27,0.55,12263.0,United Kingdom
538345,85123A,WHITE HANGING HEART T-LIGHT HOLDER,11,2025-02-04 19:56:51,2.8,16219.0,Netherlands
548751,POST,POSTAGE,11,2025-07-09 19:40:58,18.0,13538.0,France
564677,POST,POSTAGE,7,2025-08-13 06:55:40,16.2,15281.0,Netherlands
565437,22423,REGENCY CAKESTAND 3 TIER,12,2025-03-03 19:22:58,14.02,16098.0,Netherlands
552691,20725,LUNCH BAG RED RETROSPOT,9,2025-03-04 20:48:49,1.48,17038.0,Germany
546698,21977,PACK OF 60 PINK PAISLEY CAKE CASES,3,2025-02-17 11:55:06,0.55,13113.0,Netherlands
547779,85123A,WHITE HANGING HEART T-LIGHT HOLDER,9,2025-07-26 12:57:10,2.8,15487.0,United Kingdom
567242,21977,PACK OF 60 PINK PAISLEY CAKE CASES,19,2025-01-03 12:13:30,0.55,17464.0,United Kingdom
537877,POST,POSTAGE,7,2025-07-28 01:04:33,18.0,14900.0,United Kingdom
537953,22423,REGENCY CAKESTAND 3 TIER,13,2025-06-23 12:58:23,12.75,12243.0,United Kingdom
538197,85123A,WHITE HANGING HEART T-LIGHT HOLDER,8,2025-06-20 16:10:17,2.55,13567.0,United Kingdom
566189,POST,POSTAGE,6,2025-09-05 13:28:09,18.0,16768.0,United Kingdom
539084,85099B,JUMBO BAG RED RETROSPOT,8,2025-07-10 11:59:33,2.29,16752.0,France
568012,85099B,JUMBO BAG RED RETROSPOT,19,2025-09-23 12:01:52,2.29,13886.0,EIRE
542243,20725,LUNCH BAG RED RETROSPOT,3,2025-10-06 12:52:44,1.65,13181.0,Germany
554643,21977,PACK OF 60 PINK PAISLEY CAKE CASES,13,2025-12-02 22:17:55,0.5,13750.0,United Kingdom
568993,22423,REGENCY CAKESTAND 3 TIER,16,2025-10-19 09:52:35,12.75,13453.0,France
539939,85123A,WHITE HANGING HEART T-LIGHT HOLDER,4,2025-07-08 05:23:03,2.8,16445.0,United Kingdom
545567,20725,LUNCH BAG RED RETROSPOT,15,2025-06-29 01:32:16,1.65,17049.0,United Kingdom
560737,85099B,JUMBO BAG RED RETROSPOT,13,2025-03-28 20:53:56,2.08,,United Kingdom
563779,21977,PACK OF 60 PINK PAISLEY CAKE CASES,7,2025-08-07 04:19:30,0.5,16447.0,United Kingdom
566849,20725,LUNCH BAG RED RETROSPOT,4,2025-02-20 10:00:35,1.65,16514.0,United Kingdom
536660,85123A,WHITE HANGING HEART T-LIGHT HOLDER,18,2025-12-06 18:09:17,2.55,15677.0,EIRE
562418,20725,LUNCH BAG RED RETROSPOT,4,2025-11-05 04:17:07,1.65,,France
546941,20725,LUNCH BAG RED RETROSPOT,19,2025-02-13 05:37:17,1.65,12233.0,France
554962,POST,POSTAGE,13,2025-10-14 15:14:49,18.0,16198.0,United Kingdom
566810,22423,REGENCY CAKESTAND 3 TIER,17,2025-02-12 15:03:55,11.48,12763.0,EIRE
566675,22423,REGENCY CAKESTAND 3 TIER,6,2025-09-21 05:50:28,14.02,17382.0,France
542291,21977,PACK OF 60 PINK PAISLEY CAKE CASES,1,2025-02-02 13:00:16,0.55,14999.0,United Kingdom
552002,POST,POSTAGE,13,2025-06-28 16:53:57,19.8,12545.0,Germany
545656,POST,POSTAGE,8,2025-08-29 05:18:48,18.0,16478.0,United Kingdom
556904,85099B,JUMBO BAG RED RETROSPOT,11,2025-09-24 10:38:21,2.08,16495.0,United Kingdom
564101,85099B,JUMBO BAG RED RETROSPOT,9,2025-06-02 06:44:01,2.08,,United Kingdom
546809,85123A,WHITE HANGING HEART T-LIGHT HOLDER,7,2025-12-03 22:33:39,2.55,13862.0,United Kingdom
540127,21977,PACK OF 60 PINK PAISLEY CAKE CASES,14,2025-10-10 09:12:20,0.61,12103.0,United Kingdom
538186,20725,LUNCH BAG RED RETROSPOT,10,2025-03-18 20:32:25,1.65,17447.0,United Kingdom
537808,20725,LUNCH BAG RED RETROSPOT,13,2025-09-02 21:07:28,1.82,13105.0,United Kingdom
548458,85099B,JUMBO BAG RED RETROSPOT,13,2025-09-24 04:01:34,2.29,17056.0,Netherlands
568843,POST,POSTAGE,13,2025-05-02 22:35:28,18.0,15532.0,United Kingdom
544559,85123A,WHITE HANGING HEART T-LIGHT HOLDER,7,2025-09-27 01:10:43,2.3,16111.0,United Kingdom
549762,85099B,JUMBO BAG RED RETROSPOT,15,2025-11-24 09:16:55,2.29,16165.0,United Kingdom
558949,21977,PACK OF 60 PINK PAISLEY CAKE CASES,5,2025-10-26 03:48:56,0.61,17148.0,Spain
558367,85099B,JUMBO BAG RED RETROSPOT,19,2025-10-06 01:06:27,2.29,12200.0,Germany
545181,20725,LUNCH BAG RED RETROSPOT,16,2025-08-20 13:14:51,1.82,,Netherlands
540321,21977,PACK OF 60 PINK PAISLEY CAKE CASES,11,2025-04-09 14:25:17,0.5,12259.0,United Kingdom
541322,85123A,WHITE HANGING HEART T-LIGHT HOLDER,4,2025-10-18 13:58:02,2.8,17994.0,United Kingdom
543486,85123A,WHITE HANGING HEART T-LIGHT HOLDER,18,2025-05-13 10:01:18,2.3,13567.0,Germany
538929,85099B,JUMBO BAG RED RETROSPOT,11,2025-07-14 18:53:02,1.87,17075.0,United Kingdom
551639,21977,PACK OF 60 PINK PAISLEY CAKE CASES,16,2025-04-25 11:48:56,0.5,12501.0,EIRE
557956,85099B,JUMBO BAG RED RETROSPOT,1,2025-04-25 12:50:25,1.87,14765.0,Spain
558955,85099B,JUMBO BAG RED RETROSPOT,7,2025-02-27 10:36:24,1.87,15251.0,United Kingdom
566906,85123A,WHITE HANGING HEART T-LIGHT HOLDER,6,2025-12-17 04:58:24,2.3,17725.0,Netherlands
545970,20725,LUNCH BAG RED RETROSPOT,16,2025-02-23 15:42:35,1.65,12742.0,Germany
558262,85099B,JUMBO BAG RED RETROSPOT,9,2025-02-01 19:53:46,2.08,12218.0,United Kingdom
566077,85099B,JUMBO BAG RED RETROSPOT,3,2025-12-08 07:18:23,2.08,15889.0,United Kingdom
536964,85099B,JUMBO BAG RED RETROSPOT,12,2025-07-22 11:07:24,1.87,12295.0,United Kingdom
C562558,22423,REGENCY CAKESTAND 3 TIER,-4,2025-06-09 21:25:23,14.02,16663.0,EIRE
538997,22423,REGENCY CAKESTAND 3 TIER,9,2025-09-27 04:57:28,12.75,12229.0,United Kingdom
554752,85123A,WHITE HANGING HEART T-LIGHT HOLDER,19,2025-05-20 10:06:35,2.55,17823.0,United Kingdom
564245,20725,LUNCH BAG RED RETROSPOT,9,2025-02-16 06:28:07,1.48,15196.0,Germany
551613,22423,REGENCY CAKESTAND 3 TIER,9,2025-09-24 08:11:59,11.48,17690.0,United Kingdom
555031,22423,REGENCY CAKESTAND 3 TIER,1,2025-03-06 11:01:17,11.48,12759.0,United Kingdom
557064,POST,POSTAGE,9,2025-07-21 22:09:02,19.8,13640.0,France
555647,85099B,JUMBO BAG RED RETROSPOT,19,2025-12-13 00:18:00,1.87,14729.0,United Kingdom
560876,85099B,JUMBO BAG RED RETROSPOT,19,2025-12-08 08:35:43,2.08,12176.0,United Kingdom
565212,85099B,JUMBO BAG RED RETROSPOT,19,2025-05-12 20:46:52,2.08,12617.0,United Kingdom
540588,22423,REGENCY CAKESTAND 3 TIER,7,2025-10-12 01:59:37,11.48,13976.0,United Kingdom
550139,85123A,WHITE HANGING HEART T-LIGHT HOLDER,2,2025-08-12 12:09:20,2.55,16422.0,United Kingdom
564989,20725,LUNCH BAG RED RETROSPOT,5,2025-06-24 03:43:41,1.48,16250.0,France
548966,85099B,JUMBO BAG RED RETROSPOT,5,2025-02-21 13:25:24,1.87,12520.0,Netherlands
552639,20725,LUNCH BAG RED RETROSPOT,2,2025-05-18 17:08:35,1.65,12358.0,United Kingdom
561234,POST,POSTAGE,14,2025-08-26 15:14:42,18.0,,Netherlands
567801,85123A,WHITE HANGING HEART T-LIGHT HOLDER,10,2025-12-27 13:29:44,2.55,14158.0,Germany
544554,21977,PACK OF 60 PINK PAISLEY CAKE CASES,14,2025-01-02 17:49:28,0.5,16752.0,Germany
568488,85123A,WHITE HANGING HEART T-LIGHT HOLDER,4,2025-09-19 12:49:50,2.55,13788.0,France
560131,85099B,JUMBO BAG RED RETROSPOT,14,2025-11-05 14:42:30,2.29,14176.0,France
537044,20725,LUNCH BAG RED RETROSPOT,2,2025-12-14 01:58:04,1.82,13316.0,EIRE
565293,85123A,WHITE HANGING HEART T-LIGHT HOLDER,14,2025-06-04 00:30:40,2.3,13599.0,United Kingdom
549072,POST,POSTAGE,16,2025-02-13 03:56:16,18.0,16236.0,United Kingdom
545594,21977,PACK OF 60 PINK PAISLEY CAKE CASES,5,2025-04-09 12:57:23,0.5,14827.0,United Kingdom
553891,85099B,JUMBO BAG RED RETROSPOT,7,2025-11-07 09:30:32,2.29,15954.0,United Kingdom
555591,85123A,WHITE HANGING HEART T-LIGHT HOLDER,9,2025-11-17 08:47:08,2.55,12471.0,Germany
554346,21977,PACK OF 60 PINK PAISLEY CAKE CASES,12,2025-08-21 10:45:07,0.55,15212.0,United Kingdom
537877,85099B,JUMBO BAG RED RETROSPOT,11,2025-02-14 23:44:47,2.08,14751.0,United Kingdom
563961,85123A,WHITE HANGING HEART T-LIGHT HOLDER,2,2025-02-14 09:02:16,2.55,17464.0,United Kingdom
547619,85099B,JUMBO BAG RED RETROSPOT,8,2025-06-24 10:39:34,2.29,14540.0,United Kingdom
540797,85123A,WHITE HANGING HEART T-LIGHT HOLDER,10,2025-08-03 12:03:57,2.3,12618.0,Germany
555237,POST,POSTAGE,12,2025-01-12 18:34:52,19.8,16183.0,Germany
557164,22423,REGENCY CAKESTAND 3 TIER,13,2025-09-08 17:36:18,12.75,12898.0,United Kingdom
539519,85099B,JUMBO BAG RED RETROSPOT,13,2025-07-18 23:30:19,1.87,,United Kingdom
568048,20725,LUNCH BAG RED RETROSPOT,9,2025-01-05 15:15:24,1.65,14300.0,United Kingdom
556420,20725,LUNCH BAG RED RETROSPOT,10,2025-02-04 22:53:34,1.48,16707.0,United Kingdom
569887,POST,POSTAGE,7,2025-06-15 14:40:15,18.0,15935.0,France
558795,POST,POSTAGE,6,2025-09-21 12:55:04,18.0,14789.0,Germany
536342,85123A,WHITE HANGING HEART T-LIGHT HOLDER,6,2025-10-29 13:23:12,2.55,15504.0,United Kingdom
543085,85099B,JUMBO BAG RED RETROSPOT,9,2025-06-07 11:31:25,2.08,13096.0,United Kingdom
569067,21977,PACK OF 60 PINK PAISLEY CAKE CASES,3,2025-04-18 04:49:20,0.55,12444.0,Netherlands
555027,85123A,WHITE HANGING HEART T-LIGHT HOLDER,5,2025-12-20 08:47:31,2.8,16597.0,France
540155,20725,LUNCH BAG RED RETROSPOT,3,2025-06-17 14:30:40,1.65,17750.0,United Kingdom
538525,85123A,WHITE HANGING HEART T-LIGHT HOLDER,8,2025-04-26 14:32:49,2.3,17171.0,United Kingdom
554256,POST,POSTAGE,10,2025-06-11 03:48:10,18.0,13830.0,United Kingdom
556200,20725,LUNCH BAG RED RETROSPOT,4,2025-01-05 19:17:04,1.82,14148.0,Netherlands
C544376,21977,PACK OF 60 PINK PAISLEY CAKE CASES,-3,2025-04-21 17:06:35,0.55,14153.0,United Kingdom
542626,85099B,JUMBO BAG RED RETROSPOT,10,2025-07-08 12:36:15,1.87,16215.0,United Kingdom
556617,POST,POSTAGE,5,2025-12-02 10:51:17,19.8,,Netherlands
550808,20725,LUNCH BAG RED RETROSPOT,17,2025-09-27 13:22:57,1.65,16778.0,France
537258,20725,LUNCH BAG RED RETROSPOT,4,2025-10-13 13:57:18,1.65,17670.0,United Kingdom
537960,20725,LUNCH BAG RED RETROSPOT,10,2025-07-18 10:16:16,1.65,14354.0,United Kingdom
544103,85123A,WHITE HANGING HEART T-LIGHT HOLDER,16,2025-02-10 20:42:25,2.55,15976.0,United Kingdom
555178,85123A,WHITE HANGING HEART T-LIGHT HOLDER,2,2025-05-23 03:47:52,2.3,15002.0,Germany
546219,85123A,WHITE HANGING HEART T-LIGHT HOLDER,9,2025-12-30 08:57:15,2.55,17728.0,United Kingdom
536508,21977,PACK OF 60 PINK PAISLEY CAKE CASES,9,2025-01-17 09:32:32,0.55,14124.0,Netherlands
567130,21977,PACK OF 60 PINK PAISLEY CAKE CASES,11,2025-11-17 02:23:39,0.55,13125.0,Netherlands
559577,22423,REGENCY CAKESTAND 3 TIER,17,2025-09-07 02:08:16,11.48,14273.0,United Kingdom
555843,POST,POSTAGE,12,2025-04-14 21:23:36,19.8,15712.0,Germany
544304,85123A,WHITE HANGING HEART T-LIGHT HOLDER,8,2025-10-11 18:35:10,2.55,17720.0,United Kingdom
560079,20725,LUNCH BAG RED RETROSPOT,8,2025-11-02 08:45:34,1.82,,United Kingdom
568172,85099B,JUMBO BAG RED RETROSPOT,12,2025-01-16 06:23:10,2.29,12110.0,France
558984,85099B,JUMBO BAG RED RETROSPOT,6,2025-02-08 09:45:23,2.29,15054.0,United Kingdom
546054,85123A,WHITE HANGING HEART T-LIGHT HOLDER,14,2025-08-31 16:55:04,2.55,12954.0,United Kingdom
549337,20725,LUNCH BAG RED RETROSPOT,8,2025-12-31 07:06:16,1.82,14173.0,United Kingdom
C567590,20725,LUNCH BAG RED RETROSPOT,-2,2025-01-09 01:35:29,1.65,17663.0,United Kingdom
536476,22423,REGENCY CAKESTAND 3 TIER,11,2025-08-31 10:05:02,12.75,17908.0,United Kingdom
543523,85099B,JUMBO BAG RED RETROSPOT,5,2025-02-19 14:22:09,2.08,12922.0,France
539638,21977,PACK OF 60 PINK PAISLEY CAKE CASES,7,2025-08-26 12:30:11,0.61,12845.0,EIRE
C557801,85099B,JUMBO BAG RED RETROSPOT,-7,2025-08-16 04:08:10,2.08,16177.0,Germany
551599,21977,PACK OF 60 PINK PAISLEY CAKE CASES,3,2025-02-03 20:14:22,0.61,14465.0,EIRE
540528,85099B,JUMBO BAG RED RETROSPOT,6,2025-09-06 15:09:22,1.87,14596.0,United Kingdom
568004,20725,LUNCH BAG RED RETROSPOT,18,2025-11-24 17:17:01,1.82,17240.0,EIRE
554758,20725,LUNCH BAG RED RETROSPOT,7,2025-11-12 22:58:56,1.65,17523.0,United Kingdom
544457,85123A,WHITE HANGING HEART T-LIGHT HOLDER,14,2025-01-11 12:19:07,2.8,17402.0,United Kingdom
568159,20725,LUNCH BAG RED RETROSPOT,8,2025-03-31 13:53:37,1.82,16697.0,Netherlands
559742,22423,REGENCY CAKESTAND 3 TIER,2,2025-03-29 18:19:56,12.75,,United Kingdom
540415,POST,POSTAGE,16,2025-06-15 18:34:28,19.8,16319.0,United Kingdom
564104,21977,PACK OF 60 PINK PAISLEY CAKE CASES,18,2025-02-22 20:20:49,0.55,17309.0,United Kingdom
538006,85123A,WHITE HANGING HEART T-LIGHT HOLDER,5,2025-11-08 16:54:20,2.8,15242.0,United Kingdom
566830,20725,LUNCH BAG RED RETROSPOT,4,2025-10-11 01:23:44,1.65,,United Kingdom
549377,85123A,WHITE HANGING HEART T-LIGHT HOLDER,18,2025-10-23 08:24:28,2.3,16898.0,United Kingdom
545978,20725,LUNCH BAG RED RETROSPOT,2,2025-03-14 14:12:48,1.65,17578.0,Spain
537818,POST,POSTAGE,17,2025-01-06 10:40:36,16.2,13873.0,United Kingdom
567663,21977,PACK OF 60 PINK PAISLEY CAKE CASES,4,2025-11-29 01:02:18,0.55,14569.0,United Kingdom
555027,85099B,JUMBO BAG RED RETROSPOT,17,2025-04-16 06:25:20,1.87,15432.0,United Kingdom
556671,21977,PACK OF 60 PINK PAISLEY CAKE CASES,18,2025-08-28 07:23:41,0.55,15909.0,EIRE
564912,85099B,JUMBO BAG RED RETROSPOT,5,2025-11-28 00:52:01,2.29,16048.0,United Kingdom
553285,85123A,WHITE HANGING HEART T-LIGHT HOLDER,5,2025-01-14 18:17:52,2.55,14365.0,United Kingdom
545855,POST,POSTAGE,3,2025-01-02 09:04:16,18.0,17126.0,United Kingdom
562465,22423,REGENCY CAKESTAND 3 TIER,15,2025-01-02 18:59:27,12.75,16882.0,France
554026,22423,REGENCY CAKESTAND 3 TIER,7,2025-02-27 20:53:14,12.75,17653.0,EIRE
544116,85123A,WHITE HANGING HEART T-LIGHT HOLDER,13,2025-01-19 21:12:42,2.55,,Germany
564714,POST,POSTAGE,12,2025-10-27 21:47:50,18.0,12464.0,EIRE
563627,POST,POSTAGE,10,2025-08-10 11:57:27,16.2,17073.0,United Kingdom
544408,85099B,JUMBO BAG RED RETROSPOT,5,2025-12-24 05:49:19,2.08,12476.0,United Kingdom
558098,22423,REGENCY CAKESTAND 3 TIER,7,2025-10-20 02:01:09,12.75,13162.0,United Kingdom
567310,20725,LUNCH BAG RED RETROSPOT,10,2025-12-18 14:58:30,1.65,13711.0,United Kingdom
563178,85099B,JUMBO BAG RED RETROSPOT,2,2025-03-29 03:02:34,2.08,13109.0,United Kingdom
542757,POST,POSTAGE,8,2025-04-16 05:47:35,19.8,16342.0,United Kingdom
565094,POST,POSTAGE,14,2025-11-07 05:51:48,18.0,14642.0,United Kingdom
537916,20725,LUNCH BAG RED RETROSPOT,9,2025-03-31 06:33:52,1.48,13315.0,Germany
556989,85123A,WHITE HANGING HEART T-LIGHT HOLDER,8,2025-01-21 08:55:56,2.3,12028.0,United Kingdom
553387,20725,LUNCH BAG RED RETROSPOT,16,2025-09-02 07:57:04,1.82,13298.0,France
537248,POST,POSTAGE,11,2025-10-20 12:38:14,18.0,16157.0,Germany
560684,85099B,JUMBO BAG RED RETROSPOT,15,2025-12-20 22:58:34,2.29,16765.0,United Kingdom
546123,POST,POSTAGE,1,2025-12-05 15:30:08,18.0,13776.0,United Kingdom
564977,85099B,JUMBO BAG RED RETROSPOT,18,2025-02-13 16:13:33,2.08,12439.0,Germany
565852,POST,POSTAGE,15,2025-10-09 03:54:00,16.2,15343.0,Germany
556075,21977,PACK OF 60 PINK PAISLEY CAKE CASES,16,2025-11-05 02:44:22,0.61,16697.0,United Kingdom
557316,85123A,WHITE HANGING HEART T-LIGHT HOLDER,14,2025-09-12 04:32:06,2.55,12420.0,United Kingdom
537771,85099B,JUMBO BAG RED RETROSPOT,11,2025-10-27 20:21:47,2.08,,France
566261,85123A,WHITE HANGING HEART T-LIGHT HOLDER,11,2025-11-02 04:09:06,2.55,,Germany
559173,85099B,JUMBO BAG RED RETROSPOT,12,2025-06-12 23:36:48,2.08,13547.0,United Kingdom
549073,POST,POSTAGE,10,2025-01-15 18:07:06,18.0,15737.0,United Kingdom
538915,22423,REGENCY CAKESTAND 3 TIER,14,2025-06-16 19:53:47,11.48,12308.0,Spain
553160,POST,POSTAGE,7,2025-03-15 07:15:00,19.8,13833.0,United Kingdom
566628,85123A,WHITE HANGING HEART T-LIGHT HOLDER,15,2025-02-11 03:45:05,2.3,12833.0,Spain
565328,21977,PACK OF 60 PINK PAISLEY CAKE CASES,7,2025-02-15 04:00:03,0.5,13288.0,United Kingdom
539353,POST,POSTAGE,10,2025-09-12 20:35:08,16.2,16640.0,United Kingdom
561909,21977,PACK OF 60 PINK PAISLEY CAKE CASES,2,2025-07-04 10:21:10,0.55,13373.0,United Kingdom
538781,POST,POSTAGE,18,2025-07-17 09:49:09,18.0,12260.0,United Kingdom
C548835,POST,POSTAGE,-14,2025-09-29 05:56:25,16.2,13288.0,Netherlands
C551203,21977,PACK OF 60 PINK PAISLEY CAKE CASES,-5,2025-07-20 08:32:59,0.55,12520.0,United Kingdom
536769,20725,LUNCH BAG RED RETROSPOT,1,2025-08-18 08:51:47,1.65,15737.0,Netherlands
540667,85123A,WHITE HANGING HEART T-LIGHT HOLDER,17,2025-02-01 17:59:09,2.8,17837.0,United Kingdom
C565931,85099B,JUMBO BAG RED RETROSPOT,-1,2025-11-07 19:46:34,1.87,13006.0,Spain
557399,22423,REGENCY CAKESTAND 3 TIER,10,2025-06-13 11:12:37,11.48,16373.0,Netherlands
562736,20725,LUNCH BAG RED RETROSPOT,1,2025-02-26 08:00:48,1.48,14176.0,Germany
555427,21977,PACK OF 60 PINK PAISLEY CAKE CASES,14,2025-10-24 10:50:26,0.55,12430.0,United Kingdom
551271,21977,PACK OF 60 PINK PAISLEY CAKE CASES,4,2025-09-26 04:11:47,0.55,16127.0,France
536619,POST,POSTAGE,9,2025-01-20 01:38:43,16.2,13259.0,United Kingdom
554572,85123A,WHITE HANGING HEART T-LIGHT HOLDER,11,2025-03-12 05:34:43,2.55,15082.0,Netherlands
562198,POST,POSTAGE,8,2025-01-06 00:35:18,18.0,15042.0,United Kingdom
542946,85123A,WHITE HANGING HEART T-LIGHT HOLDER,13,2025-04-09 00:49:28,2.55,,United Kingdom
552694,85099B,JUMBO BAG RED RETROSPOT,10,2025-02-06 05:43:24,2.08,12809.0,United Kingdom
550011,21977,PACK OF 60 PINK PAISLEY CAKE CASES,8,2025-09-17 21:37:37,0.55,13505.0,France
565612,85099B,JUMBO BAG RED RETROSPOT,7,2025-07-10 04:26:38,2.29,16424.0,Netherlands
541548,21977,PACK OF 60 PINK PAISLEY CAKE CASES,8,2025-12-24 16:43:38,0.61,17596.0,United Kingdom
539580,20725,LUNCH BAG RED RETROSPOT,7,2025-10-01 03:31:53,1.82,12070.0,France
543159,20725,LUNCH BAG RED RETROSPOT,11,2025-08-12 11:07:14,1.65,14483.0,Netherlands
541311,85123A,WHITE HANGING HEART T-LIGHT HOLDER,15,2025-07-05 14:33:58,2.55,17288.0,United Kingdom
564776,85123A,WHITE HANGING HEART T-LIGHT HOLDER,12,2025-01-20 13:27:38,2.55,13721.0,United Kingdom
544860,85123A,WHITE HANGING HEART T-LIGHT HOLDER,1,2025-01-26 19:11:35,2.55,,France
548324,85099B,JUMBO BAG RED RETROSPOT,17,2025-08-13 06:05:53,2.08,17425.0,Germany
544743,85123A,WHITE HANGING HEART T-LIGHT HOLDER,15,2025-01-02 17:49:37,2.55,17813.0,United Kingdom
563700,22423,REGENCY CAKESTAND 3 TIER,16,2025-01-16 09:41:18,11.48,15931.0,EIRE
558577,20725,LUNCH BAG RED RETROSPOT,1,2025-03-21 10:41:12,1.82,16164.0,United Kingdom
552112,POST,POSTAGE,16,2025-11-19 07:40:33,16.2,15683.0,Spain
563162,20725,LUNCH BAG RED RETROSPOT,9,2025-06-17 23:55:30,1.65,13701.0,Spain
538406,85123A,WHITE HANGING HEART T-LIGHT HOLDER,17,2025-09-16 19:47:20,2.55,,EIRE
559067,21977,PACK OF 60 PINK PAISLEY CAKE CASES,15,2025-05-31 11:06:33,0.55,12204.0,United Kingdom
548291,85123A,WHITE HANGING HEART T-LIGHT HOLDER,17,2025-03-05 17:50:31,2.3,,United Kingdom
548894,85099B,JUMBO BAG RED RETROSPOT,3,2025-05-16 21:58:36,2.08,15610.0,United Kingdom
541381,85099B,JUMBO BAG RED RETROSPOT,11,2025-02-03 06:48:47,1.87,17026.0,United Kingdom
539300,POST,POSTAGE,14,2025-10-09 07:49:36,18.0,16885.0,Germany
559581,21977,PACK OF 60 PINK PAISLEY CAKE CASES,12,2025-03-08 18:17:38,0.55,16067.0,United Kingdom
564904,22423,REGENCY CAKESTAND 3 TIER,16,2025-05-18 06:48:41,14.02,14257.0,United Kingdom
566987,21977,PACK OF 60 PINK PAISLEY CAKE CASES,14,2025-12-24 02:15:15,0.61,14159.0,United Kingdom
544281,POST,POSTAGE,1,2025-08-05 14:17:08,19.8,14553.0,United Kingdom
561944,85123A,WHITE HANGING HEART T-LIGHT HOLDER,4,2025-06-17 04:51:42,2.3,13538.0,United Kingdom
539781,20725,LUNCH BAG RED RETROSPOT,13,2025-07-18 14:04:51,1.82,14514.0,Germany
562466,85123A,WHITE HANGING HEART T-LIGHT HOLDER,7,2025-10-14 02:33:11,2.55,12628.0,EIRE
555250,85123A,WHITE HANGING HEART T-LIGHT HOLDER,7,2025-04-03 11:28:56,2.3,13919.0,United Kingdom
565303,POST,POSTAGE,18,2025-08-21 05:43:04,19.8,,Spain
538297,85123A,WHITE HANGING HEART T-LIGHT HOLDER,2,2025-11-15 12:41:16,2.8,16241.0,Spain
562406,20725,LUNCH BAG RED RETROSPOT,10,2025-07-28 05:25:43,1.65,12851.0,United Kingdom
551881,85123A,WHITE HANGING HEART T-LIGHT HOLDER,6,2025-06-12 06:01:52,2.8,13717.0,Germany
555331,21977,PACK OF 60 PINK PAISLEY CAKE CASES,1,2025-02-22 21:36:47,0.55,13556.0,United Kingdom
C554323,21977,PACK OF 60 PINK PAISLEY CAKE CASES,-8,2025-04-01 23:34:04,0.55,13690.0,United Kingdom
560285,20725,LUNCH BAG RED RETROSPOT,8,2025-12-12 07:51:26,1.48,16146.0,United Kingdom
556366,20725,LUNCH BAG RED RETROSPOT,9,2025-07-17 15:29:40,1.65,17370.0,United Kingdom
550142,21977,PACK OF 60 PINK PAISLEY CAKE CASES,4,2025-04-20 08:31:30,0.61,16260.0,Spain
550802,85099B,JUMBO BAG RED RETROSPOT,14,2025-06-02 04:05:04,1.87,14930.0,Netherlands
538406,85123A,WHITE HANGING HEART T-LIGHT HOLDER,7,2025-07-30 02:23:38,2.3,12964.0,EIRE
560623,21977,PACK OF 60 PINK PAISLEY CAKE CASES,11,2025-07-16 21:22:20,0.5,12857.0,Germany
559989,85099B,JUMBO BAG RED RETROSPOT,11,2025-09-13 01:35:00,2.08,16884.0,Germany
555277,85123A,WHITE HANGING HEART T-LIGHT HOLDER,11,2025-04-04 11:48:28,2.55,16065.0,Netherlands
560536,POST,POSTAGE,10,2025-08-25 05:15:55,19.8,15061.0,United Kingdom
545145,22423,REGENCY CAKESTAND 3 TIER,6,2025-06-11 18:14:56,14.02,15463.0,United Kingdom
543606,85123A,WHITE HANGING HEART T-LIGHT HOLDER,10,2025-12-10 03:13:44,2.55,17090.0,Germany
567442,POST,POSTAGE,11,2025-02-27 13:50:39,16.2,16882.0,United Kingdom
568434,21977,PACK OF 60 PINK PAISLEY CAKE CASES,1,2025-02-24 08:16:14,0.5,12523.0,United Kingdom
564992,20725,LUNCH BAG RED RETROSPOT,14,2025-06-18 12:30:06,1.48,14370.0,United Kingdom
537785,85123A,WHITE HANGING HEART T-LIGHT HOLDER,9,2025-07-05 04:27:54,2.8,12256.0,Germany
554659,85099B,JUMBO BAG RED RETROSPOT,6,2025-09-10 02:48:14,1.87,14308.0,United Kingdom
561022,21977,PACK OF 60 PINK PAISLEY CAKE CASES,1,2025-05-28 04:16:34,0.61,15821.0,United Kingdom
537262,22423,REGENCY CAKESTAND 3 TIER,6,2025-11-30 13:50:06,12.75,13250.0,United Kingdom
568928,20725,LUNCH BAG RED RETROSPOT,8,2025-06-23 15:32:27,1.65,12900.0,United Kingdom
562760,22423,REGENCY CAKESTAND 3 TIER,16,2025-02-17 21:42:35,14.02,14945.0,Spain
546511,85123A,WHITE HANGING HEART T-LIGHT HOLDER,13,2025-02-13 22:36:37,2.3,15149.0,United Kingdom
553219,85123A,WHITE HANGING HEART T-LIGHT HOLDER,8,2025-12-22 18:03:44,2.55,16284.0,France
567023,22423,REGENCY CAKESTAND 3 TIER,3,2025-02-18 00:17:58,12.75,12084.0,France
565023,22423,REGENCY CAKESTAND 3 TIER,6,2025-12-12 16:53:07,11.48,13487.0,United Kingdom
564098,20725,LUNCH BAG RED RETROSPOT,18,2025-04-12 16:56:00,1.82,16679.0,EIRE
569455,21977,PACK OF 60 PINK PAISLEY CAKE CASES,3,2025-02-04 16:56:54,0.55,16091.0,France
561299,85123A,WHITE HANGING HEART T-LIGHT HOLDER,12,2025-04-22 15:49:14,2.3,17397.0,Germany
567801,21977,PACK OF 60 PINK PAISLEY CAKE CASES,10,2025-08-13 16:30:08,0.5,16888.0,United Kingdom
568428,22423,REGENCY CAKESTAND 3 TIER,5,2025-06-06 14:02:28,12.75,17033.0,United Kingdom
536663,85099B,JUMBO BAG RED RETROSPOT,17,2025-10-14 14:52:04,2.29,15063.0,Netherlands
558237,POST,POSTAGE,8,2025-08-12 16:36:54,16.2,17750.0,EIRE
547354,20725,LUNCH BAG RED RETROSPOT,13,2025-05-27 01:02:32,1.65,14495.0,Netherlands
552825,21977,PACK OF 60 PINK PAISLEY CAKE CASES,2,2025-08-20 12:12:31,0.5,17418.0,Spain
541702,22423,REGENCY CAKESTAND 3 TIER,19,2025-12-21 03:03:59,12.75,14351.0,United Kingdom
558973,85123A,WHITE HANGING HEART T-LIGHT HOLDER,1,2025-05-31 22:14:45,2.55,14664.0,EIRE
564382,20725,LUNCH BAG RED RETROSPOT,6,2025-02-26 23:45:18,1.48,16113.0,United Kingdom
550002,21977,PACK OF 60 PINK PAISLEY CAKE CASES,18,2025-05-30 03:47:50,0.55,14390.0,EIRE
559739,21977,PACK OF 60 PINK PAISLEY CAKE CASES,13,2025-11-03 21:23:48,0.55,12882.0,United Kingdom
C547046,POST,POSTAGE,-13,2025-03-21 11:21:54,16.2,17377.0,United Kingdom
561482,85099B,JUMBO BAG RED RETROSPOT,6,2025-12-13 16:08:12,1.87,14717.0,France
538796,20725,LUNCH BAG RED RETROSPOT,15,2025-08-03 15:40:22,1.48,17561.0,EIRE
565923,21977,PACK OF 60 PINK PAISLEY CAKE CASES,18,2025-08-08 02:49:24,0.55,14394.0,Germany
548852,22423,REGENCY CAKESTAND 3 TIER,12,2025-04-26 21:48:31,11.48,17837.0,United Kingdom
553164,85123A,WHITE HANGING HEART T-LIGHT HOLDER,5,2025-12-02 15:22:31,2.55,15617.0,United Kingdom
563308,21977,PACK OF 60 PINK PAISLEY CAKE CASES,18,2025-01-14 11:41:54,0.5,16609.0,Netherlands
537014,22423,REGENCY CAKESTAND 3 TIER,1,2025-04-20 14:45:19,11.48,16533.0,United Kingdom
568144,21977,PACK OF 60 PINK PAISLEY CAKE CASES,18,2025-06-02 23:26:52,0.5,13211.0,United Kingdom
556891,20725,LUNCH BAG RED RETROSPOT,1,2025-06-24 15:32:13,1.65,16892.0,Germany
569155,85099B,JUMBO BAG RED RETROSPOT,2,2025-06-23 15:45:20,2.08,17669.0,United Kingdom
554740,85099B,JUMBO BAG RED RETROSPOT,1,2025-02-23 21:02:19,2.08,15966.0,Germany
543021,21977,PACK OF 60 PINK PAISLEY CAKE CASES,4,2025-03-24 16:46:51,0.5,17682.0,United Kingdom
555800,85099B,JUMBO BAG RED RETROSPOT,14,2025-02-04 03:25:50,1.87,17076.0,EIRE
555428,20725,LUNCH BAG RED RETROSPOT,8,2025-07-28 19:38:13,1.65,15996.0,Spain
567303,85123A,WHITE HANGING HEART T-LIGHT HOLDER,2,2025-05-09 21:35:38,2.55,14863.0,Netherlands
555575,POST,POSTAGE,7,2025-07-26 17:36:50,18.0,17143.0,Germany
549813,85123A,WHITE HANGING HEART T-LIGHT HOLDER,19,2025-08-04 03:39:24,2.55,13112.0,United Kingdom
541985,85123A,WHITE HANGING HEART T-LIGHT HOLDER,10,2025-09-14 12:32:34,2.55,15367.0,France
547083,20725,LUNCH BAG RED RETROSPOT,14,2025-07-19 01:17:49,1.65,16894.0,EIRE
555775,85123A,WHITE HANGING HEART T-LIGHT HOLDER,6,2025-08-25 18:32:34,2.55,17664.0,Germany
548544,22423,REGENCY CAKESTAND 3 TIER,10,2025-08-03 22:58:22,11.48,13602.0,France
548333,85123A,WHITE HANGING HEART T-LIGHT HOLDER,16,2025-08-27 00:51:27,2.8,12563.0,France
536494,20725,LUNCH BAG RED RETROSPOT,13,2025-08-14 02:36:59,1.82,14000.0,France
568041,21977,PACK OF 60 PINK PAISLEY CAKE CASES,1,2025-04-26 22:23:11,0.55,17183.0,France
564447,85123A,WHITE HANGING HEART T-LIGHT HOLDER,12,2025-03-31 19:11:40,2.3,15142.0,United Kingdom
544676,85099B,JUMBO BAG RED RETROSPOT,16,2025-10-15 19:45:20,1.87,12333.0,United Kingdom
540672,85123A,WHITE HANGING HEART T-LIGHT HOLDER,3,2025-05-06 05:00:13,2.8,12716.0,Germany
564388,POST,POSTAGE,8,2025-07-20 15:18:13,16.2,14034.0,United Kingdom
564446,85123A,WHITE HANGING HEART T-LIGHT HOLDER,13,2025-03-13 19:53:26,2.3,14056.0,Spain
566493,21977,PACK OF 60 PINK PAISLEY CAKE CASES,1,2025-06-07 01:39:00,0.5,12811.0,Germany
554612,85099B,JUMBO BAG RED RETROSPOT,14,2025-07-13 06:48:34,2.08,14964.0,United Kingdom
561019,21977,PACK OF 60 PINK PAISLEY CAKE CASES,17,2025-08-17 07:04:41,0.61,14874.0,EIRE
560804,POST,POSTAGE,10,2025-07-12 12:59:52,16.2,13195.0,France
543299,85099B,JUMBO BAG RED RETROSPOT,9,2025-05-12 06:05:13,2.08,13393.0,France
553815,20725,LUNCH BAG RED RETROSPOT,2,2025-12-18 08:12:23,1.65,15986.0,United Kingdom
544852,85099B,JUMBO BAG RED RETROSPOT,14,2025-07-07 06:10:06,2.29,17712.0,Spain
561631,21977,PACK OF 60 PINK PAISLEY CAKE CASES,18,2025-10-23 01:31:37,0.55,17978.0,United Kingdom
569018,85099B,JUMBO BAG RED RETROSPOT,17,2025-09-26 16:07:49,2.29,,Germany
538602,22423,REGENCY CAKESTAND 3 TIER,11,2025-07-23 15:19:39,12.75,12230.0,United Kingdom
538578,85123A,WHITE HANGING HEART T-LIGHT HOLDER,1,2025-11-20 21:01:38,2.8,17386.0,Germany
544983,85123A,WHITE HANGING HEART T-LIGHT HOLDER,6,2025-02-16 13:49:35,2.55,17703.0,France
C539980,POST,POSTAGE,-5,2025-12-03 16:21:32,18.0,13668.0,Germany
536306,20725,LUNCH BAG RED RETROSPOT,1,2025-11-07 08:37:15,1.65,14402.0,United Kingdom
569271,22423,REGENCY CAKESTAND 3 TIER,3,2025-07-03 09:19:48,14.02,12155.0,EIRE
555803,85099B,JUMBO BAG RED RETROSPOT,11,2025-09-25 09:53:51,1.87,16807.0,France
562414,20725,LUNCH BAG RED RETROSPOT,2,2025-07-09 23:15:42,1.65,16653.0,United Kingdom
555248,85099B,JUMBO BAG RED RETROSPOT,1,2025-04-09 11:20:21,2.29,12123.0,Netherlands
561377,85099B,JUMBO BAG RED RETROSPOT,18,2025-10-19 20:42:07,1.87,16214.0,France
559329,20725,LUNCH BAG RED RETROSPOT,12,2025-03-31 07:41:43,1.65,14471.0,Netherlands
541447,22423,REGENCY CAKESTAND 3 TIER,16,2025-04-25 16:27:00,12.75,15272.0,Netherlands
541114,85099B,JUMBO BAG RED RETROSPOT,5,2025-07-09 06:34:42,1.87,13310.0,Netherlands
552623,85123A,WHITE HANGING HEART T-LIGHT HOLDER,7,2025-11-02 09:32:21,2.8,16892.0,France
548615,85123A,WHITE HANGING HEART T-LIGHT HOLDER,12,2025-05-21 20:36:46,2.55,14426.0,Germany
564585,21977,PACK OF 60 PINK PAISLEY CAKE CASES,14,2025-06-30 16:24:42,0.61,17040.0,United Kingdom
546410,20725,LUNCH BAG RED RETROSPOT,7,2025-01-16 11:40:13,1.65,12889.0,United Kingdom
547181,POST,POSTAGE,18,2025-02-12 09:47:30,18.0,15527.0,France
553986,85123A,WHITE HANGING HEART T-LIGHT HOLDER,14,2025-01-21 19:11:33,2.8,13860.0,United Kingdom
542554,20725,LUNCH BAG RED RETROSPOT,5,2025-01-27 03:43:28,1.82,17795.0,Spain
565187,POST,POSTAGE,2,2025-11-14 20:22:10,18.0,15341.0,United Kingdom
536372,21977,PACK OF 60 PINK PAISLEY CAKE CASES,1,2025-11-04 14:51:07,0.55,16318.0,United Kingdom
564816,POST,POSTAGE,17,2025-10-27 07:53:43,19.8,12517.0,United Kingdom
557166,POST,POSTAGE,16,2025-01-21 16:45:16,18.0,16061.0,United Kingdom
566189,20725,LUNCH BAG RED RETROSPOT,10,2025-01-29 23:47:08,1.82,,United Kingdom
545989,POST,POSTAGE,14,2025-04-13 08:22:59,18.0,14168.0,United Kingdom
566609,21977,PACK OF 60 PINK PAISLEY CAKE CASES,17,2025-07-26 09:26:09,0.5,13334.0,EIRE
565364,85099B,JUMBO BAG RED RETROSPOT,4,2025-05-02 22:18:12,1.87,12013.0,United Kingdom
551528,POST,POSTAGE,19,2025-06-27 08:15:55,18.0,15517.0,United Kingdom
545639,20725,LUNCH BAG RED RETROSPOT,10,2025-03-05 20:30:08,1.65,13445.0,United Kingdom
542700,85123A,WHITE HANGING HEART T-LIGHT HOLDER,9,2025-09-24 21:35:35,2.8,15075.0,United Kingdom
541153,22423,REGENCY CAKESTAND 3 TIER,4,2025-04-25 13:59:18,14.02,16583.0,United Kingdom
555825,22423,REGENCY CAKESTAND 3 TIER,13,2025-01-25 01:58:17,11.48,13068.0,France
568655,20725,LUNCH BAG RED RETROSPOT,12,2025-09-29 01:26:44,1.82,16259.0,EIRE
555234,22423,REGENCY CAKESTAND 3 TIER,1,2025-11-26 06:44:33,12.75,13782.0,United Kingdom
568802,22423,REGENCY CAKESTAND 3 TIER,13,2025-01-06 00:24:47,12.75,13986.0,Germany
561695,85099B,JUMBO BAG RED RETROSPOT,3,2025-06-09 18:18:16,1.87,15461.0,United Kingdom
559290,85123A,WHITE HANGING HEART T-LIGHT HOLDER,6,2025-10-29 15:21:26,2.3,15753.0,United Kingdom
560648,POST,POSTAGE,12,2025-09-15 10:54:42,18.0,15932.0,Spain
567565,85099B,JUMBO BAG RED RETROSPOT,15,2025-11-09 19:31:52,1.87,13171.0,United Kingdom
565174,85123A,WHITE HANGING HEART T-LIGHT HOLDER,3,2025-06-01 03:12:14,2.3,15477.0,Spain
C541502,22423,REGENCY CAKESTAND 3 TIER,-9,2025-05-16 12:00:30,14.02,13581.0,United Kingdom
555887,20725,LUNCH BAG RED RETROSPOT,6,2025-09-16 08:07:23,1.65,13661.0,United Kingdom
C551651,21977,PACK OF 60 PINK PAISLEY CAKE CASES,-14,2025-02-26 00:33:49,0.55,17684.0,United Kingdom
565892,85099B,JUMBO BAG RED RETROSPOT,16,2025-03-29 11:28:57,2.08,12605.0,United Kingdom
542941,22423,REGENCY CAKESTAND 3 TIER,13,2025-08-08 03:28:33,12.75,14479.0,Netherlands
563879,POST,POSTAGE,16,2025-09-01 01:05:59,18.0,14635.0,United Kingdom
552278,20725,LUNCH BAG RED RETROSPOT,9,2025-02-13 05:04:11,1.48,13469.0,Spain
567696,20725,LUNCH BAG RED RETROSPOT,12,2025-07-05 04:40:25,1.65,16712.0,Spain
562900,85099B,JUMBO BAG RED RETROSPOT,6,2025-05-14 15:03:58,1.87,14922.0,Germany
547728,POST,POSTAGE,19,2025-07-03 19:01:56,18.0,16316.0,United Kingdom
564727,20725,LUNCH BAG RED RETROSPOT,4,2025-12-16 11:39:55,1.82,14322.0,United Kingdom
542372,85099B,JUMBO BAG RED RETROSPOT,18,2025-01-28 15:23:15,2.08,17380.0,United Kingdom
536141,POST,POSTAGE,15,2025-12-30 02:27:10,18.0,16377.0,EIRE
553231,POST,POSTAGE,19,2025-06-14 18:52:45,19.8,13999.0,United Kingdom
549243,20725,LUNCH BAG RED RETROSPOT,13,2025-10-09 12:02:24,1.48,17772.0,Netherlands
540275,20725,LUNCH BAG RED RETROSPOT,7,2025-06-04 10:16:56,1.82,17190.0,Germany
569798,85099B,JUMBO BAG RED RETROSPOT,6,2025-04-24 20:52:04,1.87,15550.0,United Kingdom
537328,85099B,JUMBO BAG RED RETROSPOT,4,2025-10-09 07:31:51,1.87,12098.0,France
556036,85123A,WHITE HANGING HEART T-LIGHT HOLDER,19,2025-09-08 10:32:19,2.3,15546.0,United Kingdom
544874,21977,PACK OF 60 PINK PAISLEY CAKE CASES,3,2025-02-22 22:13:30,0.55,16145.0,Spain
546070,85099B,JUMBO BAG RED RETROSPOT,16,2025-09-15 03:35:39,1.87,14189.0,United Kingdom
543177,85099B,JUMBO BAG RED RETROSPOT,14,2025-10-02 12:31:33,2.08,12863.0,Netherlands
549225,POST,POSTAGE,3,2025-05-22 13:52:19,16.2,15387.0,EIRE
558690,85123A,WHITE HANGING HEART T-LIGHT HOLDER,18,2025-12-04 16:48:16,2.3,16809.0,Spain
546967,20725,LUNCH BAG RED RETROSPOT,4,2025-08-22 22:18:18,1.65,13915.0,United Kingdom
560536,22423,REGENCY CAKESTAND 3 TIER,4,2025-05-02 08:15:09,11.48,14737.0,EIRE
551218,85123A,WHITE HANGING HEART T-LIGHT HOLDER,11,2025-01-04 02:46:54,2.55,12006.0,United Kingdom
562697,85123A,WHITE HANGING HEART T-LIGHT HOLDER,2,2025-09-04 09:34:46,2.3,16223.0,France
551112,85099B,JUMBO BAG RED RETROSPOT,2,2025-03-18 03:45:13,2.08,17196.0,United Kingdom
548429,85099B,JUMBO BAG RED RETROSPOT,12,2025-10-04 17:28:11,2.29,16658.0,United Kingdom
553233,22423,REGENCY CAKESTAND 3 TIER,19,2025-07-11 13:36:15,12.75,14576.0,United Kingdom
559343,21977,PACK OF 60 PINK PAISLEY CAKE CASES,2,2025-06-20 18:10:42,0.5,12270.0,United Kingdom
551793,85099B,JUMBO BAG RED RETROSPOT,13,2025-03-01 08:09:35,2.08,14952.0,United Kingdom
566808,85123A,WHITE HANGING HEART T-LIGHT HOLDER,12,2025-09-17 22:54:37,2.55,17642.0,EIRE
553547,85099B,JUMBO BAG RED RETROSPOT,2,2025-03-02 21:29:36,2.08,12501.0,United Kingdom
546065,85123A,WHITE HANGING HEART T-LIGHT HOLDER,3,2025-06-02 21:58:42,2.55,13283.0,France
536951,85123A,WHITE HANGING HEART T-LIGHT HOLDER,9,2025-11-02 17:06:22,2.8,17022.0,United Kingdom
549346,85123A,WHITE HANGING HEART T-LIGHT HOLDER,14,2025-12-02 04:29:33,2.8,15409.0,France
537850,20725,LUNCH BAG RED RETROSPOT,5,2025-12-28 03:31:48,1.48,13022.0,EIRE
537216,21977,PACK OF 60 PINK PAISLEY CAKE CASES,9,2025-12-16 22:58:05,0.55,12145.0,United Kingdom
548618,20725,LUNCH BAG RED RETROSPOT,10,2025-07-22 20:53:50,1.82,14463.0,France
545871,20725,LUNCH BAG RED RETROSPOT,14,2025-03-15 21:08:20,1.82,15569.0,Netherlands
566088,85099B,JUMBO BAG RED RETROSPOT,5,2025-11-03 15:24:54,2.08,17041.0,EIRE
560825,22423,REGENCY CAKESTAND 3 TIER,14,2025-10-20 20:33:34,12.75,17302.0,United Kingdom
562888,85123A,WHITE HANGING HEART T-LIGHT HOLDER,16,2025-12-28 11:50:50,2.3,14746.0,United Kingdom
554545,21977,PACK OF 60 PINK PAISLEY CAKE CASES,12,2025-08-26 03:53:29,0.55,14534.0,EIRE
539745,22423,REGENCY CAKESTAND 3 TIER,14,2025-02-21 06:09:25,11.48,17586.0,United Kingdom
564934,22423,REGENCY CAKESTAND 3 TIER,4,2025-07-03 20:26:17,12.75,16661.0,EIRE
552824,POST,POSTAGE,18,2025-06-13 15:35:34,18.0,13255.0,United Kingdom
550588,85123A,WHITE HANGING HEART T-LIGHT HOLDER,6,2025-11-04 23:56:22,2.55,16087.0,EIRE
556555,85123A,WHITE HANGING HEART T-LIGHT HOLDER,4,2025-05-24 21:33:49,2.55,16291.0,United Kingdom
541566,POST,POSTAGE,11,2025-04-30 18:13:30,16.2,,United Kingdom
552360,22423,REGENCY CAKESTAND 3 TIER,8,2025-01-30 00:55:24,14.02,17867.0,Netherlands
556596,85099B,JUMBO BAG RED RETROSPOT,9,2025-11-01 04:26:31,2.29,,Spain
559717,85123A,WHITE HANGING HEART T-LIGHT HOLDER,16,2025-10-03 09:00:12,2.3,15297.0,Spain
553005,85099B,JUMBO BAG RED RETROSPOT,11,2025-01-16 00:51:29,2.08,14962.0,Netherlands
569906,POST,POSTAGE,8,2025-06-08 22:27:20,18.0,16153.0,United Kingdom
569666,21977,PACK OF 60 PINK PAISLEY CAKE CASES,16,2025-06-25 05:28:23,0.55,17409.0,United Kingdom
539280,85099B,JUMBO BAG RED RETROSPOT,8,2025-06-21 09:11:23,1.87,14359.0,United Kingdom
538817,22423,REGENCY CAKESTAND 3 TIER,19,2025-12-02 16:11:19,11.48,14307.0,United Kingdom
553528,85099B,JUMBO BAG RED RETROSPOT,19,2025-02-24 00:51:39,1.87,16508.0,United Kingdom
564146,21977,PACK OF 60 PINK PAISLEY CAKE CASES,9,2025-04-22 15:16:18,0.61,17713.0,Netherlands
553420,22423,REGENCY CAKESTAND 3 TIER,15,2025-03-08 02:26:04,12.75,17453.0,United Kingdom
543380,85123A,WHITE HANGING HEART T-LIGHT HOLDER,14,2025-03-31 21:39:31,2.55,16516.0,United Kingdom
555120,21977,PACK OF 60 PINK PAISLEY CAKE CASES,17,2025-11-28 16:34:41,0.5,16218.0,United Kingdom
568066,20725,LUNCH BAG RED RETROSPOT,9,2025-12-10 08:03:24,1.82,16612.0,United Kingdom
541676,POST,POSTAGE,8,2025-01-17 16:48:10,18.0,17615.0,United Kingdom
551146,20725,LUNCH BAG RED RETROSPOT,6,2025-08-19 07:32:13,1.65,12063.0,Germany
557704,85099B,JUMBO BAG RED RETROSPOT,12,2025-03-26 02:45:39,2.08,15531.0,United Kingdom
549370,20725,LUNCH BAG RED RETROSPOT,12,2025-03-12 00:13:52,1.48,12204.0,Germany
537507,POST,POSTAGE,9,2025-04-17 05:15:40,18.0,15462.0,Spain
558768,85123A,WHITE HANGING HEART T-LIGHT HOLDER,6,2025-03-12 16:59:10,2.55,14368.0,Germany
561198,85099B,JUMBO BAG RED RETROSPOT,9,2025-06-28 13:31:58,2.08,13827.0,France
558275,85123A,WHITE HANGING HEART T-LIGHT HOLDER,10,2025-12-30 06:33:08,2.55,17345.0,United Kingdom
558547,POST,POSTAGE,3,2025-08-03 16:28:36,16.2,16257.0,United Kingdom
558329,POST,POSTAGE,13,2025-09-21 09:19:12,18.0,15404.0,United Kingdom
547234,20725,LUNCH BAG RED RETROSPOT,17,2025-06-30 03:45:46,1.48,17291.0,Netherlands
536566,22423,REGENCY CAKESTAND 3 TIER,7,2025-01-06 16:17:50,12.75,12587.0,Germany
569625,POST,POSTAGE,8,2025-01-31 10:57:11,18.0,15877.0,United Kingdom
542952,85123A,WHITE HANGING HEART T-LIGHT HOLDER,2,2025-04-09 15:56:45,2.55,12937.0,United Kingdom
564178,85123A,WHITE HANGING HEART T-LIGHT HOLDER,12,2025-03-30 13:29:19,2.3,,EIRE
554382,21977,PACK OF 60 PINK PAISLEY CAKE CASES,9,2025-11-03 02:25:53,0.55,13110.0,Germany
554344,20725,LUNCH BAG RED RETROSPOT,17,2025-11-04 01:11:34,1.65,15264.0,Germany
536713,POST,POSTAGE,18,2025-11-08 02:25:00,18.0,15774.0,Spain
569677,22423,REGENCY CAKESTAND 3 TIER,15,2025-08-21 05:22:12,12.75,16535.0,France
553970,85099B,JUMBO BAG RED RETROSPOT,4,2025-07-23 05:22:42,1.87,14643.0,Germany
564223,85099B,JUMBO BAG RED RETROSPOT,4,2025-08-25 22:03:12,2.08,17636.0,United Kingdom
562444,85123A,WHITE HANGING HEART T-LIGHT HOLDER,10,2025-05-29 18:47:43,2.3,14241.0,United Kingdom
540691,20725,LUNCH BAG RED RETROSPOT,12,2025-09-02 21:07:10,1.65,12939.0,Netherlands
568218,22423,REGENCY CAKESTAND 3 TIER,1,2025-10-17 11:22:53,11.48,12219.0,Germany
556096,85123A,WHITE HANGING HEART T-LIGHT HOLDER,10,2025-10-06 07:44:22,2.3,12764.0,United Kingdom
542294,85099B,JUMBO BAG RED RETROSPOT,2,2025-08-13 09:40:12,2.08,14670.0,Germany
555749,20725,LUNCH BAG RED RETROSPOT,5,2025-01-22 20:49:53,1.65,14477.0,United Kingdom
556956,20725,LUNCH BAG RED RETROSPOT,7,2025-09-22 08:31:56,1.82,17125.0,EIRE
558200,85123A,WHITE HANGING HEART T-LIGHT HOLDER,1,2025-05-14 15:10:52,2.55,12753.0,United Kingdom
546930,85123A,WHITE HANGING HEART T-LIGHT HOLDER,5,2025-09-29 03:28:15,2.55,13573.0,EIRE
567985,POST,POSTAGE,12,2025-07-16 23:33:32,16.2,17882.0,United Kingdom
544054,21977,PACK OF 60 PINK PAISLEY CAKE CASES,19,2025-11-18 15:24:01,0.61,12171.0,United Kingdom
552729,85099B,JUMBO BAG RED RETROSPOT,15,2025-05-04 23:11:21,2.29,14545.0,United Kingdom
564512,85123A,WHITE HANGING HEART T-LIGHT HOLDER,6,2025-12-06 07:04:14,2.3,13189.0,EIRE
538630,POST,POSTAGE,18,2025-11-05 14:48:23,18.0,,United Kingdom
549721,20725,LUNCH BAG RED RETROSPOT,9,2025-05-01 06:34:34,1.48,17841.0,United Kingdom
552297,85123A,WHITE HANGING HEART T-LIGHT HOLDER,7,2025-06-26 11:13:41,2.3,13362.0,France
562278,85123A,WHITE HANGING HEART T-LIGHT HOLDER,17,2025-07-13 07:44:57,2.3,14222.0,United Kingdom
562785,85123A,WHITE HANGING HEART T-LIGHT HOLDER,8,2025-10-08 03:24:53,2.8,,United Kingdom
563095,22423,REGENCY CAKESTAND 3 TIER,15,2025-09-09 10:36:42,12.75,16790.0,United Kingdom
548192,85123A,WHITE HANGING HEART T-LIGHT HOLDER,4,2025-11-07 12:43:42,2.55,17908.0,Spain
552714,22423,REGENCY CAKESTAND 3 TIER,7,2025-05-16 03:46:14,11.48,12579.0,United Kingdom
536921,85123A,WHITE HANGING HEART T-LIGHT HOLDER,19,2025-07-04 09:33:33,2.3,14932.0,United Kingdom
563971,85099B,JUMBO BAG RED RETROSPOT,5,2025-06-07 02:14:49,2.08,16515.0,United Kingdom
546310,85099B,JUMBO BAG RED RETROSPOT,17,2025-11-28 15:29:40,2.29,12052.0,United Kingdom
C551892,85099B,JUMBO BAG RED RETROSPOT,-9,2025-04-22 07:30:34,2.08,16836.0,United Kingdom
559193,20725,LUNCH BAG RED RETROSPOT,19,2025-08-03 02:08:52,1.65,,United Kingdom
562401,22423,REGENCY CAKESTAND 3 TIER,8,2025-02-13 12:19:03,12.75,15110.0,United Kingdom
538924,POST,POSTAGE,10,2025-11-07 20:02:16,19.8,17870.0,United Kingdom
562085,POST,POSTAGE,8,2025-05-21 23:47:28,19.8,15810.0,Spain
548782,POST,POSTAGE,4,2025-05-05 23:12:38,19.8,17934.0,United Kingdom
550203,85123A,WHITE HANGING HEART T-LIGHT HOLDER,17,2025-08-01 04:10:00,2.55,15620.0,United Kingdom
540526,22423,REGENCY CAKESTAND 3 TIER,11,2025-07-02 05:01:28,12.75,13262.0,Spain
560370,21977,PACK OF 60 PINK PAISLEY CAKE CASES,10,2025-11-06 21:25:54,0.5,16155.0,Spain
552181,85123A,WHITE HANGING HEART T-LIGHT HOLDER,8,2025-07-13 15:11:12,2.3,15691.0,France
539531,85123A,WHITE HANGING HEART T-LIGHT HOLDER,15,2025-07-08 13:02:11,2.3,13864.0,United Kingdom
540811,85123A,WHITE HANGING HEART T-LIGHT HOLDER,7,2025-02-08 19:14:47,2.55,12461.0,United Kingdom
560530,21977,PACK OF 60 PINK PAISLEY CAKE CASES,5,2025-01-09 01:33:06,0.55,,United Kingdom
539707,20725,LUNCH BAG RED RETROSPOT,2,2025-05-26 13:18:20,1.48,15464.0,United Kingdom
553721,22423,REGENCY CAKESTAND 3 TIER,17,2025-12-31 13:44:19,14.02,16641.0,United Kingdom
559725,POST,POSTAGE,2,2025-12-01 22:27:01,18.0,12755.0,Germany
567008,20725,LUNCH BAG RED RETROSPOT,17,2025-08-18 11:13:02,1.65,,United Kingdom
C541372,85123A,WHITE HANGING HEART T-LIGHT HOLDER,-8,2025-08-19 12:17:05,2.8,16911.0,Germany
546059,85099B,JUMBO BAG RED RETROSPOT,1,2025-05-23 19:13:02,2.08,17347.0,United Kingdom
541263,85123A,WHITE HANGING HEART T-LIGHT HOLDER,18,2025-03-06 06:29:35,2.3,17637.0,United Kingdom
565914,POST,POSTAGE,15,2025-01-04 01:40:42,19.8,13271.0,EIRE
556145,20725,LUNCH BAG RED RETROSPOT,14,2025-05-04 11:19:06,1.82,13037.0,Spain
569432,21977,PACK OF 60 PINK PAISLEY CAKE CASES,11,2025-04-26 14:39:11,0.5,15456.0,United Kingdom
537482,21977,PACK OF 60 PINK PAISLEY CAKE CASES,15,2025-03-11 11:42:31,0.55,14776.0,Germany
560000,22423,REGENCY CAKESTAND 3 TIER,3,2025-04-05 16:57:12,12.75,13405.0,United Kingdom
537121,POST,POSTAGE,5,2025-01-10 06:05:20,16.2,12612.0,United Kingdom
539707,POST,POSTAGE,11,2025-08-10 00:20:32,18.0,12861.0,France
550669,20725,LUNCH BAG RED RETROSPOT,14,2025-12-05 18:53:12,1.82,,United Kingdom
548471,85099B,JUMBO BAG RED RETROSPOT,12,2025-09-10 20:25:05,2.08,16436.0,United Kingdom
548413,85123A,WHITE HANGING HEART T-LIGHT HOLDER,8,2025-06-13 14:49:33,2.55,12390.0,United Kingdom
538307,85123A,WHITE HANGING HEART T-LIGHT HOLDER,13,2025-06-03 07:32:04,2.8,,United Kingdom
554517,85123A,WHITE HANGING HEART T-LIGHT HOLDER,2,2025-04-23 08:53:19,2.55,13587.0,United Kingdom
547583,21977,PACK OF 60 PINK PAISLEY CAKE CASES,10,2025-02-21 11:30:51,0.61,17242.0,United Kingdom
569778,20725,LUNCH BAG RED RETROSPOT,8,2025-08-07 10:07:11,1.65,17941.0,Netherlands
562844,POST,POSTAGE,10,2025-07-26 05:22:13,19.8,14641.0,Germany
550780,85123A,WHITE HANGING HEART T-LIGHT HOLDER,3,2025-01-03 08:55:14,2.3,12267.0,United Kingdom
562025,22423,REGENCY CAKESTAND 3 TIER,18,2025-06-01 07:09:11,14.02,12071.0,United Kingdom
555585,85123A,WHITE HANGING HEART T-LIGHT HOLDER,17,2025-04-12 10:44:58,2.3,17153.0,Germany
552842,POST,POSTAGE,18,2025-03-04 09:00:45,19.8,14668.0,United Kingdom
567254,20725,LUNCH BAG RED RETROSPOT,16,2025-09-14 12:40:27,1.65,12464.0,United Kingdom
555973,85099B,JUMBO BAG RED RETROSPOT,13,2025-07-11 19:21:46,2.08,17000.0,France
552428,21977,PACK OF 60 PINK PAISLEY CAKE CASES,6,2025-08-20 07:56:32,0.61,15173.0,United Kingdom
555266,21977,PACK OF 60 PINK PAISLEY CAKE CASES,3,2025-09-18 01:23:17,0.55,,United Kingdom
562558,22423,REGENCY CAKESTAND 3 TIER,12,2025-12-25 19:38:08,12.75,14712.0,United Kingdom
561210,85123A,WHITE HANGING HEART T-LIGHT HOLDER,18,2025-10-21 04:28:12,2.8,13350.0,United Kingdom
554654,22423,REGENCY CAKESTAND 3 TIER,7,2025-08-15 22:16:50,14.02,17589.0,United Kingdom
542009,22423,REGENCY CAKESTAND 3 TIER,19,2025-11-17 12:41:13,11.48,16726.0,Spain
557665,21977,PACK OF 60 PINK PAISLEY CAKE CASES,3,2025-06-24 12:32:49,0.61,13194.0,United Kingdom
550641,22423,REGENCY CAKESTAND 3 TIER,6,2025-12-26 09:48:42,12.75,16409.0,Germany
C567705,20725,LUNCH BAG RED RETROSPOT,-13,2025-10-05 17:04:21,1.48,13078.0,France
566886,21977,PACK OF 60 PINK PAISLEY CAKE CASES,10,2025-08-26 15:40:18,0.61,14719.0,United Kingdom
536023,85099B,JUMBO BAG RED RETROSPOT,15,2025-11-26 22:19:58,2.29,16492.0,United Kingdom
569969,POST,POSTAGE,7,2025-07-08 00:23:50,19.8,12218.0,United Kingdom
566631,22423,REGENCY CAKESTAND 3 TIER,15,2025-09-21 04:36:23,14.02,16354.0,France
566843,21977,PACK OF 60 PINK PAISLEY CAKE CASES,6,2025-04-14 06:39:50,0.55,13355.0,United Kingdom
552921,85123A,WHITE HANGING HEART T-LIGHT HOLDER,3,2025-12-18 04:33:12,2.55,16195.0,France
545198,20725,LUNCH BAG RED RETROSPOT,11,2025-08-16 22:45:36,1.65,14995.0,Spain
556629,85099B,JUMBO BAG RED RETROSPOT,10,2025-10-13 01:44:33,2.08,12156.0,France
566024,85123A,WHITE HANGING HEART T-LIGHT HOLDER,11,2025-06-18 02:54:37,2.3,16571.0,Netherlands
551301,85123A,WHITE HANGING HEART T-LIGHT HOLDER,1,2025-11-13 10:36:37,2.55,,France
569502,20725,LUNCH BAG RED RETROSPOT,8,2025-01-28 06:20:28,1.82,17713.0,Spain
544871,21977,PACK OF 60 PINK PAISLEY CAKE CASES,2,2025-02-11 07:56:51,0.61,17039.0,EIRE
565003,21977,PACK OF 60 PINK PAISLEY CAKE CASES,16,2025-07-05 14:29:40,0.55,13157.0,France
538244,85099B,JUMBO BAG RED RETROSPOT,2,2025-09-25 13:27:10,2.29,15605.0,EIRE
564540,21977,PACK OF 60 PINK PAISLEY CAKE CASES,18,2025-10-23 20:44:33,0.5,14172.0,Netherlands
568134,21977,PACK OF 60 PINK PAISLEY CAKE CASES,2,2025-06-10 10:49:32,0.55,15613.0,United Kingdom
559886,22423,REGENCY CAKESTAND 3 TIER,12,2025-08-26 22:29:48,14.02,15342.0,Germany
557211,85099B,JUMBO BAG RED RETROSPOT,7,2025-07-21 04:33:52,2.29,13775.0,United Kingdom
549990,85099B,JUMBO BAG RED RETROSPOT,3,2025-12-17 04:40:05,2.29,,Spain
565698,20725,LUNCH BAG RED RETROSPOT,7,2025-08-27 09:23:17,1.65,13561.0,United Kingdom
540305,85099B,JUMBO BAG RED RETROSPOT,1,2025-06-02 02:48:15,1.87,17444.0,EIRE
545887,85099B,JUMBO BAG RED RETROSPOT,14,2025-12-20 00:41:36,2.29,17679.0,EIRE
540459,POST,POSTAGE,17,2025-02-09 08:54:37,18.0,12995.0,Netherlands
545451,POST,POSTAGE,7,2025-12-26 12:53:50,18.0,16366.0,United Kingdom
553793,22423,REGENCY CAKESTAND 3 TIER,9,2025-02-26 06:39:56,11.48,17576.0,France
547416,POST,POSTAGE,3,2025-04-16 06:30:19,19.8,12761.0,France
550297,85123A,WHITE HANGING HEART T-LIGHT HOLDER,10,2025-10-27 02:20:00,2.55,,Netherlands
543855,20725,LUNCH BAG RED RETROSPOT,18,2025-09-25 02:41:47,1.82,17626.0,Spain
547994,85123A,WHITE HANGING HEART T-LIGHT HOLDER,11,2025-12-21 21:11:52,2.55,,Germany
552931,85099B,JUMBO BAG RED RETROSPOT,17,2025-10-01 01:34:50,2.08,15494.0,Germany
543269,POST,POSTAGE,15,2025-08-21 16:51:45,18.0,16787.0,United Kingdom
567832,85123A,WHITE HANGING HEART T-LIGHT HOLDER,3,2025-05-07 17:08:48,2.8,14000.0,Netherlands
566503,20725,LUNCH BAG RED RETROSPOT,2,2025-01-02 04:52:43,1.65,13426.0,United Kingdom
565786,85099B,JUMBO BAG RED RETROSPOT,7,2025-02-15 05:56:10,2.08,14382.0,France
536050,85123A,WHITE HANGING HEART T-LIGHT HOLDER,18,2025-04-19 08:49:21,2.55,14012.0,EIRE
552833,POST,POSTAGE,4,2025-01-15 15:48:40,16.2,16352.0,United Kingdom
563033,21977,PACK OF 60 PINK PAISLEY CAKE CASES,1,2025-07-05 00:52:46,0.5,14225.0,United Kingdom
547857,POST,POSTAGE,19,2025-10-11 19:34:19,16.2,,United Kingdom
543873,20725,LUNCH BAG RED RETROSPOT,4,2025-12-18 08:10:53,1.65,17667.0,Spain
556797,85123A,WHITE HANGING HEART T-LIGHT HOLDER,7,2025-06-28 11:59:58,2.55,15472.0,United Kingdom
536084,22423,REGENCY CAKESTAND 3 TIER,15,2025-11-16 21:50:13,12.75,17576.0,United Kingdom
556816,22423,REGENCY CAKESTAND 3 TIER,2,2025-12-26 03:11:35,11.48,16262.0,France
551350,85099B,JUMBO BAG RED RETROSPOT,4,2025-11-10 22:44:34,2.08,17311.0,United Kingdom
559247,85123A,WHITE HANGING HEART T-LIGHT HOLDER,14,2025-06-19 14:44:56,2.3,13172.0,Spain
559217,85099B,JUMBO BAG RED RETROSPOT,1,2025-04-29 10:14:39,2.08,17629.0,United Kingdom
554210,20725,LUNCH BAG RED RETROSPOT,14,2025-12-23 01:43:06,1.65,17665.0,United Kingdom
555847,85123A,WHITE HANGING HEART T-LIGHT HOLDER,11,2025-03-30 01:37:18,2.55,12244.0,United Kingdom
536909,20725,LUNCH BAG RED RETROSPOT,5,2025-05-31 19:36:41,1.48,14137.0,United Kingdom
569364,85099B,JUMBO BAG RED RETROSPOT,12,2025-01-28 09:38:47,1.87,14479.0,United Kingdom
538585,85123A,WHITE HANGING HEART T-LIGHT HOLDER,7,2025-10-17 18:16:37,2.55,14516.0,France
569206,85123A,WHITE HANGING HEART T-LIGHT HOLDER,19,2025-08-26 19:59:55,2.3,16670.0,United Kingdom
569108,85123A,WHITE HANGING HEART T-LIGHT HOLDER,8,2025-01-31 09:39:00,2.8,,United Kingdom
560410,21977,PACK OF 60 PINK PAISLEY CAKE CASES,15,2025-03-23 07:35:37,0.5,13277.0,United Kingdom
561372,85123A,WHITE HANGING HEART T-LIGHT HOLDER,6,2025-07-22 06:27:29,2.3,15652.0,United Kingdom
537019,20725,LUNCH BAG RED RETROSPOT,16,2025-07-17 15:16:46,1.65,17847.0,Netherlands
568240,20725,LUNCH BAG RED RETROSPOT,6,2025-10-20 17:01:45,1.65,14640.0,United Kingdom
553964,85123A,WHITE HANGING HEART T-LIGHT HOLDER,10,2025-04-08 08:23:19,2.55,17569.0,Netherlands
547543,POST,POSTAGE,16,2025-12-04 13:36:46,16.2,15898.0,United Kingdom
558773,POST,POSTAGE,18,2025-06-12 12:57:21,18.0,17549.0,United Kingdom
554188,85123A,WHITE HANGING HEART T-LIGHT HOLDER,15,2025-10-28 03:28:55,2.8,17416.0,United Kingdom
548294,POST,POSTAGE,13,2025-03-29 12:36:59,18.0,,United Kingdom
546946,22423,REGENCY CAKESTAND 3 TIER,14,2025-01-14 18:13:13,12.75,16801.0,EIRE
540017,21977,PACK OF 60 PINK PAISLEY CAKE CASES,8,2025-01-21 23:05:21,0.55,13134.0,United Kingdom
566903,85123A,WHITE HANGING HEART T-LIGHT HOLDER,14,2025-05-17 08:00:55,2.8,16945.0,United Kingdom
558637,20725,LUNCH BAG RED RETROSPOT,11,2025-12-14 05:43:39,1.48,,Germany
545782,20725,LUNCH BAG RED RETROSPOT,10,2025-01-18 21:27:08,1.65,13550.0,Germany
560587,POST,POSTAGE,6,2025-05-15 22:04:06,18.0,12397.0,Netherlands
559589,POST,POSTAGE,7,2025-02-09 19:54:26,19.8,14516.0,Netherlands
540756,85123A,WHITE HANGING HEART T-LIGHT HOLDER,3,2025-12-07 08:02:59,2.3,13817.0,France
541951,21977,PACK OF 60 PINK PAISLEY CAKE CASES,14,2025-09-04 06:37:10,0.55,15322.0,EIRE
C543849,22423,REGENCY CAKESTAND 3 TIER,-1,2025-10-06 14:59:45,12.75,,EIRE
539578,85123A,WHITE HANGING HEART T-LIGHT HOLDER,3,2025-09-18 06:07:33,2.55,12265.0,United Kingdom
563980,85123A,WHITE HANGING HEART T-LIGHT HOLDER,6,2025-08-28 18:27:56,2.55,14622.0,France
541291,POST,POSTAGE,3,2025-10-10 09:32:57,16.2,16618.0,United Kingdom
563585,21977,PACK OF 60 PINK PAISLEY CAKE CASES,15,2025-01-03 07:51:02,0.61,13889.0,France
554001,85123A,WHITE HANGING HEART T-LIGHT HOLDER,3,2025-11-12 19:18:27,2.55,13940.0,Netherlands
539971,POST,POSTAGE,9,2025-09-28 08:31:20,18.0,12984.0,United Kingdom
564714,20725,LUNCH BAG RED RETROSPOT,14,2025-09-27 03:08:08,1.65,13695.0,EIRE
541898,22423,REGENCY CAKESTAND 3 TIER,12,2025-05-24 19:04:39,12.75,13792.0,Netherlands
569975,85099B,JUMBO BAG RED RETROSPOT,12,2025-10-20 07:35:06,2.08,,United Kingdom
536477,20725,LUNCH BAG RED RETROSPOT,7,2025-05-20 15:43:35,1.65,14062.0,United Kingdom
557171,21977,PACK OF 60 PINK PAISLEY CAKE CASES,9,2025-01-18 15:49:06,0.5,13700.0,Netherlands
546664,85099B,JUMBO BAG RED RETROSPOT,15,2025-11-28 01:59:37,1.87,16084.0,Netherlands
554142,85099B,JUMBO BAG RED RETROSPOT,10,2025-03-27 00:48:13,2.08,14028.0,United Kingdom
564549,85123A,WHITE HANGING HEART T-LIGHT HOLDER,14,2025-02-07 19:41:20,2.3,16528.0,United Kingdom
562754,85099B,JUMBO BAG RED RETROSPOT,16,2025-08-15 01:20:29,2.08,15628.0,France
545568,85099B,JUMBO BAG RED RETROSPOT,5,2025-03-27 07:57:51,2.08,15842.0,United Kingdom
538167,22423,REGENCY CAKESTAND 3 TIER,3,2025-11-10 18:17:31,12.75,15501.0,United Kingdom
545643,22423,REGENCY CAKESTAND 3 TIER,9,2025-06-11 04:15:54,11.48,17537.0,United Kingdom
C563519,21977,PACK OF 60 PINK PAISLEY CAKE CASES,-8,2025-01-02 12:32:10,0.55,13534.0,United Kingdom
553523,85099B,JUMBO BAG RED RETROSPOT,3,2025-12-14 02:46:30,2.29,17894.0,Germany
561784,85099B,JUMBO BAG RED RETROSPOT,15,2025-07-07 13:22:56,2.08,13238.0,Germany
552820,85123A,WHITE HANGING HEART T-LIGHT HOLDER,12,2025-04-06 17:07:29,2.3,12829.0,Germany
554004,POST,POSTAGE,13,2025-09-05 05:58:21,18.0,16958.0,EIRE
538200,22423,REGENCY CAKESTAND 3 TIER,14,2025-07-13 06:45:47,12.75,17375.0,United Kingdom
536781,85099B,JUMBO BAG RED RETROSPOT,9,2025-01-11 12:45:46,2.08,12556.0,United Kingdom
559914,85123A,WHITE HANGING HEART T-LIGHT HOLDER,10,2025-10-05 18:59:27,2.55,15598.0,United Kingdom
542874,20725,LUNCH BAG RED RETROSPOT,5,2025-05-27 13:04:48,1.82,15076.0,United Kingdom
548262,85099B,JUMBO BAG RED RETROSPOT,14,2025-09-13 16:50:12,2.08,13320.0,United Kingdom
548570,85099B,JUMBO BAG RED RETROSPOT,18,2025-11-23 09:55:49,2.29,15123.0,United Kingdom
557526,20725,LUNCH BAG RED RETROSPOT,17,2025-08-11 03:05:22,1.48,16114.0,United Kingdom
568001,20725,LUNCH BAG RED RETROSPOT,8,2025-09-03 23:08:46,1.65,15444.0,United Kingdom
561763,85099B,JUMBO BAG RED RETROSPOT,1,2025-04-03 19:06:41,2.08,15118.0,Germany
557708,85099B,JUMBO BAG RED RETROSPOT,17,2025-03-28 01:10:56,2.08,17313.0,Germany
564386,POST,POSTAGE,11,2025-06-01 06:37:23,19.8,,Netherlands
553343,POST,POSTAGE,15,2025-11-08 09:57:29,18.0,15743.0,EIRE
C540940,20725,LUNCH BAG RED RETROSPOT,-6,2025-07-11 01:57:25,1.65,13899.0,Germany
552606,20725,LUNCH BAG RED RETROSPOT,17,2025-05-08 20:34:46,1.82,17841.0,United Kingdom
569249,POST,POSTAGE,16,2025-10-12 04:08:40,19.8,13509.0,Germany
562519,POST,POSTAGE,1,2025-11-08 04:57:01,16.2,17228.0,United Kingdom
547888,85123A,WHITE HANGING HEART T-LIGHT HOLDER,11,2025-11-26 07:36:05,2.55,15792.0,United Kingdom
547003,POST,POSTAGE,10,2025-04-20 22:26:23,18.0,13288.0,United Kingdom
567212,20725,LUNCH BAG RED RETROSPOT,13,2025-09-17 05:25:17,1.82,16552.0,United Kingdom
539213,21977,PACK OF 60 PINK PAISLEY CAKE CASES,5,2025-08-04 10:12:42,0.55,,United Kingdom
567712,85099B,JUMBO BAG RED RETROSPOT,2,2025-06-13 16:22:35,2.08,13573.0,France
559019,22423,REGENCY CAKESTAND 3 TIER,6,2025-05-25 03:45:30,14.02,14068.0,EIRE
563464,20725,LUNCH BAG RED RETROSPOT,10,2025-02-11 02:08:11,1.82,16090.0,France
547186,21977,PACK OF 60 PINK PAISLEY CAKE CASES,6,2025-04-11 02:14:03,0.5,14349.0,Germany
558049,85123A,WHITE HANGING HEART T-LIGHT HOLDER,9,2025-07-20 04:24:28,2.55,15414.0,United Kingdom
547070,21977,PACK OF 60 PINK PAISLEY CAKE CASES,8,2025-11-20 07:50:58,0.61,15317.0,United Kingdom
536585,85123A,WHITE HANGING HEART T-LIGHT HOLDER,14,2025-11-13 22:34:37,2.3,13179.0,France
551460,85099B,JUMBO BAG RED RETROSPOT,8,2025-03-10 22:04:24,2.08,13395.0,United Kingdom
569315,21977,PACK OF 60 PINK PAISLEY CAKE CASES,3,2025-09-05 13:39:40,0.61,13840.0,United Kingdom
544252,21977,PACK OF 60 PINK PAISLEY CAKE CASES,13,2025-01-31 22:32:17,0.61,,United Kingdom
541510,85123A,WHITE HANGING HEART T-LIGHT HOLDER,5,2025-09-04 00:41:36,2.3,17512.0,Netherlands
567337,85123A,WHITE HANGING HEART T-LIGHT HOLDER,6,2025-05-05 13:31:06,2.8,14288.0,Germany
566946,22423,REGENCY CAKESTAND 3 TIER,14,2025-06-14 10:39:35,12.75,14429.0,United Kingdom
564796,21977,PACK OF 60 PINK PAISLEY CAKE CASES,6,2025-09-19 02:50:11,0.55,16032.0,Germany
569201,POST,POSTAGE,2,2025-06-05 13:16:29,18.0,16728.0,United Kingdom
569697,20725,LUNCH BAG RED RETROSPOT,7,2025-10-22 10:57:29,1.65,16128.0,United Kingdom
567224,20725,LUNCH BAG RED RETROSPOT,8,2025-07-14 18:19:24,1.48,15307.0,United Kingdom
568794,22423,REGENCY CAKESTAND 3 TIER,14,2025-12-31 10:01:34,12.75,,United Kingdom
561316,85123A,WHITE HANGING HEART T-LIGHT HOLDER,14,2025-08-21 10:17:57,2.3,17399.0,France
546691,POST,POSTAGE,1,2025-04-19 05:32:44,19.8,13214.0,United Kingdom
551583,85099B,JUMBO BAG RED RETROSPOT,15,2025-10-10 11:20:22,2.08,12960.0,EIRE
548940,85123A,WHITE HANGING HEART T-LIGHT HOLDER,15,2025-05-29 01:49:29,2.55,14357.0,United Kingdom
553322,85099B,JUMBO BAG RED RETROSPOT,4,2025-07-14 13:35:33,1.87,17012.0,France
559740,21977,PACK OF 60 PINK PAISLEY CAKE CASES,7,2025-02-19 09:09:27,0.5,17788.0,Germany
544218,22423,REGENCY CAKESTAND 3 TIER,15,2025-02-13 06:34:06,11.48,16215.0,Germany
536538,85123A,WHITE HANGING HEART T-LIGHT HOLDER,11,2025-07-29 08:55:28,2.8,16140.0,Germany
556492,21977,PACK OF 60 PINK PAISLEY CAKE CASES,7,2025-03-10 21:24:20,0.5,13402.0,Netherlands
569792,85123A,WHITE HANGING HEART T-LIGHT HOLDER,15,2025-12-31 16:53:43,2.3,15553.0,United Kingdom
565301,85099B,JUMBO BAG RED RETROSPOT,13,2025-11-09 20:27:27,2.08,13105.0,France
536368,20725,LUNCH BAG RED RETROSPOT,10,2025-09-13 09:27:41,1.82,,France
556356,POST,POSTAGE,1,2025-09-26 09:26:48,16.2,13162.0,United Kingdom
554070,85099B,JUMBO BAG RED RETROSPOT,13,2025-08-06 00:18:54,2.08,12453.0,United Kingdom
550447,85123A,WHITE HANGING HEART T-LIGHT HOLDER,4,2025-01-23 16:22:18,2.55,,United Kingdom
558735,85099B,JUMBO BAG RED RETROSPOT,18,2025-05-24 00:28:49,2.08,17360.0,United Kingdom
550499,22423,REGENCY CAKESTAND 3 TIER,4,2025-06-30 23:20:11,11.48,,United Kingdom
567080,POST,POSTAGE,1,2025-12-01 16:30:01,19.8,15753.0,United Kingdom
566863,20725,LUNCH BAG RED RETROSPOT,8,2025-03-22 11:10:25,1.65,13439.0,Germany
557900,85099B,JUMBO BAG RED RETROSPOT,7,2025-07-01 15:51:31,2.08,15430.0,United Kingdom
551588,20725,LUNCH BAG RED RETROSPOT,7,2025-05-06 23:50:53,1.65,16488.0,EIRE
556296,85099B,JUMBO BAG RED RETROSPOT,18,2025-02-19 03:50:54,2.08,15237.0,United Kingdom
566601,85099B,JUMBO BAG RED RETROSPOT,6,2025-02-07 17:54:11,2.29,13691.0,France
546212,POST,POSTAGE,16,2025-05-14 20:47:21,18.0,14351.0,United Kingdom
565533,85123A,WHITE HANGING HEART T-LIGHT HOLDER,4,2025-01-31 14:04:26,2.8,17045.0,United Kingdom
556091,22423,REGENCY CAKESTAND 3 TIER,12,2025-01-25 15:54:10,12.75,13527.0,United Kingdom
538160,POST,POSTAGE,3,2025-05-09 12:08:39,18.0,17768.0,France
561489,85099B,JUMBO BAG RED RETROSPOT,5,2025-03-15 03:41:50,1.87,16531.0,United Kingdom
542875,22423,REGENCY CAKESTAND 3 TIER,3,2025-07-22 23:32:37,12.75,17341.0,Netherlands
553530,85123A,WHITE HANGING HEART T-LIGHT HOLDER,7,2025-01-07 06:54:09,2.55,15057.0,United Kingdom
568313,85099B,JUMBO BAG RED RETROSPOT,9,2025-04-21 09:15:16,2.08,13342.0,Germany
562507,85099B,JUMBO BAG RED RETROSPOT,17,2025-06-15 23:22:04,2.08,12203.0,United Kingdom
559784,85099B,JUMBO BAG RED RETROSPOT,15,2025-12-18 01:21:33,2.08,15209.0,Germany
538366,22423,REGENCY CAKESTAND 3 TIER,14,2025-08-20 09:47:09,11.48,14394.0,United Kingdom
565209,85099B,JUMBO BAG RED RETROSPOT,10,2025-11-18 13:20:29,2.29,12682.0,United Kingdom
547402,21977,PACK OF 60 PINK PAISLEY CAKE CASES,6,2025-05-06 05:40:57,0.55,17571.0,United Kingdom
537705,POST,POSTAGE,6,2025-06-14 16:04:54,18.0,17821.0,United Kingdom
568633,21977,PACK OF 60 PINK PAISLEY CAKE CASES,3,2025-06-03 12:34:44,0.61,14243.0,United Kingdom
542486,21977,PACK OF 60 PINK PAISLEY CAKE CASES,13,2025-11-20 06:17:24,0.55,,Netherlands
546997,20725,LUNCH BAG RED RETROSPOT,15,2025-12-17 04:55:59,1.82,,United Kingdom
540833,85123A,WHITE HANGING HEART T-LIGHT HOLDER,11,2025-12-18 06:52:47,2.55,14980.0,United Kingdom
557143,22423,REGENCY CAKESTAND 3 TIER,11,2025-10-02 19:00:04,12.75,15743.0,Netherlands
565507,85123A,WHITE HANGING HEART T-LIGHT HOLDER,8,2025-07-03 12:30:07,2.55,14498.0,United Kingdom
553676,85099B,JUMBO BAG RED RETROSPOT,19,2025-07-17 19:03:47,2.29,16810.0,United Kingdom
565557,POST,POSTAGE,17,2025-12-24 17:14:27,19.8,13136.0,France
567845,22423,REGENCY CAKESTAND 3 TIER,8,2025-04-14 19:13:12,12.75,16010.0,Netherlands
565666,20725,LUNCH BAG RED RETROSPOT,15,2025-05-07 20:31:18,1.65,17898.0,France
541534,85123A,WHITE HANGING HEART T-LIGHT HOLDER,7,2025-11-24 14:48:52,2.55,17100.0,United Kingdom
543004,85099B,JUMBO BAG RED RETROSPOT,3,2025-05-22 08:38:49,2.08,12274.0,Netherlands
546179,85099B,JUMBO BAG RED RETROSPOT,6,2025-03-27 16:39:25,2.08,12683.0,United Kingdom
557697,85123A,WHITE HANGING HEART T-LIGHT HOLDER,16,2025-07-24 22:40:02,2.3,15772.0,Netherlands
565320,85099B,JUMBO BAG RED RETROSPOT,10,2025-04-29 07:42:49,2.29,17547.0,EIRE
546637,21977,PACK OF 60 PINK PAISLEY CAKE CASES,17,2025-11-22 11:42:10,0.5,17064.0,Netherlands
558650,85099B,JUMBO BAG RED RETROSPOT,7,2025-11-28 21:05:35,2.08,17423.0,United Kingdom
542367,20725,LUNCH BAG RED RETROSPOT,9,2025-04-22 14:20:07,1.65,12898.0,United Kingdom
554463,POST,POSTAGE,2,2025-07-13 03:27:35,16.2,15114.0,Germany
562510,85099B,JUMBO BAG RED RETROSPOT,15,2025-12-26 08:24:46,2.08,16355.0,United Kingdom
549426,POST,POSTAGE,6,2025-09-28 06:06:27,19.8,15748.0,United Kingdom
541547,85123A,WHITE HANGING HEART T-LIGHT HOLDER,2,2025-03-20 11:27:31,2.55,16662.0,Netherlands
549984,22423,REGENCY CAKESTAND 3 TIER,5,2025-08-04 23:49:28,12.75,13276.0,Germany
561911,85099B,JUMBO BAG RED RETROSPOT,13,2025-08-15 20:08:39,2.08,14742.0,United Kingdom
567787,21977,PACK OF 60 PINK PAISLEY CAKE CASES,16,2025-08-27 23:02:58,0.61,14687.0,United Kingdom
556949,21977,PACK OF 60 PINK PAISLEY CAKE CASES,19,2025-01-10 17:47:45,0.55,17639.0,United Kingdom
558816,21977,PACK OF 60 PINK PAISLEY CAKE CASES,5,2025-04-20 12:10:58,0.55,13216.0,United Kingdom
550259,POST,POSTAGE,12,2025-11-08 15:50:12,19.8,13958.0,United Kingdom
C567589,22423,REGENCY CAKESTAND 3 TIER,-9,2025-03-30 11:58:42,12.75,12131.0,EIRE
565577,20725,LUNCH BAG RED RETROSPOT,14,2025-04-20 00:59:03,1.65,12910.0,France
569054,21977,PACK OF 60 PINK PAISLEY CAKE CASES,13,2025-04-28 02:48:13,0.5,17885.0,United Kingdom
565355,85099B,JUMBO BAG RED RETROSPOT,2,2025-03-06 13:18:56,2.08,17086.0,United Kingdom
554598,22423,REGENCY CAKESTAND 3 TIER,3,2025-02-26 15:49:53,14.02,13554.0,Germany
568654,22423,REGENCY CAKESTAND 3 TIER,12,2025-05-07 06:05:14,12.75,16212.0,EIRE
556736,85099B,JUMBO BAG RED RETROSPOT,11,2025-11-16 00:44:41,1.87,15558.0,Spain
556454,20725,LUNCH BAG RED RETROSPOT,17,2025-01-01 01:40:30,1.65,17439.0,United Kingdom
558316,85099B,JUMBO BAG RED RETROSPOT,17,2025-04-14 07:32:39,1.87,13801.0,EIRE
542320,85123A,WHITE HANGING HEART T-LIGHT HOLDER,2,2025-01-23 20:40:01,2.55,17966.0,United Kingdom
564531,20725,LUNCH BAG RED RETROSPOT,12,2025-07-24 10:02:28,1.82,,United Kingdom
548334,21977,PACK OF 60 PINK PAISLEY CAKE CASES,8,2025-04-02 23:21:41,0.55,16301.0,Spain
558408,POST,POSTAGE,10,2025-10-17 21:27:20,16.2,14386.0,United Kingdom
564704,85099B,JUMBO BAG RED RETROSPOT,2,2025-08-02 20:35:57,2.08,16029.0,United Kingdom
539898,21977,PACK OF 60 PINK PAISLEY CAKE CASES,16,2025-10-14 23:14:34,0.5,14010.0,United Kingdom
546228,85099B,JUMBO BAG RED RETROSPOT,4,2025-08-20 05:48:38,2.08,17059.0,United Kingdom
568042,21977,PACK OF 60 PINK PAISLEY CAKE CASES,18,2025-06-10 23:22:33,0.55,15824.0,United Kingdom
548277,85099B,JUMBO BAG RED RETROSPOT,18,2025-11-11 22:10:21,2.29,13732.0,Germany
558471,85123A,WHITE HANGING HEART T-LIGHT HOLDER,16,2025-06-23 19:10:19,2.8,17765.0,United Kingdom
555095,POST,POSTAGE,3,2025-12-13 04:37:18,18.0,16255.0,United Kingdom
C565577,20725,LUNCH BAG RED RETROSPOT,-8,2025-12-30 06:57:35,1.82,14571.0,Spain
553350,21977,PACK OF 60 PINK PAISLEY CAKE CASES,1,2025-08-03 15:39:21,0.55,12815.0,United Kingdom
550441,85099B,JUMBO BAG RED RETROSPOT,12,2025-09-04 01:05:18,1.87,17839.0,Netherlands
536558,20725,LUNCH BAG RED RETROSPOT,17,2025-04-04 19:43:09,1.82,,United Kingdom
552140,85123A,WHITE HANGING HEART T-LIGHT HOLDER,11,2025-10-25 10:12:53,2.55,16006.0,Germany
555894,22423,REGENCY CAKESTAND 3 TIER,1,2025-09-03 00:31:11,14.02,16998.0,United Kingdom
559421,85123A,WHITE HANGING HEART T-LIGHT HOLDER,6,2025-11-26 07:08:15,2.55,15642.0,EIRE
562526,85123A,WHITE HANGING HEART T-LIGHT HOLDER,4,2025-04-08 09:28:55,2.8,,United Kingdom
562397,85123A,WHITE HANGING HEART T-LIGHT HOLDER,9,2025-10-15 15:43:28,2.55,13422.0,Spain
551614,20725,LUNCH BAG RED RETROSPOT,8,2025-06-21 14:27:15,1.65,12474.0,United Kingdom
538667,22423,REGENCY CAKESTAND 3 TIER,16,2025-03-09 08:54:19,11.48,,Germany
544647,20725,LUNCH BAG RED RETROSPOT,5,2025-03-04 14:51:55,1.65,16372.0,United Kingdom
549849,POST,POSTAGE,6,2025-07-25 21:22:41,18.0,17111.0,United Kingdom
569285,85123A,WHITE HANGING HEART T-LIGHT HOLDER,5,2025-04-27 08:24:12,2.55,12983.0,United Kingdom
562175,20725,LUNCH BAG RED RETROSPOT,17,2025-02-07 08:58:36,1.65,15443.0,United Kingdom
566414,85099B,JUMBO BAG RED RETROSPOT,6,2025-06-05 02:26:21,2.29,12743.0,United Kingdom
569736,POST,POSTAGE,19,2025-08-27 09:04:18,16.2,14486.0,Germany
540528,85099B,JUMBO BAG RED RETROSPOT,13,2025-04-27 06:48:58,2.08,16744.0,United Kingdom
536395,85099B,JUMBO BAG RED RETROSPOT,6,2025-12-15 18:13:07,2.29,16871.0,United Kingdom
555515,22423,REGENCY CAKESTAND 3 TIER,12,2025-10-12 02:42:49,12.75,17692.0,United Kingdom
545003,POST,POSTAGE,3,2025-07-07 14:09:38,18.0,13863.0,United Kingdom
565540,22423,REGENCY CAKESTAND 3 TIER,18,2025-12-08 18:31:57,12.75,17692.0,United Kingdom
551804,20725,LUNCH BAG RED RETROSPOT,19,2025-06-08 06:07:36,1.82,,Germany
536317,85123A,WHITE HANGING HEART T-LIGHT HOLDER,6,2025-02-20 01:37:29,2.8,14031.0,United Kingdom
543580,21977,PACK OF 60 PINK PAISLEY CAKE CASES,4,2025-01-14 16:14:25,0.55,,Spain
547612,85099B,JUMBO BAG RED RETROSPOT,9,2025-12-09 14:07:14,2.08,12645.0,United Kingdom
536915,85123A,WHITE HANGING HEART T-LIGHT HOLDER,15,2025-12-17 13:30:42,2.55,17525.0,United Kingdom
546790,85123A,WHITE HANGING HEART T-LIGHT HOLDER,12,2025-09-27 21:06:43,2.55,13219.0,Spain
554344,22423,REGENCY CAKESTAND 3 TIER,1,2025-02-07 02:29:50,14.02,13607.0,United Kingdom
566370,20725,LUNCH BAG RED RETROSPOT,1,2025-04-18 04:44:46,1.48,14477.0,United Kingdom
558079,20725,LUNCH BAG RED RETROSPOT,5,2025-01-15 11:12:51,1.48,12825.0,Netherlands
539170,85123A,WHITE HANGING HEART T-LIGHT HOLDER,15,2025-01-19 13:29:24,2.55,16835.0,Netherlands
550146,85099B,JUMBO BAG RED RETROSPOT,5,2025-03-31 22:02:56,2.08,16188.0,France
562135,85123A,WHITE HANGING HEART T-LIGHT HOLDER,17,2025-07-28 14:50:53,2.55,12939.0,United Kingdom
548575,20725,LUNCH BAG RED RETROSPOT,6,2025-01-24 05:04:58,1.65,,Germany
555146,20725,LUNCH BAG RED RETROSPOT,17,2025-12-26 20:26:41,1.82,12131.0,Netherlands
569510,POST,POSTAGE,18,2025-06-16 09:57:02,19.8,,Netherlands
540685,POST,POSTAGE,14,2025-04-07 20:50:15,16.2,14614.0,United Kingdom
552235,22423,REGENCY CAKESTAND 3 TIER,4,2025-07-08 06:37:22,14.02,,United Kingdom
556728,22423,REGENCY CAKESTAND 3 TIER,2,2025-10-16 18:59:37,14.02,12899.0,United Kingdom
563134,POST,POSTAGE,4,2025-04-25 12:53:09,18.0,13385.0,United Kingdom
564452,85123A,WHITE HANGING HEART T-LIGHT HOLDER,13,2025-01-18 13:20:06,2.3,15248.0,France
545763,85123A,WHITE HANGING HEART T-LIGHT HOLDER,14,2025-01-19 23:24:09,2.8,13252.0,United Kingdom
551874,22423,REGENCY CAKESTAND 3 TIER,19,2025-11-07 03:42:03,11.48,15677.0,United Kingdom
564226,20725,LUNCH BAG RED RETROSPOT,19,2025-02-10 07:26:11,1.48,17543.0,United Kingdom
564523,21977,PACK OF 60 PINK PAISLEY CAKE CASES,6,2025-08-20 04:23:33,0.55,13830.0,United Kingdom
564005,POST,POSTAGE,8,2025-05-21 19:59:16,16.2,15647.0,United Kingdom
558698,85099B,JUMBO BAG RED RETROSPOT,15,2025-10-11 20:24:43,2.08,17494.0,United Kingdom
545101,22423,REGENCY CAKESTAND 3 TIER,15,2025-01-23 20:07:08,11.48,17362.0,United Kingdom
548521,85099B,JUMBO BAG RED RETROSPOT,6,2025-11-24 05:42:57,1.87,12046.0,Netherlands
558299,20725,LUNCH BAG RED RETROSPOT,1,2025-09-12 06:13:33,1.82,12661.0,United Kingdom
544648,85123A,WHITE HANGING HEART T-LIGHT HOLDER,2,2025-06-13 09:39:07,2.55,,United Kingdom
559188,POST,POSTAGE,16,2025-03-17 18:32:33,18.0,17552.0,United Kingdom
553510,85099B,JUMBO BAG RED RETROSPOT,7,2025-12-23 18:01:54,2.29,,United Kingdom
551048,20725,LUNCH BAG RED RETROSPOT,14,2025-04-21 23:42:53,1.65,,United Kingdom
548084,20725,LUNCH BAG RED RETROSPOT,16,2025-06-29 18:49:31,1.65,15436.0,United Kingdom
562308,85099B,JUMBO BAG RED RETROSPOT,18,2025-05-24 22:53:47,2.08,16010.0,United Kingdom
551826,20725,LUNCH BAG RED RETROSPOT,10,2025-03-26 06:23:20,1.65,16502.0,United Kingdom
546434,85099B,JUMBO BAG RED RETROSPOT,13,2025-06-02 14:32:15,1.87,14237.0,Germany
549053,20725,LUNCH BAG RED RETROSPOT,4,2025-02-25 12:47:31,1.82,17339.0,United Kingdom
552465,20725,LUNCH BAG RED RETROSPOT,18,2025-01-01 03:38:30,1.48,12354.0,United Kingdom
556997,21977,PACK OF 60 PINK PAISLEY CAKE CASES,17,2025-04-16 22:43:43,0.55,12194.0,Germany
569665,85123A,WHITE HANGING HEART T-LIGHT HOLDER,8,2025-02-10 02:51:51,2.3,17747.0,United Kingdom
547575,POST,POSTAGE,7,2025-06-01 20:31:00,16.2,13063.0,United Kingdom
542074,POST,POSTAGE,14,2025-11-11 06:24:13,16.2,17967.0,United Kingdom
569250,21977,PACK OF 60 PINK PAISLEY CAKE CASES,8,2025-03-01 05:19:05,0.55,13715.0,United Kingdom
541024,POST,POSTAGE,14,2025-01-01 14:25:53,18.0,14187.0,United Kingdom
C566729,85099B,JUMBO BAG RED RETROSPOT,-2,2025-02-10 11:13:03,2.08,12167.0,Netherlands
540834,85099B,JUMBO BAG RED RETROSPOT,6,2025-07-05 09:16:09,2.08,17663.0,Netherlands
548371,85099B,JUMBO BAG RED RETROSPOT,15,2025-04-11 21:40:43,1.87,14155.0,Netherlands
569935,85123A,WHITE HANGING HEART T-LIGHT HOLDER,18,2025-06-28 16:46:35,2.8,,United Kingdom
541633,21977,PACK OF 60 PINK PAISLEY CAKE CASES,1,2025-01-11 14:36:48,0.61,,United Kingdom
541437,21977,PACK OF 60 PINK PAISLEY CAKE CASES,15,2025-05-02 18:54:24,0.61,12928.0,United Kingdom
556712,85123A,WHITE HANGING HEART T-LIGHT HOLDER,2,2025-05-30 19:16:38,2.3,16738.0,United Kingdom
542468,22423,REGENCY CAKESTAND 3 TIER,17,2025-06-07 04:19:48,14.02,12438.0,United Kingdom
536829,20725,LUNCH BAG RED RETROSPOT,5,2025-07-21 10:35:34,1.65,,United Kingdom
559622,20725,LUNCH BAG RED RETROSPOT,7,2025-10-12 21:43:37,1.48,14347.0,United Kingdom
568619,POST,POSTAGE,14,2025-06-20 19:32:44,16.2,12223.0,United Kingdom
561822,22423,REGENCY CAKESTAND 3 TIER,16,2025-11-04 01:27:13,12.75,12313.0,United Kingdom
568784,20725,LUNCH BAG RED RETROSPOT,8,2025-07-13 05:54:37,1.65,15111.0,France
553920,85123A,WHITE HANGING HEART T-LIGHT HOLDER,6,2025-04-06 06:21:29,2.3,14367.0,United Kingdom
556877,85123A,WHITE HANGING HEART T-LIGHT HOLDER,19,2025-03-25 12:19:13,2.55,12778.0,Spain
569410,20725,LUNCH BAG RED RETROSPOT,19,2025-04-28 19:33:18,1.48,12830.0,United Kingdom
553126,85099B,JUMBO BAG RED RETROSPOT,10,2025-08-07 11:35:37,2.29,16828.0,United Kingdom
537322,20725,LUNCH BAG RED RETROSPOT,1,2025-03-30 04:24:34,1.65,16383.0,United Kingdom
C544119,22423,REGENCY CAKESTAND 3 TIER,-19,2025-11-30 13:22:32,12.75,15646.0,United Kingdom
557107,85123A,WHITE HANGING HEART T-LIGHT HOLDER,12,2025-06-25 05:16:59,2.55,,United Kingdom
565149,21977,PACK OF 60 PINK PAISLEY CAKE CASES,11,2025-11-12 16:16:27,0.61,12415.0,United Kingdom
556619,85123A,WHITE HANGING HEART T-LIGHT HOLDER,3,2025-09-07 23:24:56,2.55,16126.0,Germany
549790,22423,REGENCY CAKESTAND 3 TIER,19,2025-05-02 15:10:34,12.75,16515.0,United Kingdom
546922,85123A,WHITE HANGING HEART T-LIGHT HOLDER,14,2025-03-25 21:53:48,2.8,13202.0,United Kingdom
559229,22423,REGENCY CAKESTAND 3 TIER,5,2025-09-29 13:03:59,12.75,15218.0,Netherlands
566580,20725,LUNCH BAG RED RETROSPOT,7,2025-05-01 19:30:22,1.48,16601.0,United Kingdom
545453,85123A,WHITE HANGING HEART T-LIGHT HOLDER,7,2025-04-01 22:33:44,2.55,15620.0,Germany
554797,21977,PACK OF 60 PINK PAISLEY CAKE CASES,17,2025-12-06 04:10:16,0.61,13497.0,United Kingdom
550531,21977,PACK OF 60 PINK PAISLEY CAKE CASES,10,2025-06-26 15:58:31,0.61,15988.0,United Kingdom
544375,85099B,JUMBO BAG RED RETROSPOT,17,2025-01-18 06:07:23,1.87,16556.0,United Kingdom
549779,85099B,JUMBO BAG RED RETROSPOT,14,2025-06-30 02:01:55,2.29,12058.0,United Kingdom
539004,21977,PACK OF 60 PINK PAISLEY CAKE CASES,7,2025-06-18 05:38:38,0.61,15404.0,France
554025,20725,LUNCH BAG RED RETROSPOT,8,2025-11-12 03:25:20,1.48,15027.0,United Kingdom
539642,85123A,WHITE HANGING HEART T-LIGHT HOLDER,16,2025-09-17 04:32:20,2.55,,United Kingdom
552118,20725,LUNCH BAG RED RETROSPOT,10,2025-03-11 00:09:38,1.82,12265.0,United Kingdom
C566509,85123A,WHITE HANGING HEART T-LIGHT HOLDER,-13,2025-02-24 23:17:26,2.3,,Spain
540954,85099B,JUMBO BAG RED RETROSPOT,3,2025-08-09 10:34:04,2.29,16501.0,EIRE
544510,85099B,JUMBO BAG RED RETROSPOT,9,2025-01-18 03:59:04,2.08,16965.0,Netherlands
560515,85123A,WHITE HANGING HEART T-LIGHT HOLDER,11,2025-04-27 08:14:22,2.55,,Germany
566838,85123A,WHITE HANGING HEART T-LIGHT HOLDER,7,2025-02-20 17:55:16,2.55,17637.0,Germany
568489,85123A,WHITE HANGING HEART T-LIGHT HOLDER,17,2025-01-08 15:10:12,2.55,17565.0,United Kingdom
540084,85123A,WHITE HANGING HEART T-LIGHT HOLDER,4,2025-12-02 01:13:27,2.8,15995.0,Spain
544129,21977,PACK OF 60 PINK PAISLEY CAKE CASES,17,2025-02-02 03:32:54,0.61,15485.0,United Kingdom
569453,85123A,WHITE HANGING HEART T-LIGHT HOLDER,2,2025-01-04 13:03:04,2.3,,United Kingdom
553190,20725,LUNCH BAG RED RETROSPOT,9,2025-12-07 23:16:35,1.82,,Germany
564333,POST,POSTAGE,10,2025-03-10 01:42:01,19.8,17604.0,United Kingdom
536490,22423,REGENCY CAKESTAND 3 TIER,5,2025-10-26 20:41:48,11.48,17873.0,United Kingdom
539951,85123A,WHITE HANGING HEART T-LIGHT HOLDER,11,2025-01-12 01:28:55,2.55,13167.0,United Kingdom
542946,85099B,JUMBO BAG RED RETROSPOT,18,2025-02-26 11:53:24,1.87,15964.0,United Kingdom
538925,POST,POSTAGE,9,2025-02-10 05:31:32,19.8,16387.0,EIRE
566287,85099B,JUMBO BAG RED RETROSPOT,11,2025-09-15 10:09:47,2.08,16920.0,United Kingdom
563316,85123A,WHITE HANGING HEART T-LIGHT HOLDER,19,2025-08-15 22:12:52,2.55,14095.0,EIRE
549272,POST,POSTAGE,18,2025-06-23 05:10:44,19.8,17169.0,United Kingdom
538654,85099B,JUMBO BAG RED RETROSPOT,1,2025-03-30 15:19:54,2.08,,France
539608,85099B,JUMBO BAG RED RETROSPOT,14,2025-02-02 07:59:51,2.29,14320.0,United Kingdom
544914,POST,POSTAGE,17,2025-07-27 15:38:01,19.8,12941.0,Netherlands
560718,POST,POSTAGE,18,2025-03-26 01:19:02,19.8,13927.0,United Kingdom
563242,85099B,JUMBO BAG RED RETROSPOT,16,2025-08-04 07:08:37,1.87,17848.0,United Kingdom
554337,22423,REGENCY CAKESTAND 3 TIER,2,2025-09-08 22:59:09,11.48,16297.0,United Kingdom
566857,85099B,JUMBO BAG RED RETROSPOT,15,2025-11-07 17:22:00,1.87,16356.0,United Kingdom
567557,85123A,WHITE HANGING HEART T-LIGHT HOLDER,17,2025-06-30 22:28:53,2.55,17373.0,United Kingdom
562100,85099B,JUMBO BAG RED RETROSPOT,10,2025-01-02 16:21:26,2.08,13601.0,France
538678,22423,REGENCY CAKESTAND 3 TIER,1,2025-04-13 04:26:47,12.75,15969.0,Netherlands
C566256,21977,PACK OF 60 PINK PAISLEY CAKE CASES,-4,2025-11-08 11:04:49,0.55,14228.0,Germany
566884,20725,LUNCH BAG RED RETROSPOT,6,2025-07-14 21:04:15,1.65,17087.0,United Kingdom
555036,POST,POSTAGE,17,2025-08-14 16:22:57,19.8,14534.0,United Kingdom
556372,20725,LUNCH BAG RED RETROSPOT,3,2025-06-17 12:29:06,1.65,17129.0,EIRE
562506,85123A,WHITE HANGING HEART T-LIGHT HOLDER,15,2025-03-01 20:48:40,2.55,16485.0,EIRE
556141,85123A,WHITE HANGING HEART T-LIGHT HOLDER,4,2025-11-24 02:43:34,2.55,16631.0,United Kingdom
547702,85099B,JUMBO BAG RED RETROSPOT,16,2025-10-10 23:02:56,2.29,17554.0,Netherlands
559697,22423,REGENCY CAKESTAND 3 TIER,1,2025-12-30 03:01:30,14.02,16743.0,United Kingdom
562697,85123A,WHITE HANGING HEART T-LIGHT HOLDER,5,2025-11-09 23:55:05,2.8,13928.0,EIRE
540812,20725,LUNCH BAG RED RETROSPOT,2,2025-04-17 19:18:31,1.65,15129.0,Netherlands
559111,85099B,JUMBO BAG RED RETROSPOT,11,2025-04-03 11:43:10,2.29,14835.0,France
541890,85123A,WHITE HANGING HEART T-LIGHT HOLDER,15,2025-04-01 11:25:52,2.55,12387.0,United Kingdom
555544,85099B,JUMBO BAG RED RETROSPOT,8,2025-12-02 00:47:09,1.87,15559.0,Germany
539667,POST,POSTAGE,11,2025-07-23 07:36:19,18.0,14624.0,United Kingdom
569738,21977,PACK OF 60 PINK PAISLEY CAKE CASES,13,2025-06-15 05:30:00,0.5,14360.0,EIRE
558707,85123A,WHITE HANGING HEART T-LIGHT HOLDER,9,2025-12-20 16:57:43,2.55,12657.0,United Kingdom
551972,85099B,JUMBO BAG RED RETROSPOT,15,2025-08-09 04:43:27,2.29,15025.0,France
553131,POST,POSTAGE,6,2025-11-28 19:20:32,16.2,15474.0,Netherlands
557054,85123A,WHITE HANGING HEART T-LIGHT HOLDER,4,2025-12-26 07:12:46,2.55,12634.0,United Kingdom
540237,21977,PACK OF 60 PINK PAISLEY CAKE CASES,4,2025-01-29 20:24:24,0.61,15809.0,United Kingdom
553336,20725,LUNCH BAG RED RETROSPOT,4,2025-05-12 08:39:07,1.65,13006.0,Germany
560340,20725,LUNCH BAG RED RETROSPOT,1,2025-09-25 18:03:39,1.65,12870.0,United Kingdom
544857,85123A,WHITE HANGING HEART T-LIGHT HOLDER,1,2025-10-24 16:02:53,2.8,14406.0,United Kingdom
552299,POST,POSTAGE,2,2025-02-24 23:44:57,19.8,14334.0,United Kingdom
547232,22423,REGENCY CAKESTAND 3 TIER,3,2025-04-27 12:36:59,11.48,,United Kingdom
541474,85123A,WHITE HANGING HEART T-LIGHT HOLDER,13,2025-07-20 08:28:01,2.8,12406.0,Germany
569278,85123A,WHITE HANGING HEART T-LIGHT HOLDER,5,2025-10-19 15:35:37,2.8,14096.0,Germany
556153,85099B,JUMBO BAG RED RETROSPOT,12,2025-02-11 00:42:53,1.87,16407.0,United Kingdom
549331,85123A,WHITE HANGING HEART T-LIGHT HOLDER,2,2025-08-08 23:19:26,2.55,13498.0,United Kingdom
547500,20725,LUNCH BAG RED RETROSPOT,16,2025-04-19 16:16:24,1.82,17889.0,United Kingdom
559099,20725,LUNCH BAG RED RETROSPOT,7,2025-03-20 01:10:39,1.82,16457.0,United Kingdom
539679,85123A,WHITE HANGING HEART T-LIGHT HOLDER,9,2025-07-08 04:08:25,2.8,17676.0,France
555281,20725,LUNCH BAG RED RETROSPOT,13,2025-06-01 00:20:44,1.82,17694.0,United Kingdom
543828,POST,POSTAGE,19,2025-08-21 16:00:39,16.2,12654.0,United Kingdom
566253,85123A,WHITE HANGING HEART T-LIGHT HOLDER,16,2025-04-26 15:58:19,2.55,14754.0,Netherlands
562665,20725,LUNCH BAG RED RETROSPOT,8,2025-10-28 03:54:35,1.48,16467.0,United Kingdom
561761,POST,POSTAGE,7,2025-01-29 13:06:36,16.2,12051.0,Germany
540957,20725,LUNCH BAG RED RETROSPOT,7,2025-11-11 11:45:07,1.65,14712.0,United Kingdom
538742,85099B,JUMBO BAG RED RETROSPOT,2,2025-01-11 11:35:09,2.29,16128.0,United Kingdom
551587,POST,POSTAGE,7,2025-09-26 14:49:57,18.0,16757.0,United Kingdom
548085,20725,LUNCH BAG RED RETROSPOT,15,2025-05-07 20:28:47,1.82,14490.0,France
560625,22423,REGENCY CAKESTAND 3 TIER,6,2025-05-20 21:56:50,12.75,17178.0,EIRE
560205,22423,REGENCY CAKESTAND 3 TIER,8,2025-01-07 03:48:46,12.75,16041.0,United Kingdom
549504,85099B,JUMBO BAG RED RETROSPOT,2,2025-09-14 22:39:22,2.08,12272.0,United Kingdom
541486,85099B,JUMBO BAG RED RETROSPOT,5,2025-03-02 13:46:00,2.29,13666.0,United Kingdom
547023,22423,REGENCY CAKESTAND 3 TIER,2,2025-08-29 04:20:43,12.75,17627.0,Germany
553116,85123A,WHITE HANGING HEART T-LIGHT HOLDER,9,2025-09-22 22:21:58,2.55,12014.0,Germany
544620,20725,LUNCH BAG RED RETROSPOT,6,2025-11-05 08:52:30,1.82,12648.0,France
546804,20725,LUNCH BAG RED RETROSPOT,19,2025-09-16 10:42:01,1.65,14066.0,Spain
544185,22423,REGENCY CAKESTAND 3 TIER,12,2025-04-21 23:12:40,14.02,17962.0,United Kingdom
C538201,22423,REGENCY CAKESTAND 3 TIER,-8,2025-09-27 13:55:04,14.02,16228.0,Germany
556441,85123A,WHITE HANGING HEART T-LIGHT HOLDER,11,2025-10-29 03:25:57,2.3,12885.0,Germany
569902,85123A,WHITE HANGING HEART T-LIGHT HOLDER,19,2025-04-26 01:40:47,2.55,14358.0,United Kingdom
568365,21977,PACK OF 60 PINK PAISLEY CAKE CASES,4,2025-02-15 19:41:28,0.5,17637.0,Spain
567598,85123A,WHITE HANGING HEART T-LIGHT HOLDER,5,2025-11-21 08:22:49,2.8,13315.0,United Kingdom
558402,POST,POSTAGE,11,2025-02-23 02:23:28,16.2,15452.0,France
561415,22423,REGENCY CAKESTAND 3 TIER,3,2025-08-05 00:59:36,14.02,14784.0,France
538182,85123A,WHITE HANGING HEART T-LIGHT HOLDER,10,2025-03-28 22:41:27,2.8,16562.0,Netherlands
542834,20725,LUNCH BAG RED RETROSPOT,3,2025-02-15 13:44:13,1.65,,United Kingdom
560008,85099B,JUMBO BAG RED RETROSPOT,17,2025-10-11 12:34:37,1.87,,United Kingdom
569609,85099B,JUMBO BAG RED RETROSPOT,15,2025-02-22 14:10:16,2.08,12716.0,EIRE
566880,85123A,WHITE HANGING HEART T-LIGHT HOLDER,1,2025-09-02 10:02:59,2.55,14723.0,EIRE
557446,21977,PACK OF 60 PINK PAISLEY CAKE CASES,11,2025-09-10 22:49:12,0.61,16150.0,United Kingdom
539702,85099B,JUMBO BAG RED RETROSPOT,4,2025-01-22 14:26:59,2.29,14513.0,France
568846,20725,LUNCH BAG RED RETROSPOT,12,2025-03-05 15:19:18,1.65,16004.0,United Kingdom
546811,21977,PACK OF 60 PINK PAISLEY CAKE CASES,11,2025-10-17 21:26:41,0.5,15814.0,Germany
537447,20725,LUNCH BAG RED RETROSPOT,19,2025-07-05 00:04:17,1.65,14224.0,Spain
562119,21977,PACK OF 60 PINK PAISLEY CAKE CASES,4,2025-02-14 07:39:23,0.61,12600.0,United Kingdom
541898,20725,LUNCH BAG RED RETROSPOT,10,2025-12-28 19:59:51,1.65,17822.0,United Kingdom
546254,21977,PACK OF 60 PINK PAISLEY CAKE CASES,19,2025-04-07 02:18:36,0.61,16955.0,Netherlands
559026,85099B,JUMBO BAG RED RETROSPOT,3,2025-01-02 07:54:42,1.87,17368.0,EIRE
568823,21977,PACK OF 60 PINK PAISLEY CAKE CASES,5,2025-12-04 03:55:22,0.55,13798.0,Spain
566844,21977,PACK OF 60 PINK PAISLEY CAKE CASES,14,2025-01-07 17:08:33,0.5,13896.0,United Kingdom
541563,85123A,WHITE HANGING HEART T-LIGHT HOLDER,3,2025-07-21 20:15:04,2.55,13940.0,Netherlands
541976,21977,PACK OF 60 PINK PAISLEY CAKE CASES,4,2025-12-29 06:20:12,0.55,12186.0,United Kingdom
563508,22423,REGENCY CAKESTAND 3 TIER,19,2025-07-30 16:30:04,12.75,13018.0,United Kingdom
546781,21977,PACK OF 60 PINK PAISLEY CAKE CASES,12,2025-08-02 18:14:43,0.61,13849.0,United Kingdom
538650,85123A,WHITE HANGING HEART T-LIGHT HOLDER,2,2025-05-22 21:43:57,2.8,17924.0,EIRE
555998,85123A,WHITE HANGING HEART T-LIGHT HOLDER,17,2025-02-16 22:15:35,2.55,13228.0,Spain
558338,85123A,WHITE HANGING HEART T-LIGHT HOLDER,10,2025-07-29 10:56:03,2.55,15046.0,France
569988,85123A,WHITE HANGING HEART T-LIGHT HOLDER,10,2025-11-24 01:54:13,2.3,15283.0,Germany
552535,85123A,WHITE HANGING HEART T-LIGHT HOLDER,19,2025-02-03 17:51:59,2.3,14158.0,United Kingdom
563188,85123A,WHITE HANGING HEART T-LIGHT HOLDER,6,2025-11-18 13:03:52,2.55,17512.0,United Kingdom
554169,21977,PACK OF 60 PINK PAISLEY CAKE CASES,8,2025-06-01 11:01:20,0.55,12559.0,United Kingdom
567401,85099B,JUMBO BAG RED RETROSPOT,11,2025-07-15 12:58:10,2.29,17222.0,United Kingdom
552570,POST,POSTAGE,5,2025-03-02 15:27:14,19.8,16462.0,United Kingdom
558950,20725,LUNCH BAG RED RETROSPOT,3,2025-08-15 06:52:28,1.48,13834.0,Spain
568750,85123A,WHITE HANGING HEART T-LIGHT HOLDER,3,2025-03-08 07:52:41,2.3,16606.0,France
565830,85099B,JUMBO BAG RED RETROSPOT,6,2025-04-10 08:12:00,2.08,14571.0,EIRE
549634,85099B,JUMBO BAG RED RETROSPOT,2,2025-09-21 11:50:10,2.08,17823.0,United Kingdom
553239,85099B,JUMBO BAG RED RETROSPOT,10,2025-01-19 16:13:40,2.08,,United Kingdom
556152,85099B,JUMBO BAG RED RETROSPOT,19,2025-06-13 01:00:34,2.08,12178.0,United Kingdom
540221,21977,PACK OF 60 PINK PAISLEY CAKE CASES,5,2025-08-06 07:01:21,0.55,15264.0,United Kingdom
543936,21977,PACK OF 60 PINK PAISLEY CAKE CASES,1,2025-02-18 17:28:33,0.55,17588.0,United Kingdom
560124,85099B,JUMBO BAG RED RETROSPOT,1,2025-04-18 00:44:06,2.08,12380.0,United Kingdom
538437,20725,LUNCH BAG RED RETROSPOT,4,2025-05-06 19:05:20,1.48,16667.0,United Kingdom
556450,22423,REGENCY CAKESTAND 3 TIER,12,2025-08-31 18:27:37,14.02,17631.0,France
552483,20725,LUNCH BAG RED RETROSPOT,9,2025-12-23 07:39:28,1.65,14918.0,United Kingdom
552501,POST,POSTAGE,8,2025-11-02 15:00:16,16.2,17201.0,United Kingdom
564761,22423,REGENCY CAKESTAND 3 TIER,15,2025-03-11 11:45:54,12.75,16541.0,United Kingdom
545349,20725,LUNCH BAG RED RETROSPOT,8,2025-01-07 06:00:39,1.48,13285.0,United Kingdom
562889,20725,LUNCH BAG RED RETROSPOT,12,2025-01-19 03:35:02,1.65,17125.0,United Kingdom
562662,85099B,JUMBO BAG RED RETROSPOT,19,2025-08-06 23:04:37,1.87,16196.0,United Kingdom
569745,85123A,WHITE HANGING HEART T-LIGHT HOLDER,4,2025-02-27 20:37:38,2.55,12075.0,Germany
563893,20725,LUNCH BAG RED RETROSPOT,3,2025-03-26 21:33:44,1.65,15408.0,United Kingdom
553237,85099B,JUMBO BAG RED RETROSPOT,5,2025-11-06 03:22:40,2.08,15926.0,Spain
548382,85123A,WHITE HANGING HEART T-LIGHT HOLDER,3,2025-11-15 23:08:42,2.8,16808.0,United Kingdom
562556,21977,PACK OF 60 PINK PAISLEY CAKE CASES,16,2025-11-03 15:01:23,0.55,16627.0,United Kingdom
567544,85099B,JUMBO BAG RED RETROSPOT,17,2025-04-03 12:17:37,2.08,14853.0,United Kingdom
C545547,85123A,WHITE HANGING HEART T-LIGHT HOLDER,-11,2025-08-15 08:12:24,2.3,13793.0,United Kingdom
548571,POST,POSTAGE,3,2025-08-11 05:38:38,19.8,13150.0,United Kingdom
552900,22423,REGENCY CAKESTAND 3 TIER,17,2025-03-09 07:48:28,12.75,12534.0,Spain
539657,85099B,JUMBO BAG RED RETROSPOT,18,2025-07-22 04:10:18,2.08,15839.0,United Kingdom
546683,21977,PACK OF 60 PINK PAISLEY CAKE CASES,8,2025-07-11 18:57:38,0.55,17758.0,Germany
541661,85123A,WHITE HANGING HEART T-LIGHT HOLDER,13,2025-05-25 22:45:52,2.55,12481.0,United Kingdom
562260,20725,LUNCH BAG RED RETROSPOT,12,2025-10-02 23:12:40,1.65,16216.0,United Kingdom
552813,21977,PACK OF 60 PINK PAISLEY CAKE CASES,11,2025-09-05 21:22:47,0.55,15507.0,United Kingdom
556529,85099B,JUMBO BAG RED RETROSPOT,7,2025-07-14 03:10:31,1.87,13031.0,United Kingdom
538715,85099B,JUMBO BAG RED RETROSPOT,6,2025-09-22 17:46:56,2.08,13276.0,United Kingdom
C555497,POST,POSTAGE,-6,2025-10-06 20:35:18,18.0,13706.0,Netherlands
560426,POST,POSTAGE,7,2025-07-26 12:15:08,18.0,16109.0,France
559438,85123A,WHITE HANGING HEART T-LIGHT HOLDER,15,2025-04-08 13:23:34,2.55,13791.0,Netherlands
563033,85099B,JUMBO BAG RED RETROSPOT,16,2025-10-04 09:13:32,2.08,16968.0,United Kingdom
539876,85099B,JUMBO BAG RED RETROSPOT,3,2025-09-19 19:44:20,2.29,,EIRE
554681,POST,POSTAGE,2,2025-12-25 16:52:57,18.0,12657.0,Germany
552394,20725,LUNCH BAG RED RETROSPOT,10,2025-02-24 15:05:54,1.65,12572.0,Germany
566373,85099B,JUMBO BAG RED RETROSPOT,15,2025-06-03 00:13:43,2.08,14401.0,Netherlands
559478,POST,POSTAGE,11,2025-12-04 23:03:06,16.2,14447.0,Germany
568445,85099B,JUMBO BAG RED RETROSPOT,16,2025-07-07 12:34:57,2.08,16401.0,Spain
536863,22423,REGENCY CAKESTAND 3 TIER,14,2025-12-11 22:56:36,12.75,14871.0,France
551217,21977,PACK OF 60 PINK PAISLEY CAKE CASES,14,2025-01-05 16:17:16,0.55,12982.0,United Kingdom
559912,85099B,JUMBO BAG RED RETROSPOT,11,2025-01-13 12:29:57,2.08,13279.0,France
539030,21977,PACK OF 60 PINK PAISLEY CAKE CASES,2,2025-10-18 18:05:24,0.55,15399.0,United Kingdom
558142,85099B,JUMBO BAG RED RETROSPOT,4,2025-05-11 05:55:09,1.87,14005.0,Netherlands
543862,20725,LUNCH BAG RED RETROSPOT,15,2025-07-09 10:49:33,1.82,16031.0,EIRE
538527,POST,POSTAGE,6,2025-06-06 00:36:11,18.0,17538.0,United Kingdom
C558358,22423,REGENCY CAKESTAND 3 TIER,-14,2025-05-29 17:53:00,12.75,14128.0,United Kingdom
550498,85099B,JUMBO BAG RED RETROSPOT,7,2025-12-09 07:46:36,2.08,15311.0,United Kingdom
549796,20725,LUNCH BAG RED RETROSPOT,1,2025-02-04 02:18:00,1.82,16991.0,United Kingdom
547066,85123A,WHITE HANGING HEART T-LIGHT HOLDER,13,2025-10-09 19:06:41,2.3,13262.0,United Kingdom
559290,20725,LUNCH BAG RED RETROSPOT,17,2025-11-21 05:35:54,1.65,15063.0,France
557035,21977,PACK OF 60 PINK PAISLEY CAKE CASES,9,2025-08-28 05:22:16,0.5,13831.0,Germany
558668,85123A,WHITE HANGING HEART T-LIGHT HOLDER,3,2025-05-25 03:28:14,2.55,15761.0,EIRE
562784,20725,LUNCH BAG RED RETROSPOT,8,2025-02-28 14:28:57,1.48,16458.0,United Kingdom
556582,85099B,JUMBO BAG RED RETROSPOT,19,2025-09-07 08:09:21,2.29,12845.0,United Kingdom
538545,85123A,WHITE HANGING HEART T-LIGHT HOLDER,7,2025-06-21 13:41:41,2.8,13124.0,United Kingdom
541366,85123A,WHITE HANGING HEART T-LIGHT HOLDER,2,2025-02-24 08:15:38,2.8,12138.0,Spain
569711,20725,LUNCH BAG RED RETROSPOT,15,2025-05-12 18:04:42,1.65,12072.0,United Kingdom
545721,POST,POSTAGE,5,2025-12-17 08:58:28,19.8,12304.0,United Kingdom
550539,85099B,JUMBO BAG RED RETROSPOT,1,2025-04-07 19:01:38,1.87,16240.0,United Kingdom
548847,85123A,WHITE HANGING HEART T-LIGHT HOLDER,14,2025-03-07 11:10:47,2.3,17423.0,EIRE
569667,85123A,WHITE HANGING HEART T-LIGHT HOLDER,7,2025-09-06 00:21:26,2.55,14458.0,United Kingdom
564030,21977,PACK OF 60 PINK PAISLEY CAKE CASES,3,2025-03-14 10:28:19,0.55,17295.0,Germany
552436,85099B,JUMBO BAG RED RETROSPOT,2,2025-12-02 05:52:54,2.29,16378.0,France
559195,85099B,JUMBO BAG RED RETROSPOT,4,2025-11-10 11:46:16,2.29,16845.0,France
554753,22423,REGENCY CAKESTAND 3 TIER,3,2025-12-25 02:59:37,14.02,16439.0,United Kingdom
557927,85099B,JUMBO BAG RED RETROSPOT,1,2025-11-30 18:03:44,2.29,,United Kingdom
568432,21977,PACK OF 60 PINK PAISLEY CAKE CASES,8,2025-03-30 14:59:17,0.55,15140.0,United Kingdom
558852,21977,PACK OF 60 PINK PAISLEY CAKE CASES,16,2025-03-19 03:24:30,0.55,15152.0,United Kingdom
539837,85123A,WHITE HANGING HEART T-LIGHT HOLDER,8,2025-05-06 23:28:47,2.3,15849.0,France
553108,85099B,JUMBO BAG RED RETROSPOT,1,2025-06-21 08:25:01,1.87,,United Kingdom
563870,85099B,JUMBO BAG RED RETROSPOT,17,2025-11-18 05:02:14,2.29,12675.0,United Kingdom
537347,21977,PACK OF 60 PINK PAISLEY CAKE CASES,13,2025-09-25 00:00:11,0.55,16048.0,United Kingdom
548140,85123A,WHITE HANGING HEART T-LIGHT HOLDER,19,2025-08-24 05:55:14,2.8,16998.0,Germany
542838,85123A,WHITE HANGING HEART T-LIGHT HOLDER,12,2025-11-17 00:40:39,2.3,12693.0,United Kingdom
560514,85099B,JUMBO BAG RED RETROSPOT,10,2025-08-24 11:35:31,2.08,14489.0,France
540770,22423,REGENCY CAKESTAND 3 TIER,10,2025-05-19 14:33:14,12.75,17373.0,United Kingdom
557218,21977,PACK OF 60 PINK PAISLEY CAKE CASES,1,2025-05-31 08:52:50,0.55,12146.0,Netherlands
538175,85099B,JUMBO BAG RED RETROSPOT,8,2025-07-08 21:01:26,2.08,12964.0,France
567415,22423,REGENCY CAKESTAND 3 TIER,9,2025-02-02 23:11:07,12.75,16823.0,United Kingdom
546862,21977,PACK OF 60 PINK PAISLEY CAKE CASES,6,2025-09-28 07:20:30,0.5,13030.0,United Kingdom
549859,85099B,JUMBO BAG RED RETROSPOT,16,2025-08-27 15:18:17,2.29,16211.0,United Kingdom
562782,85123A,WHITE HANGING HEART T-LIGHT HOLDER,19,2025-09-24 09:38:43,2.55,17406.0,United Kingdom
548907,20725,LUNCH BAG RED RETROSPOT,10,2025-07-14 06:34:14,1.65,,United Kingdom
539914,85099B,JUMBO BAG RED RETROSPOT,15,2025-10-13 05:02:13,2.08,,Spain
566765,POST,POSTAGE,5,2025-12-13 12:31:02,16.2,14572.0,Germany
539788,85123A,WHITE HANGING HEART T-LIGHT HOLDER,18,2025-07-28 03:25:37,2.55,14237.0,United Kingdom
552900,20725,LUNCH BAG RED RETROSPOT,14,2025-06-12 16:08:15,1.65,14280.0,Germany
540224,20725,LUNCH BAG RED RETROSPOT,14,2025-02-08 21:13:06,1.65,15321.0,United Kingdom
559726,85123A,WHITE HANGING HEART T-LIGHT HOLDER,12,2025-10-12 08:50:07,2.55,17373.0,Netherlands
545173,85099B,JUMBO BAG RED RETROSPOT,16,2025-11-26 13:43:51,2.29,17888.0,United Kingdom
567698,21977,PACK OF 60 PINK PAISLEY CAKE CASES,11,2025-09-13 23:25:33,0.5,17195.0,France
542875,85099B,JUMBO BAG RED RETROSPOT,19,2025-11-12 16:55:01,2.08,12717.0,EIRE
558770,85099B,JUMBO BAG RED RETROSPOT,13,2025-11-11 09:41:37,2.29,13840.0,United Kingdom
536474,POST,POSTAGE,9,2025-10-19 21:09:55,19.8,16541.0,United Kingdom
539846,20725,LUNCH BAG RED RETROSPOT,4,2025-07-03 01:01:07,1.82,15273.0,United Kingdom
545401,POST,POSTAGE,18,2025-02-06 14:07:17,18.0,14005.0,Spain
566050,20725,LUNCH BAG RED RETROSPOT,2,2025-01-02 06:03:33,1.65,13867.0,United Kingdom
569874,20725,LUNCH BAG RED RETROSPOT,1,2025-03-16 04:19:36,1.65,12702.0,Germany
556861,20725,LUNCH BAG RED RETROSPOT,1,2025-06-07 12:24:20,1.82,13994.0,EIRE
547440,21977,PACK OF 60 PINK PAISLEY CAKE CASES,3,2025-09-29 17:07:10,0.61,14531.0,EIRE
546614,POST,POSTAGE,5,2025-06-16 17:42:58,18.0,14495.0,United Kingdom
543182,21977,PACK OF 60 PINK PAISLEY CAKE CASES,10,2025-01-09 17:56:50,0.5,15292.0,United Kingdom
547577,85123A,WHITE HANGING HEART T-LIGHT HOLDER,6,2025-03-18 06:55:38,2.55,13637.0,France
552854,21977,PACK OF 60 PINK PAISLEY CAKE CASES,9,2025-12-24 09:56:05,0.55,13235.0,United Kingdom
559298,85123A,WHITE HANGING HEART T-LIGHT HOLDER,9,2025-12-27 02:42:59,2.55,17325.0,Spain
543798,POST,POSTAGE,9,2025-05-18 14:48:12,19.8,14431.0,United Kingdom
537217,21977,PACK OF 60 PINK PAISLEY CAKE CASES,2,2025-10-21 19:17:35,0.5,13528.0,United Kingdom
555027,21977,PACK OF 60 PINK PAISLEY CAKE CASES,11,2025-09-20 11:37:45,0.55,15814.0,EIRE
544253,85123A,WHITE HANGING HEART T-LIGHT HOLDER,6,2025-12-06 07:30:17,2.55,15253.0,United Kingdom
549622,85099B,JUMBO BAG RED RETROSPOT,11,2025-11-20 07:59:31,2.08,15458.0,United Kingdom
560199,85099B,JUMBO BAG RED RETROSPOT,2,2025-08-18 15:36:06,1.87,13329.0,United Kingdom
566492,21977,PACK OF 60 PINK PAISLEY CAKE CASES,17,2025-05-25 16:08:16,0.61,16338.0,United Kingdom
554168,21977,PACK OF 60 PINK PAISLEY CAKE CASES,14,2025-08-17 11:25:49,0.55,13153.0,EIRE
567549,85099B,JUMBO BAG RED RETROSPOT,7,2025-04-27 05:56:19,1.87,17018.0,United Kingdom
545148,22423,REGENCY CAKESTAND 3 TIER,7,2025-05-08 09:51:13,12.75,14544.0,United Kingdom
560244,85099B,JUMBO BAG RED RETROSPOT,7,2025-08-11 07:51:33,2.08,14454.0,United Kingdom
569307,85099B,JUMBO BAG RED RETROSPOT,19,2025-07-28 02:21:06,2.08,14330.0,Netherlands
C543333,20725,LUNCH BAG RED RETROSPOT,-14,2025-08-01 09:44:11,1.82,14537.0,United Kingdom
561103,POST,POSTAGE,9,2025-05-21 20:22:33,19.8,15991.0,Netherlands
552112,20725,LUNCH BAG RED RETROSPOT,13,2025-05-30 14:45:03,1.82,14980.0,Spain
565945,22423,REGENCY CAKESTAND 3 TIER,2,2025-01-04 03:12:15,12.75,,United Kingdom
546384,85123A,WHITE HANGING HEART T-LIGHT HOLDER,16,2025-08-08 20:27:10,2.55,15398.0,EIRE
568658,POST,POSTAGE,12,2025-07-30 05:07:18,16.2,13602.0,France
563141,POST,POSTAGE,6,2025-12-08 14:45:28,16.2,,United Kingdom
C559973,85123A,WHITE HANGING HEART T-LIGHT HOLDER,-14,2025-07-04 13:37:26,2.8,17039.0,United Kingdom
536991,21977,PACK OF 60 PINK PAISLEY CAKE CASES,1,2025-06-20 17:25:33,0.61,13875.0,EIRE
538810,85099B,JUMBO BAG RED RETROSPOT,10,2025-01-25 18:23:25,1.87,,EIRE
558524,85123A,WHITE HANGING HEART T-LIGHT HOLDER,18,2025-03-13 07:01:25,2.8,13031.0,France
552282,POST,POSTAGE,15,2025-05-04 18:39:55,16.2,14035.0,Netherlands
546989,POST,POSTAGE,1,2025-05-18 14:05:52,16.2,14315.0,United Kingdom
564625,POST,POSTAGE,12,2025-05-13 08:23:33,16.2,12803.0,EIRE
552354,85123A,WHITE HANGING HEART T-LIGHT HOLDER,13,2025-05-24 02:29:32,2.55,17840.0,Spain
551605,85099B,JUMBO BAG RED RETROSPOT,11,2025-10-08 13:38:36,2.08,13869.0,United Kingdom
546981,POST,POSTAGE,7,2025-02-17 11:07:06,18.0,,United Kingdom
569375,21977,PACK OF 60 PINK PAISLEY CAKE CASES,13,2025-05-02 11:17:36,0.55,,United Kingdom
548402,85099B,JUMBO BAG RED RETROSPOT,9,2025-03-01 16:33:25,1.87,14576.0,Spain
544824,85099B,JUMBO BAG RED RETROSPOT,19,2025-04-23 17:00:46,1.87,15513.0,United Kingdom
558928,85123A,WHITE HANGING HEART T-LIGHT HOLDER,16,2025-09-07 04:18:48,2.8,15395.0,France
537159,21977,PACK OF 60 PINK PAISLEY CAKE CASES,18,2025-01-18 07:06:47,0.55,,United Kingdom
556246,20725,LUNCH BAG RED RETROSPOT,8,2025-05-04 21:39:01,1.82,16014.0,United Kingdom
555197,85123A,WHITE HANGING HEART T-LIGHT HOLDER,13,2025-01-09 14:15:22,2.3,12685.0,Germany
544299,85123A,WHITE HANGING HEART T-LIGHT HOLDER,3,2025-12-15 10:00:45,2.55,14609.0,United Kingdom
562148,85099B,JUMBO BAG RED RETROSPOT,15,2025-09-23 23:20:27,1.87,14188.0,Spain
537483,21977,PACK OF 60 PINK PAISLEY CAKE CASES,15,2025-03-30 16:06:26,0.61,,United Kingdom
569376,85099B,JUMBO BAG RED RETROSPOT,15,2025-03-14 20:23:21,1.87,12431.0,Spain
565104,85123A,WHITE HANGING HEART T-LIGHT HOLDER,1,2025-02-06 11:16:38,2.8,16208.0,United Kingdom
541961,20725,LUNCH BAG RED RETROSPOT,9,2025-06-22 03:55:20,1.48,14511.0,Netherlands
552738,22423,REGENCY CAKESTAND 3 TIER,6,2025-10-03 17:34:27,12.75,12365.0,Germany
542697,21977,PACK OF 60 PINK PAISLEY CAKE CASES,18,2025-08-02 19:35:44,0.55,12021.0,United Kingdom
557036,21977,PACK OF 60 PINK PAISLEY CAKE CASES,11,2025-11-18 14:01:23,0.61,15240.0,United Kingdom
547984,85099B,JUMBO BAG RED RETROSPOT,12,2025-05-06 10:23:20,1.87,15997.0,United Kingdom
552608,21977,PACK OF 60 PINK PAISLEY CAKE CASES,9,2025-04-12 02:56:30,0.55,15283.0,Germany
568536,21977,PACK OF 60 PINK PAISLEY CAKE CASES,3,2025-06-24 05:53:49,0.55,16322.0,EIRE
557043,21977,PACK OF 60 PINK PAISLEY CAKE CASES,12,2025-03-15 22:11:35,0.61,16540.0,United Kingdom
565483,21977,PACK OF 60 PINK PAISLEY CAKE CASES,12,2025-12-23 04:02:32,0.55,17231.0,United Kingdom
557317,85099B,JUMBO BAG RED RETROSPOT,8,2025-03-09 15:50:29,1.87,17895.0,Germany
552131,85099B,JUMBO BAG RED RETROSPOT,12,2025-06-24 15:55:03,2.08,17308.0,United Kingdom
536511,85099B,JUMBO BAG RED RETROSPOT,8,2025-07-10 11:19:47,2.08,16774.0,France
539031,85099B,JUMBO BAG RED RETROSPOT,13,2025-01-21 23:55:20,2.29,14585.0,United Kingdom
554130,85099B,JUMBO BAG RED RETROSPOT,7,2025-06-20 16:14:18,2.08,15022.0,France
553134,85123A,WHITE HANGING HEART T-LIGHT HOLDER,15,2025-06-15 23:12:03,2.8,15696.0,Netherlands
553071,20725,LUNCH BAG RED RETROSPOT,17,2025-04-05 06:15:41,1.48,13016.0,United Kingdom
564745,85123A,WHITE HANGING HEART T-LIGHT HOLDER,10,2025-02-16 17:46:40,2.55,16065.0,United Kingdom
539257,POST,POSTAGE,1,2025-01-17 18:27:18,18.0,15529.0,United Kingdom
558397,21977,PACK OF 60 PINK PAISLEY CAKE CASES,13,2025-01-04 22:03:06,0.55,15121.0,Germany
561359,85123A,WHITE HANGING HEART T-LIGHT HOLDER,18,2025-06-25 09:52:09,2.55,17005.0,United Kingdom
557953,21977,PACK OF 60 PINK PAISLEY CAKE CASES,14,2025-02-02 07:58:28,0.55,16122.0,Netherlands
544019,85099B,JUMBO BAG RED RETROSPOT,7,2025-12-17 19:19:14,2.08,17594.0,Germany
549817,POST,POSTAGE,11,2025-03-31 17:15:18,18.0,17859.0,United Kingdom
537853,POST,POSTAGE,7,2025-08-27 06:34:38,18.0,16951.0,EIRE
C542023,20725,LUNCH BAG RED RETROSPOT,-15,2025-09-03 07:18:30,1.82,13787.0,United Kingdom
563307,21977,PACK OF 60 PINK PAISLEY CAKE CASES,14,2025-06-30 18:58:00,0.5,13133.0,EIRE
556992,POST,POSTAGE,12,2025-11-19 13:40:08,19.8,13795.0,United Kingdom
565414,21977,PACK OF 60 PINK PAISLEY CAKE CASES,8,2025-02-10 21:45:38,0.5,16275.0,Germany
559518,20725,LUNCH BAG RED RETROSPOT,4,2025-03-27 15:07:55,1.48,17185.0,Netherlands
544183,85123A,WHITE HANGING HEART T-LIGHT HOLDER,12,2025-04-03 23:32:22,2.3,17280.0,EIRE
563648,POST,POSTAGE,7,2025-02-19 07:51:25,16.2,,Spain
559376,21977,PACK OF 60 PINK PAISLEY CAKE CASES,18,2025-04-18 18:38:27,0.61,16086.0,United Kingdom
542513,22423,REGENCY CAKESTAND 3 TIER,2,2025-04-25 04:33:46,12.75,17711.0,EIRE
536168,POST,POSTAGE,17,2025-10-07 16:53:46,19.8,16114.0,Germany
561967,21977,PACK OF 60 PINK PAISLEY CAKE CASES,15,2025-04-21 10:01:16,0.5,12845.0,Germany
560519,POST,POSTAGE,10,2025-11-16 12:28:42,18.0,15000.0,United Kingdom
539052,85123A,WHITE HANGING HEART T-LIGHT HOLDER,19,2025-10-10 19:23:02,2.55,14152.0,United Kingdom
551803,21977,PACK OF 60 PINK PAISLEY CAKE CASES,14,2025-11-26 02:32:15,0.55,15821.0,Germany
567070,20725,LUNCH BAG RED RETROSPOT,1,2025-02-08 05:22:02,1.82,15815.0,United Kingdom
562944,85123A,WHITE HANGING HEART T-LIGHT HOLDER,8,2025-12-26 13:26:11,2.55,13766.0,France
563781,20725,LUNCH BAG RED RETROSPOT,16,2025-08-13 09:56:27,1.65,13798.0,EIRE
549363,21977,PACK OF 60 PINK PAISLEY CAKE CASES,15,2025-12-25 13:31:05,0.55,12532.0,Netherlands
540119,22423,REGENCY CAKESTAND 3 TIER,4,2025-05-10 10:20:01,11.48,13759.0,United Kingdom
C547936,21977,PACK OF 60 PINK PAISLEY CAKE CASES,-4,2025-12-14 01:33:13,0.5,16966.0,Netherlands
559353,85123A,WHITE HANGING HEART T-LIGHT HOLDER,18,2025-08-03 22:28:31,2.55,15930.0,United Kingdom
564586,20725,LUNCH BAG RED RETROSPOT,1,2025-01-27 16:34:30,1.65,17658.0,United Kingdom
557897,20725,LUNCH BAG RED RETROSPOT,19,2025-05-30 14:38:27,1.48,17557.0,EIRE
537313,85099B,JUMBO BAG RED RETROSPOT,11,2025-02-20 03:34:28,2.08,17140.0,United Kingdom
556076,85099B,JUMBO BAG RED RETROSPOT,16,2025-12-10 04:44:22,2.08,13078.0,United Kingdom
542363,85099B,JUMBO BAG RED RETROSPOT,5,2025-04-22 14:19:07,2.29,14003.0,United Kingdom
C556728,85099B,JUMBO BAG RED RETROSPOT,-7,2025-03-23 01:15:52,2.29,12344.0,United Kingdom
550012,20725,LUNCH BAG RED RETROSPOT,14,2025-07-21 11:20:35,1.48,,EIRE
554122,22423,REGENCY CAKESTAND 3 TIER,4,2025-06-05 21:20:31,11.48,13386.0,United Kingdom
556275,85099B,JUMBO BAG RED RETROSPOT,2,2025-02-05 21:00:04,2.08,13680.0,United Kingdom
557694,22423,REGENCY CAKESTAND 3 TIER,12,2025-10-26 12:21:15,14.02,12092.0,Germany
536173,21977,PACK OF 60 PINK PAISLEY CAKE CASES,1,2025-11-05 05:34:25,0.55,17057.0,United Kingdom
568849,20725,LUNCH BAG RED RETROSPOT,18,2025-09-29 01:46:31,1.82,15162.0,France
555555,85123A,WHITE HANGING HEART T-LIGHT HOLDER,13,2025-08-14 04:06:32,2.55,15934.0,Netherlands
553243,22423,REGENCY CAKESTAND 3 TIER,14,2025-05-27 06:44:05,14.02,15921.0,France
548868,85123A,WHITE HANGING HEART T-LIGHT HOLDER,10,2025-07-17 13:13:41,2.8,17800.0,Spain
539553,85123A,WHITE HANGING HEART T-LIGHT HOLDER,12,2025-07-10 17:24:52,2.3,12883.0,United Kingdom
557420,85099B,JUMBO BAG RED RETROSPOT,19,2025-03-02 11:02:44,2.08,,EIRE
548351,20725,LUNCH BAG RED RETROSPOT,1,2025-01-30 19:50:14,1.48,13850.0,United Kingdom
566837,21977,PACK OF 60 PINK PAISLEY CAKE CASES,5,2025-04-03 03:52:16,0.5,15308.0,United Kingdom
558371,85123A,WHITE HANGING HEART T-LIGHT HOLDER,14,2025-06-15 10:09:46,2.55,15157.0,Germany
550989,21977,PACK OF 60 PINK PAISLEY CAKE CASES,3,2025-02-28 14:43:44,0.55,16740.0,United Kingdom
537078,20725,LUNCH BAG RED RETROSPOT,5,2025-02-08 01:17:38,1.82,15363.0,Spain
C554855,85099B,JUMBO BAG RED RETROSPOT,-1,2025-11-07 21:44:22,1.87,13403.0,France
564741,22423,REGENCY CAKESTAND 3 TIER,2,2025-05-17 23:52:58,11.48,15388.0,Netherlands
551734,20725,LUNCH BAG RED RETROSPOT,9,2025-08-02 17:45:57,1.48,17784.0,United Kingdom
558108,85123A,WHITE HANGING HEART T-LIGHT HOLDER,13,2025-07-11 16:52:07,2.8,15473.0,United Kingdom
540029,20725,LUNCH BAG RED RETROSPOT,2,2025-09-26 05:01:45,1.65,15554.0,France
549828,20725,LUNCH BAG RED RETROSPOT,19,2025-09-28 04:23:23,1.65,13055.0,United Kingdom
562965,POST,POSTAGE,15,2025-04-19 05:43:18,16.2,12047.0,United Kingdom
550401,85123A,WHITE HANGING HEART T-LIGHT HOLDER,13,2025-11-06 03:14:29,2.55,13257.0,Germany
566096,85123A,WHITE HANGING HEART T-LIGHT HOLDER,2,2025-05-16 13:22:53,2.3,12150.0,Netherlands
549922,20725,LUNCH BAG RED RETROSPOT,10,2025-11-01 22:58:24,1.48,14713.0,France
563589,85099B,JUMBO BAG RED RETROSPOT,18,2025-05-28 16:15:37,2.08,17293.0,United Kingdom
557889,85099B,JUMBO BAG RED RETROSPOT,5,2025-02-10 21:09:07,2.08,14680.0,United Kingdom
568218,21977,PACK OF 60 PINK PAISLEY CAKE CASES,11,2025-10-05 23:29:45,0.55,15871.0,Germany
554121,85123A,WHITE HANGING HEART T-LIGHT HOLDER,11,2025-01-12 15:53:33,2.8,17133.0,United Kingdom
551912,21977,PACK OF 60 PINK PAISLEY CAKE CASES,14,2025-10-09 02:30:56,0.61,16578.0,United Kingdom
548021,POST,POSTAGE,18,2025-01-16 22:19:49,16.2,,United Kingdom
558178,21977,PACK OF 60 PINK PAISLEY CAKE CASES,3,2025-03-17 13:06:44,0.55,16704.0,United Kingdom
569322,85099B,JUMBO BAG RED RETROSPOT,2,2025-08-09 13:08:08,2.08,13683.0,United Kingdom
541723,POST,POSTAGE,2,2025-12-10 23:41:49,18.0,,United Kingdom
567838,21977,PACK OF 60 PINK PAISLEY CAKE CASES,6,2025-05-30 16:24:53,0.55,14393.0,Germany
569211,85123A,WHITE HANGING HEART T-LIGHT HOLDER,7,2025-02-14 02:39:41,2.55,16791.0,United Kingdom
562147,21977,PACK OF 60 PINK PAISLEY CAKE CASES,17,2025-03-27 18:21:27,0.5,14452.0,France
555738,85123A,WHITE HANGING HEART T-LIGHT HOLDER,10,2025-11-24 23:20:29,2.8,,United Kingdom
565341,22423,REGENCY CAKESTAND 3 TIER,15,2025-09-23 05:42:00,12.75,,Spain
544896,21977,PACK OF 60 PINK PAISLEY CAKE CASES,11,2025-02-06 11:05:32,0.55,13033.0,United Kingdom
557554,85123A,WHITE HANGING HEART T-LIGHT HOLDER,19,2025-05-21 02:29:19,2.3,16297.0,United Kingdom
563382,85123A,WHITE HANGING HEART T-LIGHT HOLDER,7,2025-04-07 17:13:02,2.55,16584.0,United Kingdom
563379,21977,PACK OF 60 PINK PAISLEY CAKE CASES,13,2025-03-06 03:25:48,0.55,16074.0,United Kingdom
555940,22423,REGENCY CAKESTAND 3 TIER,6,2025-11-05 10:12:23,12.75,13846.0,United Kingdom
549106,85099B,JUMBO BAG RED RETROSPOT,5,2025-08-14 15:37:02,2.08,12054.0,EIRE
568288,22423,REGENCY CAKESTAND 3 TIER,19,2025-03-07 20:11:06,12.75,13928.0,Netherlands
558906,21977,PACK OF 60 PINK PAISLEY CAKE CASES,1,2025-08-26 07:40:07,0.55,14799.0,United Kingdom
562179,POST,POSTAGE,6,2025-05-31 21:48:15,16.2,14476.0,United Kingdom
557192,85123A,WHITE HANGING HEART T-LIGHT HOLDER,8,2025-01-23 00:34:52,2.55,17532.0,France
565827,20725,LUNCH BAG RED RETROSPOT,3,2025-06-14 03:59:59,1.65,,Germany
552240,85123A,WHITE HANGING HEART T-LIGHT HOLDER,15,2025-03-09 02:51:05,2.55,16650.0,United Kingdom
554586,22423,REGENCY CAKESTAND 3 TIER,7,2025-03-31 17:56:01,12.75,12132.0,France
563334,85099B,JUMBO BAG RED RETROSPOT,9,2025-11-17 08:41:00,2.08,12764.0,United Kingdom
553588,85123A,WHITE HANGING HEART T-LIGHT HOLDER,6,2025-09-17 00:29:51,2.55,14603.0,Germany
544327,85123A,WHITE HANGING HEART T-LIGHT HOLDER,17,2025-02-18 18:54:57,2.8,,United Kingdom
561749,20725,LUNCH BAG RED RETROSPOT,9,2025-11-07 06:38:40,1.65,16080.0,United Kingdom
548766,20725,LUNCH BAG RED RETROSPOT,15,2025-07-29 16:22:23,1.48,13777.0,United Kingdom
539570,POST,POSTAGE,12,2025-11-16 13:15:22,16.2,12662.0,France
548672,POST,POSTAGE,19,2025-09-30 02:40:34,16.2,13969.0,United Kingdom
537837,85099B,JUMBO BAG RED RETROSPOT,12,2025-05-04 14:28:36,1.87,16753.0,EIRE
565859,85123A,WHITE HANGING HEART T-LIGHT HOLDER,19,2025-07-15 20:39:58,2.3,17919.0,EIRE
569445,85123A,WHITE HANGING HEART T-LIGHT HOLDER,14,2025-07-13 08:45:59,2.55,17651.0,France
545065,85099B,JUMBO BAG RED RETROSPOT,2,2025-09-20 20:00:12,2.08,15559.0,United Kingdom
567154,20725,LUNCH BAG RED RETROSPOT,3,2025-04-01 06:29:25,1.82,12545.0,United Kingdom
560189,22423,REGENCY CAKESTAND 3 TIER,16,2025-05-02 06:47:25,12.75,17806.0,United Kingdom
568492,85123A,WHITE HANGING HEART T-LIGHT HOLDER,1,2025-03-31 04:07:10,2.8,12917.0,Germany
541531,85099B,JUMBO BAG RED RETROSPOT,4,2025-04-19 05:04:45,2.08,13609.0,Netherlands
538120,POST,POSTAGE,16,2025-02-28 05:45:11,18.0,17844.0,United Kingdom
567289,85099B,JUMBO BAG RED RETROSPOT,7,2025-01-14 15:35:31,2.08,15023.0,Spain
545156,20725,LUNCH BAG RED RETROSPOT,5,2025-12-10 03:07:31,1.65,13187.0,United Kingdom
556275,85099B,JUMBO BAG RED RETROSPOT,4,2025-01-28 13:04:06,2.08,15012.0,United Kingdom
566652,85099B,JUMBO BAG RED RETROSPOT,6,2025-11-21 06:16:04,2.29,12473.0,United Kingdom
547658,85099B,JUMBO BAG RED RETROSPOT,16,2025-01-02 03:31:20,2.29,13894.0,France
539042,20725,LUNCH BAG RED RETROSPOT,9,2025-10-11 19:42:38,1.65,17713.0,United Kingdom
562903,20725,LUNCH BAG RED RETROSPOT,19,2025-04-30 12:57:33,1.65,13791.0,United Kingdom
551348,85099B,JUMBO BAG RED RETROSPOT,14,2025-07-08 06:54:01,2.08,17355.0,EIRE
536770,22423,REGENCY CAKESTAND 3 TIER,6,2025-04-14 15:19:34,14.02,15257.0,United Kingdom
547603,85123A,WHITE HANGING HEART T-LIGHT HOLDER,4,2025-06-29 21:47:04,2.3,15934.0,United Kingdom
554021,85123A,WHITE HANGING HEART T-LIGHT HOLDER,18,2025-06-14 06:47:08,2.55,16217.0,United Kingdom
565914,85123A,WHITE HANGING HEART T-LIGHT HOLDER,18,2025-07-13 05:53:07,2.3,15308.0,United Kingdom
543691,85123A,WHITE HANGING HEART T-LIGHT HOLDER,3,2025-05-24 16:23:01,2.55,12205.0,United Kingdom
553614,21977,PACK OF 60 PINK PAISLEY CAKE CASES,7,2025-07-15 11:48:25,0.55,17515.0,United Kingdom
542167,20725,LUNCH BAG RED RETROSPOT,15,2025-10-29 16:10:02,1.65,14850.0,Germany
545872,20725,LUNCH BAG RED RETROSPOT,19,2025-06-08 04:01:18,1.82,15933.0,United Kingdom
544970,20725,LUNCH BAG RED RETROSPOT,18,2025-05-12 22:23:29,1.48,15323.0,Germany
553826,POST,POSTAGE,6,2025-02-18 00:24:36,19.8,15950.0,United Kingdom
558560,POST,POSTAGE,18,2025-05-12 06:34:09,18.0,14128.0,United Kingdom
539823,22423,REGENCY CAKESTAND 3 TIER,14,2025-02-15 15:00:46,11.48,17062.0,United Kingdom
538578,85123A,WHITE HANGING HEART T-LIGHT HOLDER,9,2025-03-08 12:29:14,2.3,13345.0,United Kingdom
560860,85123A,WHITE HANGING HEART T-LIGHT HOLDER,8,2025-12-14 08:06:22,2.55,15919.0,United Kingdom
545993,POST,POSTAGE,16,2025-02-02 23:26:36,19.8,15467.0,United Kingdom
557023,85123A,WHITE HANGING HEART T-LIGHT HOLDER,16,2025-06-25 08:16:54,2.8,15022.0,Spain
538609,85099B,JUMBO BAG RED RETROSPOT,18,2025-11-01 16:16:55,1.87,12131.0,EIRE
556424,85099B,JUMBO BAG RED RETROSPOT,9,2025-12-14 09:47:09,2.29,14338.0,United Kingdom
566919,21977,PACK OF 60 PINK PAISLEY CAKE CASES,6,2025-02-23 10:34:16,0.5,12285.0,Germany
550886,21977,PACK OF 60 PINK PAISLEY CAKE CASES,17,2025-03-01 18:39:58,0.55,15018.0,Germany
555648,20725,LUNCH BAG RED RETROSPOT,6,2025-05-16 08:30:03,1.48,16126.0,EIRE
546004,21977,PACK OF 60 PINK PAISLEY CAKE CASES,15,2025-07-22 09:35:37,0.55,15134.0,United Kingdom
545720,20725,LUNCH BAG RED RETROSPOT,10,2025-12-17 18:45:54,1.65,16542.0,United Kingdom
538222,85123A,WHITE HANGING HEART T-LIGHT HOLDER,12,2025-03-17 02:04:25,2.8,14164.0,United Kingdom
552285,20725,LUNCH BAG RED RETROSPOT,4,2025-03-02 10:22:30,1.65,13836.0,United Kingdom
568199,21977,PACK OF 60 PINK PAISLEY CAKE CASES,5,2025-04-03 06:41:24,0.55,14688.0,United Kingdom
539945,22423,REGENCY CAKESTAND 3 TIER,13,2025-11-16 11:34:33,12.75,13374.0,Spain
550162,POST,POSTAGE,5,2025-01-11 13:49:37,18.0,16811.0,Netherlands
564460,POST,POSTAGE,13,2025-05-19 10:17:51,18.0,16858.0,United Kingdom
552861,20725,LUNCH BAG RED RETROSPOT,19,2025-02-13 23:50:37,1.48,14499.0,United Kingdom
561854,POST,POSTAGE,2,2025-02-27 21:54:24,18.0,16755.0,United Kingdom
C548776,85099B,JUMBO BAG RED RETROSPOT,-18,2025-12-01 03:26:07,2.08,12153.0,United Kingdom
556487,22423,REGENCY CAKESTAND 3 TIER,4,2025-01-01 15:26:16,14.02,12928.0,Germany
569587,85123A,WHITE HANGING HEART T-LIGHT HOLDER,3,2025-04-28 07:45:46,2.3,13698.0,United Kingdom
556327,20725,LUNCH BAG RED RETROSPOT,16,2025-12-01 17:09:36,1.65,14327.0,EIRE
563069,20725,LUNCH BAG RED RETROSPOT,4,2025-08-10 11:39:15,1.65,13390.0,Netherlands
559582,POST,POSTAGE,13,2025-01-27 22:53:09,19.8,15073.0,Germany
539255,20725,LUNCH BAG RED RETROSPOT,3,2025-06-19 22:40:17,1.82,16761.0,Germany
541452,21977,PACK OF 60 PINK PAISLEY CAKE CASES,2,2025-12-21 01:21:37,0.61,14737.0,United Kingdom
556677,85123A,WHITE HANGING HEART T-LIGHT HOLDER,4,2025-05-27 02:36:07,2.55,14695.0,United Kingdom
547836,85123A,WHITE HANGING HEART T-LIGHT HOLDER,10,2025-07-12 00:32:52,2.3,12359.0,United Kingdom
552477,85099B,JUMBO BAG RED RETROSPOT,6,2025-07-14 19:03:06,2.29,13681.0,Germany
552435,20725,LUNCH BAG RED RETROSPOT,5,2025-08-30 05:29:12,1.65,16843.0,United Kingdom
562973,85123A,WHITE HANGING HEART T-LIGHT HOLDER,16,2025-03-10 17:21:03,2.8,16864.0,EIRE
569687,POST,POSTAGE,4,2025-11-03 07:58:30,19.8,12625.0,United Kingdom
569908,21977,PACK OF 60 PINK PAISLEY CAKE CASES,2,2025-12-27 07:21:16,0.61,12115.0,United Kingdom
538710,22423,REGENCY CAKESTAND 3 TIER,3,2025-02-22 14:29:59,12.75,16986.0,United Kingdom
561306,POST,POSTAGE,17,2025-10-26 18:34:12,18.0,13045.0,Netherlands
560659,21977,PACK OF 60 PINK PAISLEY CAKE CASES,10,2025-10-26 13:35:45,0.55,15447.0,United Kingdom
565407,20725,LUNCH BAG RED RETROSPOT,19,2025-09-28 13:47:49,1.82,16961.0,United Kingdom
550509,85099B,JUMBO BAG RED RETROSPOT,16,2025-05-16 17:40:41,1.87,16723.0,United Kingdom
553089,85099B,JUMBO BAG RED RETROSPOT,6,2025-06-21 04:06:45,2.08,15303.0,Germany
551356,85123A,WHITE HANGING HEART T-LIGHT HOLDER,16,2025-11-03 14:12:31,2.55,14259.0,Netherlands
548702,85099B,JUMBO BAG RED RETROSPOT,9,2025-02-25 06:51:27,1.87,16641.0,United Kingdom
544392,20725,LUNCH BAG RED RETROSPOT,11,2025-10-30 03:43:01,1.65,16168.0,Spain
557871,POST,POSTAGE,11,2025-12-03 07:52:48,19.8,17029.0,United Kingdom
536569,POST,POSTAGE,15,2025-09-06 04:37:00,16.2,15083.0,Germany
561480,85123A,WHITE HANGING HEART T-LIGHT HOLDER,4,2025-05-05 07:45:09,2.55,17651.0,United Kingdom
564613,POST,POSTAGE,2,2025-07-24 00:33:53,18.0,16618.0,United Kingdom
543736,85123A,WHITE HANGING HEART T-LIGHT HOLDER,14,2025-01-19 17:54:45,2.8,12380.0,Germany
543263,85123A,WHITE HANGING HEART T-LIGHT HOLDER,19,2025-12-07 08:21:38,2.55,,United Kingdom
553115,20725,LUNCH BAG RED RETROSPOT,12,2025-05-05 15:50:49,1.65,16795.0,United Kingdom
564775,POST,POSTAGE,3,2025-01-21 17:59:08,16.2,12696.0,EIRE
539868,POST,POSTAGE,3,2025-10-17 19:40:35,18.0,16252.0,Netherlands
550684,20725,LUNCH BAG RED RETROSPOT,11,2025-08-29 01:52:00,1.82,14043.0,United Kingdom
543355,85123A,WHITE HANGING HEART T-LIGHT HOLDER,18,2025-08-16 12:15:32,2.8,13242.0,Germany
C564969,85123A,WHITE HANGING HEART T-LIGHT HOLDER,-12,2025-01-20 10:00:07,2.55,15239.0,EIRE
565983,85123A,WHITE HANGING HEART T-LIGHT HOLDER,6,2025-10-02 08:24:45,2.55,17590.0,United Kingdom
538863,21977,PACK OF 60 PINK PAISLEY CAKE CASES,12,2025-08-21 19:21:35,0.61,17385.0,Spain
540920,85099B,JUMBO BAG RED RETROSPOT,3,2025-10-17 01:37:33,2.08,14425.0,United Kingdom
541347,85123A,WHITE HANGING HEART T-LIGHT HOLDER,10,2025-10-29 07:26:35,2.55,12022.0,EIRE
563585,85099B,JUMBO BAG RED RETROSPOT,19,2025-03-19 19:03:55,2.29,17325.0,United Kingdom
566621,21977,PACK OF 60 PINK PAISLEY CAKE CASES,12,2025-03-18 09:28:20,0.61,17383.0,United Kingdom
548668,20725,LUNCH BAG RED RETROSPOT,2,2025-12-04 01:47:40,1.65,15630.0,United Kingdom
541356,85099B,JUMBO BAG RED RETROSPOT,4,2025-07-13 04:09:49,1.87,15771.0,United Kingdom
558559,22423,REGENCY CAKESTAND 3 TIER,2,2025-06-09 07:14:06,11.48,15160.0,Spain
566276,21977,PACK OF 60 PINK PAISLEY CAKE CASES,8,2025-04-15 05:57:17,0.5,12074.0,Netherlands
566951,21977,PACK OF 60 PINK PAISLEY CAKE CASES,5,2025-08-22 16:03:11,0.55,12957.0,United Kingdom
551130,22423,REGENCY CAKESTAND 3 TIER,19,2025-10-03 04:06:48,11.48,12860.0,United Kingdom
562550,85123A,WHITE HANGING HEART T-LIGHT HOLDER,7,2025-01-01 18:20:24,2.3,17485.0,United Kingdom
568503,POST,POSTAGE,1,2025-07-21 07:28:40,18.0,,United Kingdom
564081,20725,LUNCH BAG RED RETROSPOT,9,2025-12-29 01:38:39,1.65,15339.0,United Kingdom
552138,85123A,WHITE HANGING HEART T-LIGHT HOLDER,15,2025-04-13 00:16:16,2.55,14176.0,Spain
544879,21977,PACK OF 60 PINK PAISLEY CAKE CASES,14,2025-04-13 14:34:58,0.5,12036.0,EIRE
548646,21977,PACK OF 60 PINK PAISLEY CAKE CASES,19,2025-11-17 17:38:08,0.5,17515.0,United Kingdom
548296,85123A,WHITE HANGING HEART T-LIGHT HOLDER,7,2025-01-23 03:17:28,2.3,12109.0,United Kingdom
569578,85123A,WHITE HANGING HEART T-LIGHT HOLDER,10,2025-05-26 07:24:58,2.55,,Germany
560914,POST,POSTAGE,11,2025-06-17 18:10:25,19.8,16665.0,United Kingdom
565189,85099B,JUMBO BAG RED RETROSPOT,1,2025-10-19 20:49:38,2.29,16762.0,United Kingdom
562425,85123A,WHITE HANGING HEART T-LIGHT HOLDER,1,2025-02-17 17:30:59,2.3,12971.0,United Kingdom
552198,20725,LUNCH BAG RED RETROSPOT,16,2025-06-08 14:49:27,1.65,17286.0,United Kingdom
562861,85099B,JUMBO BAG RED RETROSPOT,8,2025-02-25 17:57:12,2.29,15592.0,United Kingdom
557759,21977,PACK OF 60 PINK PAISLEY CAKE CASES,14,2025-10-15 07:07:42,0.5,14411.0,France
561163,22423,REGENCY CAKESTAND 3 TIER,18,2025-08-19 01:31:48,12.75,16086.0,United Kingdom
546228,85123A,WHITE HANGING HEART T-LIGHT HOLDER,5,2025-07-01 13:32:28,2.55,14048.0,Germany
543875,85123A,WHITE HANGING HEART T-LIGHT HOLDER,15,2025-05-24 13:25:34,2.3,,United Kingdom
542127,POST,POSTAGE,5,2025-02-25 19:16:40,19.8,13729.0,Spain
545828,21977,PACK OF 60 PINK PAISLEY CAKE CASES,15,2025-12-03 05:46:49,0.61,,United Kingdom
569269,20725,LUNCH BAG RED RETROSPOT,4,2025-08-25 21:20:13,1.65,15606.0,United Kingdom
568029,85123A,WHITE HANGING HEART T-LIGHT HOLDER,6,2025-04-27 11:53:57,2.3,,United Kingdom
540972,20725,LUNCH BAG RED RETROSPOT,9,2025-06-01 10:36:40,1.65,13473.0,United Kingdom
554831,85099B,JUMBO BAG RED RETROSPOT,10,2025-09-23 23:44:45,2.08,17677.0,United Kingdom
567973,21977,PACK OF 60 PINK PAISLEY CAKE CASES,1,2025-09-20 13:02:38,0.61,15089.0,France
561651,85099B,JUMBO BAG RED RETROSPOT,17,2025-06-18 02:10:16,2.29,17161.0,United Kingdom
556815,21977,PACK OF 60 PINK PAISLEY CAKE CASES,1,2025-04-21 06:05:18,0.55,13981.0,United Kingdom
556372,85123A,WHITE HANGING HEART T-LIGHT HOLDER,17,2025-08-29 14:15:26,2.8,13728.0,United Kingdom
547086,85123A,WHITE HANGING HEART T-LIGHT HOLDER,4,2025-08-29 05:31:37,2.55,13695.0,EIRE
567433,20725,LUNCH BAG RED RETROSPOT,14,2025-08-07 03:57:35,1.65,,Spain
538825,85123A,WHITE HANGING HEART T-LIGHT HOLDER,14,2025-01-27 07:07:14,2.3,16674.0,France
565538,85123A,WHITE HANGING HEART T-LIGHT HOLDER,9,2025-06-22 12:14:28,2.8,15003.0,Germany
565621,POST,POSTAGE,11,2025-08-13 02:13:33,18.0,13769.0,France
544886,22423,REGENCY CAKESTAND 3 TIER,2,2025-12-13 12:30:05,14.02,17760.0,France
553407,21977,PACK OF 60 PINK PAISLEY CAKE CASES,18,2025-07-11 17:27:11,0.55,15434.0,United Kingdom
566080,20725,LUNCH BAG RED RETROSPOT,3,2025-05-06 10:56:57,1.65,14364.0,Germany
552124,20725,LUNCH BAG RED RETROSPOT,13,2025-07-22 16:39:27,1.65,12058.0,EIRE
546201,85123A,WHITE HANGING HEART T-LIGHT HOLDER,1,2025-03-06 15:21:02,2.55,15373.0,United Kingdom
538380,21977,PACK OF 60 PINK PAISLEY CAKE CASES,15,2025-02-03 11:54:37,0.61,15726.0,Germany
550993,21977,PACK OF 60 PINK PAISLEY CAKE CASES,7,2025-09-05 23:22:50,0.55,17572.0,United Kingdom
545443,85099B,JUMBO BAG RED RETROSPOT,10,2025-12-26 14:40:50,2.08,13384.0,United Kingdom
564941,20725,LUNCH BAG RED RETROSPOT,1,2025-11-05 19:19:30,1.65,12976.0,United Kingdom
565280,POST,POSTAGE,5,2025-08-02 15:22:50,16.2,17995.0,Germany
547016,85123A,WHITE HANGING HEART T-LIGHT HOLDER,9,2025-01-15 23:00:16,2.55,15302.0,Spain
543156,85123A,WHITE HANGING HEART T-LIGHT HOLDER,14,2025-12-27 10:20:53,2.55,12161.0,United Kingdom
545886,20725,LUNCH BAG RED RETROSPOT,12,2025-06-14 04:32:48,1.48,12634.0,United Kingdom
549663,85099B,JUMBO BAG RED RETROSPOT,5,2025-04-16 04:21:29,2.29,,United Kingdom
558734,20725,LUNCH BAG RED RETROSPOT,12,2025-11-22 23:50:15,1.65,15704.0,United Kingdom
541177,85123A,WHITE HANGING HEART T-LIGHT HOLDER,5,2025-09-30 19:09:55,2.3,13462.0,Netherlands
569988,85123A,WHITE HANGING HEART T-LIGHT HOLDER,11,2025-10-01 07:19:26,2.3,,United Kingdom
559808,21977,PACK OF 60 PINK PAISLEY CAKE CASES,11,2025-04-12 10:44:30,0.55,16417.0,United Kingdom
540455,POST,POSTAGE,5,2025-12-29 00:49:11,16.2,17805.0,United Kingdom
546701,85123A,WHITE HANGING HEART T-LIGHT HOLDER,4,2025-06-15 22:52:21,2.3,14946.0,Netherlands
C559836,20725,LUNCH BAG RED RETROSPOT,-10,2025-07-13 10:28:10,1.65,14492.0,United Kingdom
553132,85099B,JUMBO BAG RED RETROSPOT,12,2025-10-02 09:13:49,2.29,14166.0,France
553916,85123A,WHITE HANGING HEART T-LIGHT HOLDER,19,2025-08-29 05:54:31,2.3,12817.0,United Kingdom
537410,85099B,JUMBO BAG RED RETROSPOT,10,2025-03-04 01:58:28,2.08,12316.0,United Kingdom
549960,22423,REGENCY CAKESTAND 3 TIER,9,2025-04-21 18:17:27,12.75,17003.0,France
556893,21977,PACK OF 60 PINK PAISLEY CAKE CASES,10,2025-05-12 05:20:52,0.55,12222.0,United Kingdom
561495,22423,REGENCY CAKESTAND 3 TIER,17,2025-12-12 02:05:11,12.75,16925.0,France
551196,85099B,JUMBO BAG RED RETROSPOT,6,2025-09-18 23:29:04,2.08,13483.0,United Kingdom
554864,85123A,WHITE HANGING HEART T-LIGHT HOLDER,8,2025-05-14 13:09:07,2.3,16169.0,France
543548,20725,LUNCH BAG RED RETROSPOT,8,2025-09-26 01:51:03,1.82,17709.0,France
563125,POST,POSTAGE,12,2025-09-27 06:56:43,16.2,16492.0,France
559728,85099B,JUMBO BAG RED RETROSPOT,14,2025-05-24 13:17:13,2.08,16377.0,United Kingdom
561291,85099B,JUMBO BAG RED RETROSPOT,10,2025-05-28 04:57:41,1.87,13588.0,France
558711,POST,POSTAGE,6,2025-11-23 23:45:38,18.0,15589.0,Netherlands
569494,85123A,WHITE HANGING HEART T-LIGHT HOLDER,14,2025-07-25 21:00:55,2.55,15852.0,United Kingdom
565914,20725,LUNCH BAG RED RETROSPOT,6,2025-02-24 21:15:25,1.48,14551.0,United Kingdom
563569,21977,PACK OF 60 PINK PAISLEY CAKE CASES,18,2025-09-20 12:22:19,0.55,12228.0,EIRE
547398,POST,POSTAGE,12,2025-08-04 23:43:11,19.8,17474.0,United Kingdom
538271,22423,REGENCY CAKESTAND 3 TIER,9,2025-07-05 07:48:38,12.75,13181.0,Germany
536025,22423,REGENCY CAKESTAND 3 TIER,5,2025-09-22 13:19:44,12.75,17840.0,France
562505,22423,REGENCY CAKESTAND 3 TIER,15,2025-11-28 17:54:24,12.75,17593.0,United Kingdom
566567,85123A,WHITE HANGING HEART T-LIGHT HOLDER,12,2025-05-01 12:07:33,2.55,12113.0,Germany
558089,85123A,WHITE HANGING HEART T-LIGHT HOLDER,17,2025-06-03 20:28:35,2.55,16435.0,Germany
560517,POST,POSTAGE,14,2025-03-11 02:29:33,16.2,15804.0,United Kingdom
539052,22423,REGENCY CAKESTAND 3 TIER,16,2025-08-25 10:36:36,11.48,13384.0,Spain
555226,85123A,WHITE HANGING HEART T-LIGHT HOLDER,2,2025-05-27 19:55:03,2.8,16876.0,United Kingdom
556586,22423,REGENCY CAKESTAND 3 TIER,1,2025-05-05 04:22:15,12.75,,United Kingdom
541325,85099B,JUMBO BAG RED RETROSPOT,13,2025-09-12 09:14:26,2.29,13492.0,EIRE
561527,21977,PACK OF 60 PINK PAISLEY CAKE CASES,1,2025-05-29 23:51:50,0.55,17693.0,United Kingdom
547399,85123A,WHITE HANGING HEART T-LIGHT HOLDER,17,2025-06-19 14:43:28,2.55,16457.0,EIRE
542704,20725,LUNCH BAG RED RETROSPOT,17,2025-06-10 08:36:55,1.65,12673.0,United Kingdom
559663,20725,LUNCH BAG RED RETROSPOT,12,2025-04-05 08:42:54,1.65,12864.0,United Kingdom
550786,85123A,WHITE HANGING HEART T-LIGHT HOLDER,14,2025-02-15 04:55:55,2.8,13542.0,United Kingdom
554224,20725,LUNCH BAG RED RETROSPOT,9,2025-10-29 17:38:06,1.82,12423.0,France
554444,85099B,JUMBO BAG RED RETROSPOT,19,2025-02-03 02:28:45,1.87,13095.0,EIRE
557169,85099B,JUMBO BAG RED RETROSPOT,1,2025-04-29 04:59:37,2.08,15430.0,EIRE
550047,POST,POSTAGE,6,2025-09-01 02:58:20,18.0,12044.0,Netherlands
563698,POST,POSTAGE,14,2025-02-17 18:05:32,16.2,13724.0,France
565784,85099B,JUMBO BAG RED RETROSPOT,15,2025-08-28 22:37:58,2.29,13884.0,France
552448,85099B,JUMBO BAG RED RETROSPOT,5,2025-09-25 02:05:32,2.29,17825.0,United Kingdom
541742,22423,REGENCY CAKESTAND 3 TIER,16,2025-08-30 22:43:11,14.02,17845.0,Netherlands
545482,85099B,JUMBO BAG RED RETROSPOT,9,2025-04-22 21:59:33,2.29,,Germany
562232,21977,PACK OF 60 PINK PAISLEY CAKE CASES,17,2025-01-08 12:11:25,0.55,14051.0,Spain
544725,85123A,WHITE HANGING HEART T-LIGHT HOLDER,6,2025-11-20 00:53:20,2.55,15163.0,United Kingdom
562455,POST,POSTAGE,14,2025-04-30 16:36:40,18.0,15025.0,United Kingdom
558512,20725,LUNCH BAG RED RETROSPOT,4,2025-10-21 12:35:27,1.65,17161.0,France
551233,85123A,WHITE HANGING HEART T-LIGHT HOLDER,3,2025-03-14 19:59:00,2.3,16475.0,United Kingdom
540299,20725,LUNCH BAG RED RETROSPOT,14,2025-03-01 07:04:44,1.82,17439.0,United Kingdom
554342,20725,LUNCH BAG RED RETROSPOT,13,2025-10-12 13:22:44,1.82,15306.0,Netherlands
559554,22423,REGENCY CAKESTAND 3 TIER,6,2025-12-10 21:24:15,14.02,17515.0,United Kingdom
541221,85099B,JUMBO BAG RED RETROSPOT,12,2025-11-11 16:00:27,2.08,16461.0,United Kingdom
564048,20725,LUNCH BAG RED RETROSPOT,18,2025-10-02 15:30:38,1.65,16432.0,United Kingdom
542635,POST,POSTAGE,7,2025-04-01 23:12:26,18.0,15969.0,United Kingdom
550027,22423,REGENCY CAKESTAND 3 TIER,10,2025-11-30 11:44:59,12.75,14013.0,Germany
554076,21977,PACK OF 60 PINK PAISLEY CAKE CASES,4,2025-09-01 04:08:27,0.55,15651.0,Netherlands
561126,20725,LUNCH BAG RED RETROSPOT,10,2025-03-04 23:25:42,1.82,14139.0,Netherlands
543639,POST,POSTAGE,17,2025-02-17 03:19:50,18.0,15897.0,Germany
547419,85123A,WHITE HANGING HEART T-LIGHT HOLDER,13,2025-11-14 13:13:39,2.55,13528.0,France
563419,85099B,JUMBO BAG RED RETROSPOT,3,2025-04-11 18:04:21,2.08,16794.0,United Kingdom
547206,20725,LUNCH BAG RED RETROSPOT,15,2025-10-07 18:53:23,1.65,15428.0,Spain
556951,85123A,WHITE HANGING HEART T-LIGHT HOLDER,9,2025-02-20 16:52:47,2.3,16261.0,United Kingdom
549525,85099B,JUMBO BAG RED RETROSPOT,1,2025-04-13 10:12:32,2.08,13330.0,United Kingdom
537923,21977,PACK OF 60 PINK PAISLEY CAKE CASES,12,2025-04-14 04:27:46,0.55,,Netherlands
553492,85099B,JUMBO BAG RED RETROSPOT,6,2025-04-13 00:55:04,2.08,16815.0,Spain
548167,20725,LUNCH BAG RED RETROSPOT,19,2025-09-04 07:15:28,1.48,12873.0,United Kingdom
545008,85123A,WHITE HANGING HEART T-LIGHT HOLDER,19,2025-11-30 23:19:42,2.55,14100.0,France
565186,20725,LUNCH BAG RED RETROSPOT,13,2025-11-29 16:26:46,1.82,16066.0,United Kingdom
562324,22423,REGENCY CAKESTAND 3 TIER,12,2025-09-28 09:45:59,14.02,17241.0,United Kingdom
545433,20725,LUNCH BAG RED RETROSPOT,6,2025-03-15 11:51:53,1.48,16422.0,United Kingdom
553811,85099B,JUMBO BAG RED RETROSPOT,2,2025-12-17 08:01:10,2.08,14830.0,United Kingdom
560470,85123A,WHITE HANGING HEART T-LIGHT HOLDER,2,2025-07-17 21:26:36,2.8,13799.0,United Kingdom
537810,POST,POSTAGE,9,2025-07-19 10:53:02,18.0,,United Kingdom
539189,20725,LUNCH BAG RED RETROSPOT,7,2025-09-14 20:05:30,1.65,17247.0,United Kingdom
C554358,85099B,JUMBO BAG RED RETROSPOT,-19,2025-10-08 01:13:30,2.08,17380.0,United Kingdom
567638,22423,REGENCY CAKESTAND 3 TIER,6,2025-12-14 11:41:27,12.75,13828.0,Netherlands
567534,21977,PACK OF 60 PINK PAISLEY CAKE CASES,5,2025-08-01 14:28:17,0.61,14618.0,Germany
551277,POST,POSTAGE,16,2025-08-11 16:00:17,18.0,13462.0,Spain
559936,22423,REGENCY CAKESTAND 3 TIER,16,2025-09-30 00:34:14,12.75,17727.0,United Kingdom
552713,POST,POSTAGE,8,2025-04-04 15:26:35,18.0,17202.0,Germany
566758,22423,REGENCY CAKESTAND 3 TIER,2,2025-04-23 20:08:37,12.75,13039.0,EIRE
555374,20725,LUNCH BAG RED RETROSPOT,2,2025-08-17 02:12:35,1.65,13482.0,United Kingdom
566304,85099B,JUMBO BAG RED RETROSPOT,10,2025-01-24 07:56:16,2.08,15312.0,United Kingdom
548356,85123A,WHITE HANGING HEART T-LIGHT HOLDER,17,2025-04-27 10:12:51,2.55,14493.0,United Kingdom
567656,POST,POSTAGE,8,2025-09-20 06:06:19,16.2,14759.0,United Kingdom
560659,85123A,WHITE HANGING HEART T-LIGHT HOLDER,1,2025-12-23 10:33:25,2.3,14207.0,United Kingdom
562100,POST,POSTAGE,8,2025-07-09 21:26:03,19.8,16043.0,United Kingdom
536495,85123A,WHITE HANGING HEART T-LIGHT HOLDER,1,2025-05-26 21:32:12,2.55,17388.0,United Kingdom
563416,22423,REGENCY CAKESTAND 3 TIER,9,2025-06-10 14:25:45,12.75,17503.0,Germany
541514,POST,POSTAGE,10,2025-09-08 21:14:48,19.8,14731.0,United Kingdom
567831,21977,PACK OF 60 PINK PAISLEY CAKE CASES,14,2025-07-18 19:33:50,0.61,16967.0,United Kingdom
542419,85123A,WHITE HANGING HEART T-LIGHT HOLDER,2,2025-01-09 01:22:59,2.3,16165.0,France
564083,21977,PACK OF 60 PINK PAISLEY CAKE CASES,10,2025-07-16 09:17:12,0.55,13181.0,United Kingdom
557601,85123A,WHITE HANGING HEART T-LIGHT HOLDER,4,2025-05-27 20:17:02,2.8,16764.0,United Kingdom
549347,20725,LUNCH BAG RED RETROSPOT,9,2025-09-13 10:37:04,1.65,14102.0,United Kingdom
566280,85123A,WHITE HANGING HEART T-LIGHT HOLDER,19,2025-11-16 14:40:49,2.8,15767.0,United Kingdom
549199,85099B,JUMBO BAG RED RETROSPOT,15,2025-12-18 09:53:20,2.08,16323.0,United Kingdom
538163,85123A,WHITE HANGING HEART T-LIGHT HOLDER,17,2025-08-11 00:23:21,2.55,17662.0,United Kingdom
538571,21977,PACK OF 60 PINK PAISLEY CAKE CASES,1,2025-05-13 13:33:34,0.55,17689.0,United Kingdom
564983,POST,POSTAGE,15,2025-06-12 09:09:34,16.2,,Netherlands
549072,20725,LUNCH BAG RED RETROSPOT,17,2025-03-06 18:34:30,1.82,15035.0,Netherlands
563863,85099B,JUMBO BAG RED RETROSPOT,13,2025-12-08 21:18:51,2.08,14401.0,United Kingdom
536681,22423,REGENCY CAKESTAND 3 TIER,15,2025-11-06 02:30:35,11.48,14647.0,United Kingdom
538605,85123A,WHITE HANGING HEART T-LIGHT HOLDER,1,2025-11-08 08:35:51,2.8,17704.0,United Kingdom
569594,20725,LUNCH BAG RED RETROSPOT,15,2025-04-30 09:25:28,1.65,,EIRE
540869,85123A,WHITE HANGING HEART T-LIGHT HOLDER,16,2025-04-28 16:14:04,2.55,15147.0,EIRE
559380,21977,PACK OF 60 PINK PAISLEY CAKE CASES,5,2025-11-09 09:30:31,0.55,16077.0,United Kingdom
547901,85099B,JUMBO BAG RED RETROSPOT,9,2025-07-18 13:34:33,2.08,12135.0,United Kingdom
553002,POST,POSTAGE,9,2025-09-15 21:47:58,16.2,15809.0,United Kingdom
539898,85099B,JUMBO BAG RED RETROSPOT,2,2025-06-28 14:09:23,2.08,13560.0,Spain
545071,21977,PACK OF 60 PINK PAISLEY CAKE CASES,3,2025-06-11 02:21:44,0.55,13683.0,Spain
561781,POST,POSTAGE,6,2025-08-19 11:32:21,18.0,15730.0,United Kingdom
554211,POST,POSTAGE,3,2025-10-24 21:16:35,18.0,12053.0,Germany
553138,21977,PACK OF 60 PINK PAISLEY CAKE CASES,10,2025-05-02 11:34:34,0.5,12940.0,United Kingdom
568125,20725,LUNCH BAG RED RETROSPOT,2,2025-10-23 23:35:23,1.65,,France
549965,21977,PACK OF 60 PINK PAISLEY CAKE CASES,1,2025-03-31 21:39:48,0.5,15504.0,Netherlands
563324,85099B,JUMBO BAG RED RETROSPOT,12,2025-05-28 06:20:09,1.87,12654.0,United Kingdom
560648,85123A,WHITE HANGING HEART T-LIGHT HOLDER,5,2025-11-30 09:55:53,2.55,14169.0,United Kingdom
551665,20725,LUNCH BAG RED RETROSPOT,8,2025-12-15 04:26:33,1.48,,Germany
545958,20725,LUNCH BAG RED RETROSPOT,7,2025-12-04 04:35:38,1.65,15206.0,United Kingdom
548038,85123A,WHITE HANGING HEART T-LIGHT HOLDER,9,2025-04-26 08:49:34,2.8,13803.0,EIRE
565632,22423,REGENCY CAKESTAND 3 TIER,9,2025-11-04 10:04:24,11.48,12011.0,United Kingdom
546398,20725,LUNCH BAG RED RETROSPOT,3,2025-12-08 08:24:36,1.48,15180.0,Spain
558234,85123A,WHITE HANGING HEART T-LIGHT HOLDER,1,2025-12-24 17:35:23,2.8,17090.0,United Kingdom
540233,21977,PACK OF 60 PINK PAISLEY CAKE CASES,9,2025-01-08 03:38:49,0.55,15508.0,United Kingdom
547781,20725,LUNCH BAG RED RETROSPOT,11,2025-09-29 11:24:20,1.65,14171.0,United Kingdom
567773,85099B,JUMBO BAG RED RETROSPOT,15,2025-12-30 21:19:42,2.08,14894.0,United Kingdom
554355,22423,REGENCY CAKESTAND 3 TIER,4,2025-10-07 17:34:13,11.48,12840.0,United Kingdom
563963,85099B,JUMBO BAG RED RETROSPOT,2,2025-03-27 04:54:23,2.08,13419.0,Germany
544821,85099B,JUMBO BAG RED RETROSPOT,12,2025-10-06 05:45:17,1.87,14627.0,United Kingdom
561881,21977,PACK OF 60 PINK PAISLEY CAKE CASES,18,2025-02-08 22:13:30,0.61,15554.0,United Kingdom
569489,20725,LUNCH BAG RED RETROSPOT,5,2025-06-25 13:59:10,1.65,14917.0,United Kingdom
567453,20725,LUNCH BAG RED RETROSPOT,2,2025-08-17 21:06:51,1.65,17777.0,United Kingdom
550810,85123A,WHITE HANGING HEART T-LIGHT HOLDER,8,2025-06-16 20:44:37,2.55,15824.0,Spain
559181,20725,LUNCH BAG RED RETROSPOT,11,2025-09-13 10:35:44,1.65,12137.0,Netherlands
566490,22423,REGENCY CAKESTAND 3 TIER,12,2025-03-29 12:42:11,11.48,15147.0,United Kingdom
563665,20725,LUNCH BAG RED RETROSPOT,3,2025-08-10 08:50:23,1.65,15496.0,France
569252,85123A,WHITE HANGING HEART T-LIGHT HOLDER,13,2025-08-24 15:17:01,2.8,12261.0,France
537063,21977,PACK OF 60 PINK PAISLEY CAKE CASES,7,2025-08-20 15:35:35,0.55,14310.0,Netherlands
554216,21977,PACK OF 60 PINK PAISLEY CAKE CASES,1,2025-04-16 16:17:28,0.61,17229.0,United Kingdom
562912,22423,REGENCY CAKESTAND 3 TIER,18,2025-04-22 20:39:44,12.75,,United Kingdom
560819,POST,POSTAGE,11,2025-04-05 17:45:08,18.0,14739.0,United Kingdom
541221,85123A,WHITE HANGING HEART T-LIGHT HOLDER,6,2025-06-18 02:26:32,2.55,13326.0,Spain
555456,85123A,WHITE HANGING HEART T-LIGHT HOLDER,16,2025-08-02 08:24:25,2.8,12461.0,France
541621,21977,PACK OF 60 PINK PAISLEY CAKE CASES,16,2025-05-13 13:40:45,0.5,13909.0,United Kingdom
539113,85099B,JUMBO BAG RED RETROSPOT,4,2025-05-30 15:02:39,2.08,16636.0,United Kingdom
539792,22423,REGENCY CAKESTAND 3 TIER,19,2025-04-15 20:44:38,14.02,17898.0,France
568382,22423,REGENCY CAKESTAND 3 TIER,11,2025-03-21 09:59:16,14.02,15960.0,Spain
545250,85123A,WHITE HANGING HEART T-LIGHT HOLDER,5,2025-08-28 19:43:16,2.55,16985.0,United Kingdom
551525,20725,LUNCH BAG RED RETROSPOT,9,2025-10-25 09:22:58,1.65,15896.0,Germany
544716,21977,PACK OF 60 PINK PAISLEY CAKE CASES,4,2025-04-17 03:30:22,0.55,15952.0,United Kingdom
566398,22423,REGENCY CAKESTAND 3 TIER,17,2025-11-11 11:24:17,12.75,14561.0,United Kingdom
566222,85099B,JUMBO BAG RED RETROSPOT,6,2025-07-28 03:34:50,2.08,12367.0,United Kingdom
558290,POST,POSTAGE,9,2025-03-03 09:47:15,16.2,14462.0,EIRE
564173,POST,POSTAGE,2,2025-05-14 05:49:02,18.0,17189.0,Netherlands
539576,85123A,WHITE HANGING HEART T-LIGHT HOLDER,18,2025-01-03 00:37:15,2.3,15218.0,United Kingdom
569998,21977,PACK OF 60 PINK PAISLEY CAKE CASES,6,2025-01-15 15:55:29,0.61,16571.0,United Kingdom
550179,85123A,WHITE HANGING HEART T-LIGHT HOLDER,13,2025-05-03 17:48:28,2.8,12303.0,United Kingdom
549616,85123A,WHITE HANGING HEART T-LIGHT HOLDER,7,2025-06-15 03:09:53,2.55,13207.0,United Kingdom
542658,20725,LUNCH BAG RED RETROSPOT,11,2025-10-19 14:01:26,1.65,13793.0,United Kingdom
565820,POST,POSTAGE,11,2025-02-19 12:03:02,18.0,14156.0,United Kingdom
541775,85123A,WHITE HANGING HEART T-LIGHT HOLDER,6,2025-11-03 03:18:06,2.55,17927.0,United Kingdom
565168,20725,LUNCH BAG RED RETROSPOT,9,2025-03-27 14:36:02,1.65,14771.0,United Kingdom
560313,20725,LUNCH BAG RED RETROSPOT,12,2025-02-20 06:16:17,1.48,15973.0,United Kingdom
562248,20725,LUNCH BAG RED RETROSPOT,5,2025-09-13 19:43:41,1.65,15866.0,EIRE
537020,20725,LUNCH BAG RED RETROSPOT,3,2025-10-10 14:39:53,1.82,,United Kingdom
561108,85099B,JUMBO BAG RED RETROSPOT,4,2025-08-09 02:40:40,1.87,17797.0,Germany
568848,POST,POSTAGE,8,2025-02-12 12:25:56,18.0,13334.0,Spain
549407,85123A,WHITE HANGING HEART T-LIGHT HOLDER,5,2025-02-12 02:48:08,2.55,12207.0,Germany
551297,85099B,JUMBO BAG RED RETROSPOT,6,2025-05-23 17:21:43,1.87,,United Kingdom
539809,22423,REGENCY CAKESTAND 3 TIER,14,2025-06-14 07:08:17,12.75,15922.0,United Kingdom
552651,20725,LUNCH BAG RED RETROSPOT,13,2025-12-31 11:44:29,1.65,13561.0,Germany
558898,85123A,WHITE HANGING HEART T-LIGHT HOLDER,18,2025-04-15 16:42:18,2.3,17207.0,United Kingdom
546180,85099B,JUMBO BAG RED RETROSPOT,15,2025-03-12 20:16:16,1.87,12974.0,United Kingdom
561205,20725,LUNCH BAG RED RETROSPOT,9,2025-12-12 12:17:40,1.82,13505.0,United Kingdom
538910,22423,REGENCY CAKESTAND 3 TIER,18,2025-02-26 01:51:32,12.75,12927.0,United Kingdom
558919,22423,REGENCY CAKESTAND 3 TIER,18,2025-01-10 06:12:36,12.75,13117.0,United Kingdom
556000,22423,REGENCY CAKESTAND 3 TIER,5,2025-06-04 14:42:59,12.75,16375.0,Germany
543809,20725,LUNCH BAG RED RETROSPOT,4,2025-05-27 01:00:20,1.65,,United Kingdom
547721,22423,REGENCY CAKESTAND 3 TIER,17,2025-08-15 08:55:01,14.02,15856.0,United Kingdom
544157,85099B,JUMBO BAG RED RETROSPOT,17,2025-11-17 07:45:43,1.87,,EIRE
557218,21977,PACK OF 60 PINK PAISLEY CAKE CASES,17,2025-12-07 07:21:51,0.61,12418.0,United Kingdom
557650,POST,POSTAGE,9,2025-04-16 22:53:25,18.0,15722.0,Germany
554896,20725,LUNCH BAG RED RETROSPOT,17,2025-12-24 22:38:50,1.48,12690.0,United Kingdom
542596,85123A,WHITE HANGING HEART T-LIGHT HOLDER,15,2025-08-19 21:32:02,2.8,17733.0,United Kingdom
543374,POST,POSTAGE,15,2025-01-26 20:43:52,18.0,15803.0,Netherlands
563570,20725,LUNCH BAG RED RETROSPOT,12,2025-12-09 21:26:39,1.65,16559.0,United Kingdom
551696,20725,LUNCH BAG RED RETROSPOT,6,2025-02-20 04:24:33,1.82,,United Kingdom
550810,85099B,JUMBO BAG RED RETROSPOT,15,2025-08-03 09:26:32,2.08,14302.0,Spain
546474,85123A,WHITE HANGING HEART T-LIGHT HOLDER,17,2025-10-16 01:22:42,2.55,16115.0,France
567620,20725,LUNCH BAG RED RETROSPOT,17,2025-04-02 19:07:57,1.65,17014.0,France
544150,85099B,JUMBO BAG RED RETROSPOT,12,2025-04-09 20:48:50,2.08,13068.0,United Kingdom
562140,22423,REGENCY CAKESTAND 3 TIER,1,2025-06-23 00:41:42,11.48,17231.0,United Kingdom
562169,85123A,WHITE HANGING HEART T-LIGHT HOLDER,15,2025-11-19 04:03:47,2.55,16359.0,Germany
544276,22423,REGENCY CAKESTAND 3 TIER,5,2025-03-23 04:03:09,12.75,12515.0,United Kingdom
536404,21977,PACK OF 60 PINK PAISLEY CAKE CASES,4,2025-08-31 22:16:40,0.61,17616.0,United Kingdom
544496,85123A,WHITE HANGING HEART T-LIGHT HOLDER,2,2025-06-15 18:58:07,2.8,13081.0,EIRE
545142,21977,PACK OF 60 PINK PAISLEY CAKE CASES,3,2025-02-10 06:39:20,0.55,15606.0,United Kingdom
561329,20725,LUNCH BAG RED RETROSPOT,10,2025-09-17 01:05:45,1.48,12777.0,United Kingdom
554056,22423,REGENCY CAKESTAND 3 TIER,6,2025-10-31 09:52:46,14.02,13176.0,United Kingdom
550633,85123A,WHITE HANGING HEART T-LIGHT HOLDER,8,2025-07-30 14:01:35,2.55,15857.0,United Kingdom
552188,85123A,WHITE HANGING HEART T-LIGHT HOLDER,10,2025-03-06 01:04:46,2.55,16077.0,Germany
568390,85099B,JUMBO BAG RED RETROSPOT,11,2025-02-26 11:15:11,2.29,16121.0,Spain
567965,20725,LUNCH BAG RED RETROSPOT,8,2025-06-04 12:54:02,1.65,14058.0,United Kingdom
C536870,21977,PACK OF 60 PINK PAISLEY CAKE CASES,-9,2025-07-04 23:32:53,0.55,16921.0,United Kingdom
564684,20725,LUNCH BAG RED RETROSPOT,17,2025-07-21 04:31:46,1.48,12295.0,United Kingdom
548282,POST,POSTAGE,6,2025-03-30 04:24:08,16.2,17125.0,United Kingdom
561554,85123A,WHITE HANGING HEART T-LIGHT HOLDER,1,2025-07-02 10:20:44,2.55,,United Kingdom
569487,21977,PACK OF 60 PINK PAISLEY CAKE CASES,16,2025-04-18 07:40:08,0.5,,Netherlands
553478,85099B,JUMBO BAG RED RETROSPOT,2,2025-09-08 22:03:56,2.08,17433.0,United Kingdom
557218,85099B,JUMBO BAG RED RETROSPOT,15,2025-10-18 18:53:21,2.08,13532.0,United Kingdom
550582,22423,REGENCY CAKESTAND 3 TIER,7,2025-08-27 06:03:42,11.48,,Netherlands
538541,85099B,JUMBO BAG RED RETROSPOT,16,2025-01-01 08:02:14,2.29,16969.0,United Kingdom
537243,21977,PACK OF 60 PINK PAISLEY CAKE CASES,4,2025-12-29 15:14:16,0.55,17187.0,Netherlands
548249,21977,PACK OF 60 PINK PAISLEY CAKE CASES,4,2025-01-09 20:55:01,0.61,13411.0,United Kingdom
563936,22423,REGENCY CAKESTAND 3 TIER,8,2025-12-31 04:50:51,11.48,15051.0,United Kingdom
547609,85123A,WHITE HANGING HEART T-LIGHT HOLDER,8,2025-01-12 07:06:22,2.55,13999.0,Netherlands
550644,21977,PACK OF 60 PINK PAISLEY CAKE CASES,14,2025-07-08 14:38:10,0.61,15101.0,United Kingdom
554061,20725,LUNCH BAG RED RETROSPOT,13,2025-02-08 20:38:10,1.65,14274.0,United Kingdom
546912,21977,PACK OF 60 PINK PAISLEY CAKE CASES,19,2025-02-04 06:56:22,0.61,12031.0,United Kingdom
552657,85123A,WHITE HANGING HEART T-LIGHT HOLDER,13,2025-09-07 11:13:11,2.55,17547.0,Germany
556625,22423,REGENCY CAKESTAND 3 TIER,4,2025-09-23 16:21:27,12.75,15822.0,Germany
564939,20725,LUNCH BAG RED RETROSPOT,2,2025-02-13 10:12:24,1.65,,United Kingdom
561640,20725,LUNCH BAG RED RETROSPOT,6,2025-12-23 18:29:41,1.65,12646.0,France
563802,85123A,WHITE HANGING HEART T-LIGHT HOLDER,19,2025-04-27 12:21:39,2.3,12427.0,Germany
553783,85099B,JUMBO BAG RED RETROSPOT,15,2025-04-27 21:08:10,2.08,14872.0,United Kingdom
559753,85099B,JUMBO BAG RED RETROSPOT,15,2025-04-19 14:34:38,1.87,15894.0,United Kingdom
541085,21977,PACK OF 60 PINK PAISLEY CAKE CASES,6,2025-06-18 22:02:46,0.55,13561.0,United Kingdom
541021,85123A,WHITE HANGING HEART T-LIGHT HOLDER,9,2025-03-06 20:37:55,2.55,16466.0,United Kingdom
567335,21977,PACK OF 60 PINK PAISLEY CAKE CASES,14,2025-06-05 05:47:28,0.5,14354.0,United Kingdom
556538,POST,POSTAGE,18,2025-03-18 21:32:07,18.0,12066.0,United Kingdom
539836,85099B,JUMBO BAG RED RETROSPOT,12,2025-01-19 03:05:45,2.08,15222.0,United Kingdom
549867,22423,REGENCY CAKESTAND 3 TIER,1,2025-05-15 06:47:09,11.48,13086.0,United Kingdom
568965,85123A,WHITE HANGING HEART T-LIGHT HOLDER,17,2025-09-03 01:09:51,2.8,12086.0,Germany
536716,85123A,WHITE HANGING HEART T-LIGHT HOLDER,18,2025-10-06 02:30:05,2.8,,United Kingdom
551044,POST,POSTAGE,1,2025-05-09 17:17:18,16.2,13707.0,Netherlands
564454,POST,POSTAGE,8,2025-04-29 02:39:59,16.2,15089.0,Netherlands
568185,85123A,WHITE HANGING HEART T-LIGHT HOLDER,19,2025-10-15 04:29:07,2.3,17937.0,Germany
548534,POST,POSTAGE,19,2025-09-06 09:47:57,18.0,13309.0,Netherlands
567098,85123A,WHITE HANGING HEART T-LIGHT HOLDER,19,2025-10-31 19:12:14,2.3,12344.0,Spain
560345,21977,PACK OF 60 PINK PAISLEY CAKE CASES,19,2025-11-27 19:27:39,0.5,13147.0,United Kingdom
549813,21977,PACK OF 60 PINK PAISLEY CAKE CASES,1,2025-10-27 23:09:20,0.55,13916.0,France
562502,85099B,JUMBO BAG RED RETROSPOT,3,2025-12-08 01:19:23,2.08,13231.0,United Kingdom
563200,85099B,JUMBO BAG RED RETROSPOT,10,2025-06-02 03:33:04,1.87,13928.0,France
545352,21977,PACK OF 60 PINK PAISLEY CAKE CASES,12,2025-05-25 09:34:20,0.55,17814.0,United Kingdom
539052,85123A,WHITE HANGING HEART T-LIGHT HOLDER,8,2025-04-28 06:47:59,2.55,14276.0,United Kingdom
562548,POST,POSTAGE,6,2025-03-27 02:19:56,16.2,15808.0,United Kingdom
538812,85123A,WHITE HANGING HEART T-LIGHT HOLDER,5,2025-10-01 12:34:39,2.3,16108.0,Netherlands
562467,85123A,WHITE HANGING HEART T-LIGHT HOLDER,12,2025-09-18 11:15:03,2.8,12780.0,United Kingdom
548102,POST,POSTAGE,19,2025-10-20 10:19:59,16.2,13486.0,United Kingdom
559901,85099B,JUMBO BAG RED RETROSPOT,16,2025-03-03 00:32:28,1.87,14494.0,United Kingdom
556732,85099B,JUMBO BAG RED RETROSPOT,4,2025-06-29 10:13:21,2.08,,United Kingdom
C537306,22423,REGENCY CAKESTAND 3 TIER,-3,2025-03-23 10:59:46,12.75,12079.0,EIRE
536316,85123A,WHITE HANGING HEART T-LIGHT HOLDER,6,2025-11-22 05:12:37,2.8,15869.0,France
557406,22423,REGENCY CAKESTAND 3 TIER,14,2025-04-08 19:04:39,11.48,13804.0,United Kingdom
553515,85099B,JUMBO BAG RED RETROSPOT,1,2025-02-22 21:20:28,1.87,13933.0,United Kingdom
537483,85099B,JUMBO BAG RED RETROSPOT,14,2025-07-28 22:17:37,2.08,15618.0,United Kingdom
569171,85099B,JUMBO BAG RED RETROSPOT,12,2025-11-17 16:21:29,1.87,17692.0,United Kingdom
544110,20725,LUNCH BAG RED RETROSPOT,13,2025-12-01 16:13:27,1.65,17189.0,EIRE
565187,POST,POSTAGE,17,2025-02-05 03:41:34,18.0,17878.0,France
539969,22423,REGENCY CAKESTAND 3 TIER,12,2025-04-29 09:27:31,14.02,14481.0,United Kingdom
543904,POST,POSTAGE,12,2025-02-26 00:06:23,19.8,12718.0,Germany
553981,20725,LUNCH BAG RED RETROSPOT,10,2025-04-23 13:25:28,1.82,13295.0,United Kingdom
553954,POST,POSTAGE,13,2025-07-14 18:18:15,18.0,14062.0,Germany
556527,20725,LUNCH BAG RED RETROSPOT,8,2025-04-13 16:03:24,1.65,13801.0,United Kingdom
541827,85123A,WHITE HANGING HEART T-LIGHT HOLDER,2,2025-01-25 00:22:50,2.55,13247.0,France
544983,85123A,WHITE HANGING HEART T-LIGHT HOLDER,1,2025-07-06 13:21:11,2.3,12905.0,United Kingdom
544950,POST,POSTAGE,14,2025-01-20 21:07:47,18.0,13120.0,Netherlands
550976,85099B,JUMBO BAG RED RETROSPOT,13,2025-03-24 02:26:56,2.08,15949.0,United Kingdom
567382,POST,POSTAGE,8,2025-01-01 12:42:22,19.8,14945.0,United Kingdom
551722,20725,LUNCH BAG RED RETROSPOT,15,2025-02-01 06:00:23,1.48,12225.0,United Kingdom
569924,85123A,WHITE HANGING HEART T-LIGHT HOLDER,10,2025-06-09 22:19:19,2.3,15382.0,United Kingdom
544554,85099B,JUMBO BAG RED RETROSPOT,5,2025-11-07 13:12:58,2.29,17054.0,United Kingdom
544247,POST,POSTAGE,12,2025-10-10 18:31:28,16.2,14553.0,Germany
C539436,85123A,WHITE HANGING HEART T-LIGHT HOLDER,-8,2025-02-06 12:35:16,2.55,13911.0,France
543210,20725,LUNCH BAG RED RETROSPOT,19,2025-01-13 21:27:51,1.65,13635.0,United Kingdom
546598,POST,POSTAGE,14,2025-05-04 06:53:53,18.0,14276.0,Germany
549051,85123A,WHITE HANGING HEART T-LIGHT HOLDER,15,2025-08-27 17:51:05,2.55,13671.0,France
560262,22423,REGENCY CAKESTAND 3 TIER,14,2025-09-30 10:18:14,12.75,17545.0,United Kingdom
551159,21977,PACK OF 60 PINK PAISLEY CAKE CASES,13,2025-10-28 13:50:19,0.5,17952.0,United Kingdom
559332,20725,LUNCH BAG RED RETROSPOT,15,2025-05-05 16:27:45,1.65,14059.0,United Kingdom
539034,85099B,JUMBO BAG RED RETROSPOT,9,2025-03-03 04:09:12,2.29,17542.0,United Kingdom
568196,85123A,WHITE HANGING HEART T-LIGHT HOLDER,16,2025-01-10 20:49:50,2.55,17121.0,EIRE
541022,85123A,WHITE HANGING HEART T-LIGHT HOLDER,1,2025-02-23 17:27:48,2.55,12455.0,Spain
537137,85099B,JUMBO BAG RED RETROSPOT,13,2025-01-24 09:49:21,2.29,14945.0,Germany
550444,22423,REGENCY CAKESTAND 3 TIER,11,2025-11-11 14:12:55,14.02,15939.0,United Kingdom
558143,85123A,WHITE HANGING HEART T-LIGHT HOLDER,1,2025-04-08 15:55:29,2.55,14532.0,France
544004,20725,LUNCH BAG RED RETROSPOT,13,2025-10-28 10:54:42,1.82,14741.0,France
541542,85123A,WHITE HANGING HEART T-LIGHT HOLDER,1,2025-07-21 15:14:26,2.8,14964.0,United Kingdom
564727,20725,LUNCH BAG RED RETROSPOT,14,2025-07-16 13:24:22,1.65,16132.0,EIRE
564036,POST,POSTAGE,10,2025-06-15 18:42:21,16.2,13762.0,United Kingdom
561552,21977,PACK OF 60 PINK PAISLEY CAKE CASES,12,2025-10-27 05:34:26,0.61,15581.0,United Kingdom
543503,21977,PACK OF 60 PINK PAISLEY CAKE CASES,12,2025-01-16 00:05:58,0.55,13460.0,United Kingdom
554235,85123A,WHITE HANGING HEART T-LIGHT HOLDER,6,2025-02-03 09:42:22,2.55,17335.0,United Kingdom
559444,21977,PACK OF 60 PINK PAISLEY CAKE CASES,12,2025-06-04 19:47:22,0.55,12508.0,Spain
550709,85099B,JUMBO BAG RED RETROSPOT,5,2025-05-24 02:58:50,2.08,12401.0,United Kingdom
542085,22423,REGENCY CAKESTAND 3 TIER,15,2025-07-19 20:40:05,14.02,12226.0,United Kingdom
564253,21977,PACK OF 60 PINK PAISLEY CAKE CASES,2,2025-09-27 09:50:04,0.55,14097.0,United Kingdom
567906,85123A,WHITE HANGING HEART T-LIGHT HOLDER,3,2025-08-03 05:00:24,2.55,15637.0,United Kingdom
541643,22423,REGENCY CAKESTAND 3 TIER,14,2025-04-04 11:12:22,14.02,17912.0,United Kingdom
559904,21977,PACK OF 60 PINK PAISLEY CAKE CASES,2,2025-04-30 19:28:45,0.55,14727.0,United Kingdom
566171,85099B,JUMBO BAG RED RETROSPOT,19,2025-10-02 20:35:11,2.29,13093.0,Germany
554402,85123A,WHITE HANGING HEART T-LIGHT HOLDER,1,2025-03-15 14:42:48,2.3,14209.0,United Kingdom
537668,85123A,WHITE HANGING HEART T-LIGHT HOLDER,10,2025-07-04 12:39:08,2.55,12764.0,EIRE
559478,22423,REGENCY CAKESTAND 3 TIER,19,2025-07-16 19:21:28,11.48,14831.0,United Kingdom
567395,21977,PACK OF 60 PINK PAISLEY CAKE CASES,13,2025-10-01 21:48:46,0.5,16373.0,France
544891,85099B,JUMBO BAG RED RETROSPOT,13,2025-09-18 19:05:25,1.87,12213.0,EIRE
540719,85123A,WHITE HANGING HEART T-LIGHT HOLDER,14,2025-06-19 23:13:48,2.8,16664.0,United Kingdom
544585,21977,PACK OF 60 PINK PAISLEY CAKE CASES,14,2025-04-23 19:56:54,0.55,13371.0,United Kingdom
563611,POST,POSTAGE,4,2025-05-15 01:10:32,18.0,16033.0,Netherlands
554944,21977,PACK OF 60 PINK PAISLEY CAKE CASES,6,2025-05-31 00:28:19,0.55,16892.0,United Kingdom
C536613,85099B,JUMBO BAG RED RETROSPOT,-4,2025-03-22 14:19:53,2.08,16657.0,Germany
555981,21977,PACK OF 60 PINK PAISLEY CAKE CASES,5,2025-08-17 22:58:16,0.61,16019.0,United Kingdom
563712,20725,LUNCH BAG RED RETROSPOT,4,2025-03-18 07:10:53,1.65,16162.0,United Kingdom
542298,POST,POSTAGE,13,2025-08-25 23:11:22,16.2,,United Kingdom
555858,85123A,WHITE HANGING HEART T-LIGHT HOLDER,18,2025-10-02 20:25:54,2.55,12814.0,Spain
543781,85123A,WHITE HANGING HEART T-LIGHT HOLDER,11,2025-12-18 03:22:44,2.3,14287.0,United Kingdom
536647,85123A,WHITE HANGING HEART T-LIGHT HOLDER,1,2025-02-13 11:51:28,2.3,15649.0,EIRE
549622,20725,LUNCH BAG RED RETROSPOT,14,2025-10-05 05:18:28,1.48,15708.0,Germany
562323,85123A,WHITE HANGING HEART T-LIGHT HOLDER,11,2025-02-01 01:52:26,2.55,16661.0,United Kingdom
558745,POST,POSTAGE,15,2025-05-04 16:34:50,19.8,13850.0,United Kingdom
539452,85123A,WHITE HANGING HEART T-LIGHT HOLDER,8,2025-03-06 05:09:36,2.3,17193.0,United Kingdom
542320,21977,PACK OF 60 PINK PAISLEY CAKE CASES,9,2025-03-01 13:25:59,0.61,14694.0,United Kingdom
554356,22423,REGENCY CAKESTAND 3 TIER,13,2025-03-06 16:10:23,12.75,13477.0,Germany
546904,85099B,JUMBO BAG RED RETROSPOT,14,2025-01-17 10:22:08,2.08,16412.0,United Kingdom
547288,85099B,JUMBO BAG RED RETROSPOT,5,2025-10-28 01:54:38,1.87,12764.0,United Kingdom
550825,20725,LUNCH BAG RED RETROSPOT,12,2025-01-23 01:39:32,1.48,14431.0,France
561811,85099B,JUMBO BAG RED RETROSPOT,19,2025-05-26 09:05:52,2.08,,Germany
555575,85099B,JUMBO BAG RED RETROSPOT,2,2025-09-13 01:01:25,2.08,16626.0,United Kingdom
565009,20725,LUNCH BAG RED RETROSPOT,7,2025-12-28 20:55:08,1.48,13539.0,Germany
539474,POST,POSTAGE,11,2025-11-08 03:59:24,18.0,,United Kingdom
551785,20725,LUNCH BAG RED RETROSPOT,18,2025-02-20 00:42:03,1.65,12191.0,France
554713,20725,LUNCH BAG RED RETROSPOT,19,2025-12-27 03:21:37,1.65,12536.0,United Kingdom
561769,85099B,JUMBO BAG RED RETROSPOT,12,2025-08-27 16:42:31,2.29,16951.0,United Kingdom
553521,POST,POSTAGE,11,2025-03-07 14:07:43,18.0,16701.0,United Kingdom
567165,85099B,JUMBO BAG RED RETROSPOT,8,2025-06-13 16:12:41,2.08,15035.0,Germany
564485,POST,POSTAGE,9,2025-12-02 08:19:33,18.0,15420.0,Germany
559432,20725,LUNCH BAG RED RETROSPOT,14,2025-05-24 07:41:51,1.82,13959.0,United Kingdom
549515,85123A,WHITE HANGING HEART T-LIGHT HOLDER,11,2025-03-09 16:07:11,2.55,13152.0,Spain
546947,85123A,WHITE HANGING HEART T-LIGHT HOLDER,11,2025-11-16 02:42:18,2.55,12068.0,EIRE
554138,20725,LUNCH BAG RED RETROSPOT,17,2025-12-14 09:27:45,1.65,16031.0,United Kingdom
551752,21977,PACK OF 60 PINK PAISLEY CAKE CASES,3,2025-12-23 02:27:27,0.5,12211.0,France
536995,21977,PACK OF 60 PINK PAISLEY CAKE CASES,19,2025-12-15 10:10:34,0.5,12630.0,United Kingdom
543819,POST,POSTAGE,14,2025-11-15 23:15:41,19.8,16755.0,Netherlands
564397,21977,PACK OF 60 PINK PAISLEY CAKE CASES,12,2025-06-15 20:24:14,0.55,15496.0,United Kingdom
551585,85099B,JUMBO BAG RED RETROSPOT,12,2025-03-12 16:14:45,2.08,14938.0,United Kingdom
568290,21977,PACK OF 60 PINK PAISLEY CAKE CASES,11,2025-08-14 15:46:33,0.61,13310.0,United Kingdom
544360,85123A,WHITE HANGING HEART T-LIGHT HOLDER,11,2025-03-22 09:01:25,2.8,,United Kingdom
568904,21977,PACK OF 60 PINK PAISLEY CAKE CASES,7,2025-06-22 16:55:39,0.55,,France
563446,POST,POSTAGE,15,2025-08-28 20:00:18,18.0,14151.0,United Kingdom
548189,85123A,WHITE HANGING HEART T-LIGHT HOLDER,5,2025-12-12 13:25:16,2.55,15204.0,United Kingdom
556737,20725,LUNCH BAG RED RETROSPOT,13,2025-04-16 02:28:48,1.82,12991.0,United Kingdom
569605,20725,LUNCH BAG RED RETROSPOT,11,2025-04-02 16:39:40,1.65,13388.0,Spain
557530,85123A,WHITE HANGING HEART T-LIGHT HOLDER,7,2025-09-26 03:02:46,2.55,12677.0,EIRE
567677,20725,LUNCH BAG RED RETROSPOT,16,2025-01-03 07:46:19,1.65,14546.0,United Kingdom
539748,20725,LUNCH BAG RED RETROSPOT,7,2025-07-26 04:44:29,1.82,13657.0,United Kingdom
541561,85099B,JUMBO BAG RED RETROSPOT,13,2025-09-30 01:12:17,2.08,13340.0,United Kingdom
536049,22423,REGENCY CAKESTAND 3 TIER,5,2025-07-21 18:19:31,11.48,15297.0,Spain
547059,22423,REGENCY CAKESTAND 3 TIER,4,2025-05-21 15:29:01,12.75,14984.0,France
562832,21977,PACK OF 60 PINK PAISLEY CAKE CASES,11,2025-10-30 09:48:48,0.55,13260.0,Germany
C568773,22423,REGENCY CAKESTAND 3 TIER,-19,2025-05-16 09:09:20,14.02,16194.0,Spain
554438,22423,REGENCY CAKESTAND 3 TIER,6,2025-09-17 15:25:18,11.48,14062.0,United Kingdom
550368,POST,POSTAGE,3,2025-06-19 12:45:18,19.8,14048.0,France
567672,20725,LUNCH BAG RED RETROSPOT,3,2025-01-10 05:34:43,1.82,14867.0,United Kingdom
556002,20725,LUNCH BAG RED RETROSPOT,10,2025-07-13 11:31:52,1.65,12834.0,United Kingdom
554266,POST,POSTAGE,15,2025-01-19 18:39:18,16.2,14520.0,United Kingdom
538887,85123A,WHITE HANGING HEART T-LIGHT HOLDER,14,2025-12-06 13:15:14,2.3,15494.0,United Kingdom
543299,22423,REGENCY CAKESTAND 3 TIER,4,2025-08-08 19:14:23,12.75,12771.0,Netherlands
559722,21977,PACK OF 60 PINK PAISLEY CAKE CASES,16,2025-05-16 12:11:46,0.5,15389.0,United Kingdom
559748,85099B,JUMBO BAG RED RETROSPOT,4,2025-06-27 09:55:05,2.08,12233.0,EIRE
552860,85123A,WHITE HANGING HEART T-LIGHT HOLDER,11,2025-08-15 17:48:53,2.8,15620.0,France
559833,20725,LUNCH BAG RED RETROSPOT,17,2025-04-05 05:01:21,1.65,,Germany
559503,85123A,WHITE HANGING HEART T-LIGHT HOLDER,16,2025-04-16 15:02:34,2.55,13050.0,Netherlands
538228,21977,PACK OF 60 PINK PAISLEY CAKE CASES,14,2025-06-02 15:07:16,0.61,14101.0,United Kingdom
564388,21977,PACK OF 60 PINK PAISLEY CAKE CASES,7,2025-04-05 06:38:51,0.61,15687.0,United Kingdom
559584,21977,PACK OF 60 PINK PAISLEY CAKE CASES,15,2025-10-04 06:08:50,0.55,16312.0,United Kingdom
543459,22423,REGENCY CAKESTAND 3 TIER,8,2025-02-07 02:00:29,11.48,14813.0,United Kingdom
543225,85123A,WHITE HANGING HEART T-LIGHT HOLDER,7,2025-10-29 03:33:32,2.3,,Spain
568573,POST,POSTAGE,11,2025-05-08 02:17:29,19.8,14324.0,United Kingdom
544653,POST,POSTAGE,12,2025-07-24 14:46:44,19.8,,United Kingdom
537099,85099B,JUMBO BAG RED RETROSPOT,4,2025-02-27 02:55:09,2.29,12541.0,United Kingdom
537068,85123A,WHITE HANGING HEART T-LIGHT HOLDER,18,2025-05-21 12:18:35,2.55,16294.0,United Kingdom
543761,21977,PACK OF 60 PINK PAISLEY CAKE CASES,17,2025-10-03 02:40:27,0.5,14314.0,France
C557330,22423,REGENCY CAKESTAND 3 TIER,-6,2025-04-09 18:48:10,12.75,12023.0,United Kingdom
551513,85123A,WHITE HANGING HEART T-LIGHT HOLDER,5,2025-02-18 16:15:44,2.55,16167.0,France
560878,85123A,WHITE HANGING HEART T-LIGHT HOLDER,2,2025-07-10 07:00:55,2.3,12160.0,Germany
543890,85123A,WHITE HANGING HEART T-LIGHT HOLDER,8,2025-03-01 17:38:51,2.55,14217.0,EIRE
543836,22423,REGENCY CAKESTAND 3 TIER,4,2025-04-25 05:24:26,12.75,13170.0,United Kingdom
549743,22423,REGENCY CAKESTAND 3 TIER,18,2025-06-14 15:14:47,12.75,15503.0,Germany
562946,20725,LUNCH BAG RED RETROSPOT,18,2025-07-25 15:22:21,1.82,12336.0,United Kingdom
553100,85099B,JUMBO BAG RED RETROSPOT,16,2025-08-22 10:28:21,2.08,12546.0,United Kingdom
561909,85099B,JUMBO BAG RED RETROSPOT,6,2025-09-04 16:49:31,2.29,,France
539186,85123A,WHITE HANGING HEART T-LIGHT HOLDER,14,2025-11-05 22:44:57,2.3,17963.0,Germany
549932,20725,LUNCH BAG RED RETROSPOT,10,2025-01-25 09:55:14,1.82,12237.0,United Kingdom
550871,85123A,WHITE HANGING HEART T-LIGHT HOLDER,6,2025-05-13 06:48:06,2.55,14764.0,Spain
538319,22423,REGENCY CAKESTAND 3 TIER,11,2025-01-01 10:36:59,12.75,16815.0,United Kingdom
546682,21977,PACK OF 60 PINK PAISLEY CAKE CASES,4,2025-01-04 13:37:50,0.55,13744.0,Germany
545526,20725,LUNCH BAG RED RETROSPOT,19,2025-03-19 02:57:54,1.48,14957.0,Netherlands
C551490,20725,LUNCH BAG RED RETROSPOT,-4,2025-08-07 23:02:16,1.48,17032.0,United Kingdom
541624,85099B,JUMBO BAG RED RETROSPOT,6,2025-11-23 11:15:57,2.08,16367.0,EIRE
545167,85099B,JUMBO BAG RED RETROSPOT,5,2025-10-10 23:08:02,2.08,13759.0,Germany
568599,22423,REGENCY CAKESTAND 3 TIER,10,2025-08-24 23:04:18,11.48,16504.0,EIRE
540862,21977,PACK OF 60 PINK PAISLEY CAKE CASES,13,2025-10-12 01:31:54,0.5,16054.0,Germany
563803,85099B,JUMBO BAG RED RETROSPOT,19,2025-03-04 02:43:43,2.08,15040.0,France
554457,22423,REGENCY CAKESTAND 3 TIER,8,2025-11-03 04:21:18,12.75,14646.0,United Kingdom
538664,85123A,WHITE HANGING HEART T-LIGHT HOLDER,4,2025-11-21 13:37:52,2.3,17552.0,France
549628,POST,POSTAGE,1,2025-02-04 08:29:18,19.8,17245.0,United Kingdom
553457,85123A,WHITE HANGING HEART T-LIGHT HOLDER,12,2025-06-21 00:26:28,2.8,17941.0,Netherlands
545426,22423,REGENCY CAKESTAND 3 TIER,19,2025-10-30 13:32:34,14.02,16052.0,United Kingdom
545074,POST,POSTAGE,2,2025-06-23 07:48:32,16.2,14155.0,United Kingdom
560213,20725,LUNCH BAG RED RETROSPOT,19,2025-11-03 20:14:30,1.65,12657.0,Spain
537092,21977,PACK OF 60 PINK PAISLEY CAKE CASES,5,2025-12-08 18:16:02,0.5,12755.0,United Kingdom
567559,21977,PACK OF 60 PINK PAISLEY CAKE CASES,18,2025-06-23 20:16:18,0.5,17707.0,United Kingdom
546958,85123A,WHITE HANGING HEART T-LIGHT HOLDER,2,2025-01-22 13:36:42,2.8,14179.0,France
548976,20725,LUNCH BAG RED RETROSPOT,17,2025-05-05 16:41:58,1.82,12662.0,United Kingdom
540337,22423,REGENCY CAKESTAND 3 TIER,7,2025-03-20 01:56:49,11.48,13340.0,United Kingdom
565951,POST,POSTAGE,6,2025-06-23 18:14:00,18.0,12125.0,United Kingdom
543572,22423,REGENCY CAKESTAND 3 TIER,4,2025-08-02 10:50:38,11.48,,United Kingdom
563326,21977,PACK OF 60 PINK PAISLEY CAKE CASES,3,2025-06-19 00:06:19,0.61,15545.0,United Kingdom
547102,21977,PACK OF 60 PINK PAISLEY CAKE CASES,16,2025-03-13 01:53:52,0.55,14270.0,United Kingdom
537077,85123A,WHITE HANGING HEART T-LIGHT HOLDER,2,2025-04-20 07:23:50,2.55,16464.0,United Kingdom
549902,85099B,JUMBO BAG RED RETROSPOT,9,2025-09-06 08:57:52,2.29,14882.0,United Kingdom
553791,20725,LUNCH BAG RED RETROSPOT,19,2025-01-10 05:00:29,1.48,17759.0,United Kingdom
551927,85123A,WHITE HANGING HEART T-LIGHT HOLDER,8,2025-03-20 18:27:17,2.55,16579.0,Germany
569560,POST,POSTAGE,16,2025-11-22 10:43:33,18.0,12451.0,Germany
553686,22423,REGENCY CAKESTAND 3 TIER,14,2025-02-06 06:11:52,12.75,13644.0,United Kingdom
562486,21977,PACK OF 60 PINK PAISLEY CAKE CASES,16,2025-06-01 16:10:08,0.55,16525.0,United Kingdom
548580,21977,PACK OF 60 PINK PAISLEY CAKE CASES,18,2025-03-17 10:52:52,0.5,,Spain
540925,85099B,JUMBO BAG RED RETROSPOT,2,2025-02-08 18:41:27,2.08,16519.0,Germany
552943,21977,PACK OF 60 PINK PAISLEY CAKE CASES,6,2025-06-04 12:00:29,0.55,14010.0,United Kingdom
555037,20725,LUNCH BAG RED RETROSPOT,7,2025-07-10 17:59:12,1.48,12228.0,United Kingdom
550207,21977,PACK OF 60 PINK PAISLEY CAKE CASES,2,2025-03-06 20:28:43,0.55,16709.0,United Kingdom
562064,21977,PACK OF 60 PINK PAISLEY CAKE CASES,3,2025-01-29 01:54:11,0.55,16710.0,EIRE
568790,21977,PACK OF 60 PINK PAISLEY CAKE CASES,3,2025-02-19 02:54:57,0.55,15837.0,Netherlands
538746,85099B,JUMBO BAG RED RETROSPOT,19,2025-08-26 17:32:08,2.08,14426.0,Netherlands
538299,85123A,WHITE HANGING HEART T-LIGHT HOLDER,17,2025-11-11 13:12:36,2.55,12051.0,United Kingdom
545311,85123A,WHITE HANGING HEART T-LIGHT HOLDER,12,2025-03-07 05:46:37,2.3,16367.0,United Kingdom
555922,21977,PACK OF 60 PINK PAISLEY CAKE CASES,17,2025-04-27 00:44:20,0.61,15960.0,United Kingdom
537444,POST,POSTAGE,7,2025-05-06 22:55:52,18.0,16005.0,United Kingdom
542584,85123A,WHITE HANGING HEART T-LIGHT HOLDER,10,2025-05-12 02:14:24,2.55,13020.0,United Kingdom
549906,21977,PACK OF 60 PINK PAISLEY CAKE CASES,17,2025-03-31 11:06:14,0.55,16387.0,Germany
548764,22423,REGENCY CAKESTAND 3 TIER,3,2025-01-21 05:17:50,12.75,16346.0,United Kingdom
564779,21977,PACK OF 60 PINK PAISLEY CAKE CASES,3,2025-07-11 09:29:38,0.5,17144.0,Netherlands
554579,20725,LUNCH BAG RED RETROSPOT,11,2025-05-11 17:16:23,1.65,15404.0,United Kingdom
565657,20725,LUNCH BAG RED RETROSPOT,5,2025-05-05 12:13:08,1.65,,United Kingdom
561833,20725,LUNCH BAG RED RETROSPOT,13,2025-04-07 00:59:11,1.65,14408.0,Spain
550078,20725,LUNCH BAG RED RETROSPOT,13,2025-12-06 02:05:34,1.65,16180.0,France
569242,85123A,WHITE HANGING HEART T-LIGHT HOLDER,7,2025-08-11 22:40:53,2.55,16164.0,United Kingdom
564686,85099B,JUMBO BAG RED RETROSPOT,3,2025-06-02 06:02:45,2.08,16677.0,Germany
552783,22423,REGENCY CAKESTAND 3 TIER,2,2025-03-16 10:15:50,12.75,17139.0,United Kingdom
564918,POST,POSTAGE,9,2025-10-20 18:51:01,19.8,12019.0,United Kingdom
544737,20725,LUNCH BAG RED RETROSPOT,7,2025-11-21 20:07:39,1.48,16672.0,United Kingdom
C543079,85123A,WHITE HANGING HEART T-LIGHT HOLDER,-1,2025-01-12 06:49:06,2.8,16754.0,United Kingdom
562913,22423,REGENCY CAKESTAND 3 TIER,14,2025-12-06 05:19:30,11.48,15272.0,Germany
562828,85099B,JUMBO BAG RED RETROSPOT,19,2025-09-13 10:29:55,2.08,15117.0,United Kingdom
543533,POST,POSTAGE,19,2025-02-06 08:06:26,18.0,16336.0,Germany
561635,85123A,WHITE HANGING HEART T-LIGHT HOLDER,3,2025-10-02 16:49:28,2.8,14731.0,France
553266,21977,PACK OF 60 PINK PAISLEY CAKE CASES,4,2025-02-09 17:26:54,0.5,14483.0,United Kingdom
554992,85099B,JUMBO BAG RED RETROSPOT,9,2025-01-19 06:14:38,2.08,16820.0,United Kingdom
564788,21977,PACK OF 60 PINK PAISLEY CAKE CASES,18,2025-02-12 09:06:02,0.5,,United Kingdom
541442,21977,PACK OF 60 PINK PAISLEY CAKE CASES,11,2025-06-17 17:32:05,0.61,13241.0,EIRE
549729,22423,REGENCY CAKESTAND 3 TIER,9,2025-08-15 12:10:46,12.75,16974.0,Germany
545856,20725,LUNCH BAG RED RETROSPOT,18,2025-05-29 13:13:31,1.48,13958.0,France
554937,85123A,WHITE HANGING HEART T-LIGHT HOLDER,13,2025-02-14 19:25:19,2.8,12823.0,United Kingdom
541369,20725,LUNCH BAG RED RETROSPOT,19,2025-03-14 15:38:33,1.65,,United Kingdom
540064,85123A,WHITE HANGING HEART T-LIGHT HOLDER,17,2025-11-08 15:37:34,2.3,13428.0,United Kingdom
559669,21977,PACK OF 60 PINK PAISLEY CAKE CASES,19,2025-12-18 11:33:30,0.55,13217.0,United Kingdom
537902,85099B,JUMBO BAG RED RETROSPOT,11,2025-10-03 20:03:39,2.29,13619.0,France
550186,21977,PACK OF 60 PINK PAISLEY CAKE CASES,8,2025-02-07 00:33:05,0.61,14949.0,United Kingdom
569533,22423,REGENCY CAKESTAND 3 TIER,2,2025-10-27 02:04:32,11.48,12996.0,United Kingdom
C569962,21977,PACK OF 60 PINK PAISLEY CAKE CASES,-14,2025-09-10 16:14:01,0.61,12957.0,United Kingdom
542082,85123A,WHITE HANGING HEART T-LIGHT HOLDER,6,2025-07-12 14:35:37,2.8,14355.0,United Kingdom
567520,85099B,JUMBO BAG RED RETROSPOT,1,2025-02-22 06:42:54,2.08,13307.0,Germany
547408,20725,LUNCH BAG RED RETROSPOT,16,2025-12-30 14:25:44,1.65,13158.0,United Kingdom
542751,85099B,JUMBO BAG RED RETROSPOT,9,2025-06-11 02:34:09,2.08,17472.0,Netherlands
553159,85099B,JUMBO BAG RED RETROSPOT,11,2025-01-17 14:34:13,2.08,15573.0,EIRE
552605,21977,PACK OF 60 PINK PAISLEY CAKE CASES,15,2025-03-18 08:40:08,0.55,12082.0,Spain
548732,85099B,JUMBO BAG RED RETROSPOT,7,2025-05-27 14:07:53,2.08,12609.0,Germany
550524,20725,LUNCH BAG RED RETROSPOT,16,2025-01-23 08:10:49,1.65,16883.0,Germany
539309,85099B,JUMBO BAG RED RETROSPOT,12,2025-04-29 17:22:19,2.08,13619.0,Germany
544965,POST,POSTAGE,11,2025-06-20 02:40:48,18.0,12914.0,United Kingdom
542695,20725,LUNCH BAG RED RETROSPOT,6,2025-12-13 20:15:24,1.65,,United Kingdom
567694,85099B,JUMBO BAG RED RETROSPOT,15,2025-02-01 11:52:22,1.87,17028.0,Germany
552777,85099B,JUMBO BAG RED RETROSPOT,5,2025-07-30 05:30:37,2.08,14391.0,United Kingdom
554570,21977,PACK OF 60 PINK PAISLEY CAKE CASES,12,2025-12-01 23:05:32,0.55,16457.0,United Kingdom
550919,20725,LUNCH BAG RED RETROSPOT,16,2025-10-22 02:30:34,1.82,14528.0,Spain
566077,85123A,WHITE HANGING HEART T-LIGHT HOLDER,3,2025-12-04 12:53:23,2.8,12652.0,United Kingdom
563138,22423,REGENCY CAKESTAND 3 TIER,8,2025-03-04 01:46:31,14.02,16787.0,United Kingdom
559444,85123A,WHITE HANGING HEART T-LIGHT HOLDER,13,2025-10-20 21:35:20,2.8,17513.0,Germany
546600,20725,LUNCH BAG RED RETROSPOT,6,2025-12-24 03:48:08,1.65,17907.0,United Kingdom
546486,20725,LUNCH BAG RED RETROSPOT,1,2025-04-30 06:02:37,1.65,12600.0,Spain
567970,85123A,WHITE HANGING HEART T-LIGHT HOLDER,8,2025-07-02 15:44:34,2.8,15390.0,United Kingdom
567622,85099B,JUMBO BAG RED RETROSPOT,10,2025-07-13 21:14:04,1.87,15740.0,Spain
545615,20725,LUNCH BAG RED RETROSPOT,18,2025-06-30 09:59:45,1.48,12474.0,France
547439,POST,POSTAGE,16,2025-04-16 06:14:47,18.0,17709.0,United Kingdom
547264,85123A,WHITE HANGING HEART T-LIGHT HOLDER,4,2025-12-21 08:23:15,2.55,12617.0,United Kingdom
562662,22423,REGENCY CAKESTAND 3 TIER,6,2025-12-16 22:01:13,14.02,13612.0,United Kingdom
568276,85099B,JUMBO BAG RED RETROSPOT,4,2025-05-19 21:50:19,2.08,17811.0,United Kingdom
566179,21977,PACK OF 60 PINK PAISLEY CAKE CASES,18,2025-10-21 02:56:25,0.61,15336.0,United Kingdom
564576,85123A,WHITE HANGING HEART T-LIGHT HOLDER,7,2025-05-26 21:36:15,2.55,16075.0,Netherlands
547846,85123A,WHITE HANGING HEART T-LIGHT HOLDER,17,2025-10-18 20:10:57,2.55,14962.0,United Kingdom
546776,20725,LUNCH BAG RED RETROSPOT,2,2025-08-02 12:56:00,1.82,16514.0,EIRE
566225,21977,PACK OF 60 PINK PAISLEY CAKE CASES,11,2025-06-21 06:07:58,0.5,12488.0,United Kingdom
549439,85123A,WHITE HANGING HEART T-LIGHT HOLDER,2,2025-02-16 11:00:14,2.8,16054.0,Netherlands
543321,85099B,JUMBO BAG RED RETROSPOT,11,2025-08-27 18:36:22,1.87,12399.0,United Kingdom
564636,85123A,WHITE HANGING HEART T-LIGHT HOLDER,1,2025-04-28 06:29:26,2.8,13077.0,United Kingdom
552306,85099B,JUMBO BAG RED RETROSPOT,3,2025-03-21 08:15:14,2.08,15037.0,Germany
538927,85099B,JUMBO BAG RED RETROSPOT,3,2025-03-12 11:02:15,2.08,14690.0,United Kingdom
566469,85123A,WHITE HANGING HEART T-LIGHT HOLDER,14,2025-12-25 01:36:59,2.55,12915.0,EIRE
546018,85123A,WHITE HANGING HEART T-LIGHT HOLDER,13,2025-02-07 09:51:43,2.55,16788.0,United Kingdom
546505,POST,POSTAGE,11,2025-10-19 03:12:50,18.0,13811.0,United Kingdom
554072,POST,POSTAGE,4,2025-11-13 00:10:00,19.8,17198.0,United Kingdom
545187,85123A,WHITE HANGING HEART T-LIGHT HOLDER,6,2025-01-12 09:17:25,2.8,12089.0,Germany
564182,21977,PACK OF 60 PINK PAISLEY CAKE CASES,8,2025-08-04 18:12:21,0.5,13424.0,United Kingdom
559515,85123A,WHITE HANGING HEART T-LIGHT HOLDER,19,2025-07-30 23:35:03,2.55,13781.0,United Kingdom
555196,20725,LUNCH BAG RED RETROSPOT,14,2025-05-11 10:31:32,1.82,15575.0,United Kingdom
542802,20725,LUNCH BAG RED RETROSPOT,1,2025-09-01 18:05:35,1.65,14406.0,United Kingdom
552652,21977,PACK OF 60 PINK PAISLEY CAKE CASES,1,2025-05-30 05:20:54,0.5,12942.0,United Kingdom
545260,21977,PACK OF 60 PINK PAISLEY CAKE CASES,7,2025-06-10 15:16:38,0.5,15426.0,Netherlands
568711,85099B,JUMBO BAG RED RETROSPOT,4,2025-06-07 15:59:25,2.29,17749.0,United Kingdom
562951,22423,REGENCY CAKESTAND 3 TIER,8,2025-10-20 07:58:32,12.75,12802.0,Germany
539957,85099B,JUMBO BAG RED RETROSPOT,19,2025-08-20 10:44:38,2.08,13513.0,United Kingdom
553953,85123A,WHITE HANGING HEART T-LIGHT HOLDER,4,2025-05-19 16:04:51,2.8,14870.0,United Kingdom
562522,21977,PACK OF 60 PINK PAISLEY CAKE CASES,12,2025-12-05 07:31:46,0.5,16359.0,United Kingdom
553792,85099B,JUMBO BAG RED RETROSPOT,10,2025-10-20 14:29:23,2.08,12819.0,United Kingdom
540319,85123A,WHITE HANGING HEART T-LIGHT HOLDER,13,2025-12-07 05:32:22,2.3,13386.0,United Kingdom
540753,21977,PACK OF 60 PINK PAISLEY CAKE CASES,11,2025-09-24 12:51:13,0.61,13411.0,United Kingdom
560916,20725,LUNCH BAG RED RETROSPOT,10,2025-05-23 01:25:09,1.65,15696.0,United Kingdom
553816,21977,PACK OF 60 PINK PAISLEY CAKE CASES,6,2025-10-10 10:42:53,0.61,12494.0,Netherlands
554465,85099B,JUMBO BAG RED RETROSPOT,19,2025-05-01 12:04:21,2.08,15955.0,United Kingdom
545178,20725,LUNCH BAG RED RETROSPOT,6,2025-04-09 19:51:16,1.48,14552.0,United Kingdom
544997,85123A,WHITE HANGING HEART T-LIGHT HOLDER,3,2025-06-14 09:00:38,2.8,13970.0,United Kingdom
549846,21977,PACK OF 60 PINK PAISLEY CAKE CASES,2,2025-12-20 00:08:51,0.55,17172.0,United Kingdom
554473,85099B,JUMBO BAG RED RETROSPOT,2,2025-07-27 00:58:04,1.87,16913.0,France
551937,85123A,WHITE HANGING HEART T-LIGHT HOLDER,7,2025-05-21 12:56:39,2.55,16817.0,United Kingdom
565900,POST,POSTAGE,16,2025-06-18 19:29:51,18.0,17312.0,Germany
542427,85099B,JUMBO BAG RED RETROSPOT,3,2025-04-17 21:22:15,1.87,13403.0,United Kingdom
552054,22423,REGENCY CAKESTAND 3 TIER,1,2025-08-29 19:23:55,12.75,17130.0,United Kingdom
543998,85123A,WHITE HANGING HEART T-LIGHT HOLDER,11,2025-05-08 08:09:32,2.8,13055.0,Netherlands
536223,POST,POSTAGE,11,2025-07-22 11:45:38,16.2,13984.0,United Kingdom
550101,20725,LUNCH BAG RED RETROSPOT,11,2025-05-15 21:19:03,1.65,,EIRE
537924,85123A,WHITE HANGING HEART T-LIGHT HOLDER,1,2025-04-28 20:08:00,2.55,16466.0,United Kingdom
548651,21977,PACK OF 60 PINK PAISLEY CAKE CASES,4,2025-12-21 10:53:36,0.55,15466.0,Netherlands
557509,85123A,WHITE HANGING HEART T-LIGHT HOLDER,7,2025-05-07 11:32:38,2.8,15356.0,United Kingdom
548778,20725,LUNCH BAG RED RETROSPOT,15,2025-01-26 01:39:56,1.82,14258.0,United Kingdom
559049,85099B,JUMBO BAG RED RETROSPOT,13,2025-05-19 04:03:13,2.08,15555.0,France
546029,85123A,WHITE HANGING HEART T-LIGHT HOLDER,16,2025-07-14 12:42:10,2.3,14850.0,United Kingdom
549660,21977,PACK OF 60 PINK PAISLEY CAKE CASES,11,2025-02-04 12:25:20,0.61,14864.0,United Kingdom
565755,POST,POSTAGE,8,2025-04-22 13:47:59,16.2,15514.0,Netherlands
544254,85099B,JUMBO BAG RED RETROSPOT,11,2025-03-02 07:30:05,2.08,15601.0,Germany
553031,85123A,WHITE HANGING HEART T-LIGHT HOLDER,8,2025-07-02 05:26:43,2.8,13979.0,France
560342,POST,POSTAGE,3,2025-09-21 10:51:24,16.2,12813.0,Germany
548309,85123A,WHITE HANGING HEART T-LIGHT HOLDER,11,2025-12-20 21:05:19,2.3,13797.0,EIRE
546341,85099B,JUMBO BAG RED RETROSPOT,6,2025-05-23 23:17:45,1.87,14453.0,Spain
559723,21977,PACK OF 60 PINK PAISLEY CAKE CASES,6,2025-11-12 01:15:29,0.55,12965.0,Germany
538516,22423,REGENCY CAKESTAND 3 TIER,14,2025-03-20 08:31:57,12.75,13066.0,United Kingdom
545028,85123A,WHITE HANGING HEART T-LIGHT HOLDER,2,2025-10-12 12:30:37,2.55,17705.0,United Kingdom
549926,85123A,WHITE HANGING HEART T-LIGHT HOLDER,1,2025-07-25 05:10:52,2.3,13680.0,Germany
543390,85123A,WHITE HANGING HEART T-LIGHT HOLDER,7,2025-10-04 08:28:43,2.3,16433.0,EIRE
554330,85099B,JUMBO BAG RED RETROSPOT,12,2025-10-03 03:05:06,1.87,12766.0,United Kingdom
557059,20725,LUNCH BAG RED RETROSPOT,16,2025-07-14 11:07:58,1.48,17833.0,United Kingdom
568831,85123A,WHITE HANGING HEART T-LIGHT HOLDER,10,2025-04-04 21:12:51,2.55,13274.0,United Kingdom
556458,20725,LUNCH BAG RED RETROSPOT,5,2025-07-12 22:17:11,1.48,14363.0,United Kingdom
556135,85099B,JUMBO BAG RED RETROSPOT,7,2025-10-29 00:21:30,1.87,16691.0,EIRE
560679,85123A,WHITE HANGING HEART T-LIGHT HOLDER,8,2025-12-21 15:16:48,2.55,13208.0,United Kingdom
543082,85099B,JUMBO BAG RED RETROSPOT,7,2025-12-05 21:46:44,2.08,15299.0,Germany
551994,22423,REGENCY CAKESTAND 3 TIER,13,2025-03-08 18:26:03,14.02,16713.0,France
564294,21977,PACK OF 60 PINK PAISLEY CAKE CASES,16,2025-08-07 01:28:57,0.55,12141.0,Netherlands
541969,85099B,JUMBO BAG RED RETROSPOT,14,2025-02-08 09:21:14,2.29,12152.0,United Kingdom
C545910,21977,PACK OF 60 PINK PAISLEY CAKE CASES,-8,2025-09-02 18:03:49,0.55,16731.0,Netherlands
543478,POST,POSTAGE,6,2025-12-29 23:30:42,18.0,13576.0,Germany
568615,22423,REGENCY CAKESTAND 3 TIER,2,2025-01-20 07:02:51,12.75,17456.0,France
548041,POST,POSTAGE,16,2025-08-28 06:47:41,16.2,17564.0,United Kingdom
547060,85123A,WHITE HANGING HEART T-LIGHT HOLDER,19,2025-12-12 21:28:44,2.55,17282.0,United Kingdom
C563721,85123A,WHITE HANGING HEART T-LIGHT HOLDER,-2,2025-11-06 04:19:06,2.8,17980.0,Germany
566923,85123A,WHITE HANGING HEART T-LIGHT HOLDER,3,2025-05-24 08:47:04,2.55,16938.0,United Kingdom
536169,20725,LUNCH BAG RED RETROSPOT,5,2025-02-07 03:13:42,1.65,14300.0,United Kingdom
565884,21977,PACK OF 60 PINK PAISLEY CAKE CASES,16,2025-12-04 22:33:08,0.5,17953.0,Germany
560043,POST,POSTAGE,5,2025-12-03 01:35:22,18.0,14075.0,Germany
565375,20725,LUNCH BAG RED RETROSPOT,1,2025-07-31 12:10:27,1.65,15518.0,United Kingdom
538949,85099B,JUMBO BAG RED RETROSPOT,7,2025-12-24 03:43:15,1.87,12034.0,United Kingdom
537339,POST,POSTAGE,7,2025-01-02 09:46:15,16.2,17775.0,United Kingdom
547417,POST,POSTAGE,8,2025-08-14 14:07:24,18.0,15551.0,Netherlands
564895,20725,LUNCH BAG RED RETROSPOT,10,2025-01-15 16:45:39,1.65,17693.0,Netherlands
552950,21977,PACK OF 60 PINK PAISLEY CAKE CASES,5,2025-12-08 13:40:20,0.55,14116.0,United Kingdom
560524,20725,LUNCH BAG RED RETROSPOT,1,2025-09-06 10:15:26,1.65,13879.0,United Kingdom
544333,85123A,WHITE HANGING HEART T-LIGHT HOLDER,3,2025-11-30 06:44:44,2.55,15134.0,United Kingdom
547366,POST,POSTAGE,14,2025-07-25 19:16:01,19.8,17180.0,United Kingdom
565848,POST,POSTAGE,13,2025-01-31 16:19:01,18.0,15293.0,Spain
552663,21977,PACK OF 60 PINK PAISLEY CAKE CASES,5,2025-01-10 16:07:38,0.5,16754.0,United Kingdom
562507,85123A,WHITE HANGING HEART T-LIGHT HOLDER,18,2025-05-03 18:28:15,2.55,,United Kingdom
557757,85123A,WHITE HANGING HEART T-LIGHT HOLDER,11,2025-09-29 05:17:19,2.3,16654.0,United Kingdom
541969,POST,POSTAGE,16,2025-02-25 23:31:27,19.8,16394.0,United Kingdom
C568080,20725,LUNCH BAG RED RETROSPOT,-16,2025-11-08 22:03:58,1.48,17377.0,EIRE
568170,20725,LUNCH BAG RED RETROSPOT,6,2025-03-29 10:33:16,1.82,12345.0,Germany
562522,POST,POSTAGE,12,2025-07-01 04:53:40,19.8,14305.0,Germany
551962,85099B,JUMBO BAG RED RETROSPOT,12,2025-03-16 08:59:24,2.08,12532.0,United Kingdom
550569,POST,POSTAGE,9,2025-06-20 09:19:46,18.0,14400.0,Netherlands
546122,85123A,WHITE HANGING HEART T-LIGHT HOLDER,13,2025-06-15 23:21:22,2.55,16553.0,United Kingdom
557944,85123A,WHITE HANGING HEART T-LIGHT HOLDER,7,2025-01-02 06:55:48,2.55,15840.0,EIRE
546541,85099B,JUMBO BAG RED RETROSPOT,2,2025-07-27 22:36:41,2.08,16517.0,Spain
542319,22423,REGENCY CAKESTAND 3 TIER,1,2025-10-15 05:32:45,11.48,16426.0,United Kingdom
538063,85099B,JUMBO BAG RED RETROSPOT,9,2025-12-08 22:14:48,1.87,17953.0,Spain
550414,20725,LUNCH BAG RED RETROSPOT,18,2025-05-01 22:19:22,1.82,17278.0,United Kingdom
563722,85123A,WHITE HANGING HEART T-LIGHT HOLDER,5,2025-11-18 14:36:39,2.3,15517.0,Germany
562904,20725,LUNCH BAG RED RETROSPOT,12,2025-11-17 02:35:04,1.65,17255.0,United Kingdom
564879,85123A,WHITE HANGING HEART T-LIGHT HOLDER,4,2025-12-27 14:49:32,2.8,12287.0,United Kingdom
556624,20725,LUNCH BAG RED RETROSPOT,12,2025-05-17 21:52:24,1.48,16328.0,United Kingdom
565499,85123A,WHITE HANGING HEART T-LIGHT HOLDER,4,2025-11-07 22:16:17,2.8,15132.0,United Kingdom
C562630,20725,LUNCH BAG RED RETROSPOT,-9,2025-07-26 10:58:44,1.65,17741.0,United Kingdom
563427,21977,PACK OF 60 PINK PAISLEY CAKE CASES,16,2025-01-22 11:30:56,0.55,15022.0,United Kingdom
553333,85099B,JUMBO BAG RED RETROSPOT,8,2025-04-09 09:13:07,2.08,13071.0,Germany
538904,22423,REGENCY CAKESTAND 3 TIER,18,2025-09-03 05:07:24,14.02,16344.0,United Kingdom
548924,85123A,WHITE HANGING HEART T-LIGHT HOLDER,1,2025-02-28 15:41:10,2.55,17702.0,United Kingdom
564804,85099B,JUMBO BAG RED RETROSPOT,2,2025-06-08 23:38:46,1.87,12097.0,Netherlands
561246,85123A,WHITE HANGING HEART T-LIGHT HOLDER,4,2025-10-10 06:24:47,2.8,12385.0,Netherlands
536426,85123A,WHITE HANGING HEART T-LIGHT HOLDER,5,2025-02-24 20:12:34,2.3,15967.0,United Kingdom
539187,20725,LUNCH BAG RED RETROSPOT,9,2025-07-01 02:17:57,1.82,15333.0,United Kingdom
C558391,85123A,WHITE HANGING HEART T-LIGHT HOLDER,-18,2025-03-20 01:20:43,2.55,15291.0,Germany
569272,22423,REGENCY CAKESTAND 3 TIER,5,2025-07-15 21:37:04,12.75,12541.0,France
560868,85099B,JUMBO BAG RED RETROSPOT,7,2025-03-29 02:41:56,2.29,,United Kingdom
568244,85099B,JUMBO BAG RED RETROSPOT,1,2025-12-19 09:56:03,2.29,15408.0,France
538257,85099B,JUMBO BAG RED RETROSPOT,14,2025-01-28 21:10:14,1.87,17095.0,United Kingdom
565932,21977,PACK OF 60 PINK PAISLEY CAKE CASES,11,2025-12-18 08:22:21,0.61,14340.0,United Kingdom
540361,21977,PACK OF 60 PINK PAISLEY CAKE CASES,1,2025-10-17 07:13:33,0.55,14087.0,France
566065,85099B,JUMBO BAG RED RETROSPOT,9,2025-11-09 00:58:41,2.08,12489.0,Germany
569124,85099B,JUMBO BAG RED RETROSPOT,5,2025-11-07 16:42:47,2.08,15401.0,EIRE
553375,22423,REGENCY CAKESTAND 3 TIER,9,2025-03-10 07:40:57,14.02,15888.0,United Kingdom
554106,20725,LUNCH BAG RED RETROSPOT,6,2025-12-06 02:49:39,1.48,13684.0,United Kingdom
552930,22423,REGENCY CAKESTAND 3 TIER,15,2025-08-05 11:23:37,12.75,16387.0,United Kingdom
554810,20725,LUNCH BAG RED RETROSPOT,2,2025-12-18 04:05:34,1.65,17628.0,United Kingdom
563882,21977,PACK OF 60 PINK PAISLEY CAKE CASES,12,2025-11-17 20:22:13,0.55,13045.0,United Kingdom
545570,21977,PACK OF 60 PINK PAISLEY CAKE CASES,16,2025-07-31 17:56:12,0.55,15436.0,United Kingdom
545630,85099B,JUMBO BAG RED RETROSPOT,1,2025-05-17 23:30:53,2.08,16166.0,United Kingdom
568927,POST,POSTAGE,18,2025-02-12 23:30:10,18.0,12110.0,Germany
564897,85099B,JUMBO BAG RED RETROSPOT,15,2025-02-06 20:05:32,2.29,13074.0,United Kingdom
554370,85099B,JUMBO BAG RED RETROSPOT,6,2025-05-23 12:03:09,2.29,,United Kingdom
542829,POST,POSTAGE,10,2025-10-24 04:05:13,19.8,12824.0,France
568487,21977,PACK OF 60 PINK PAISLEY CAKE CASES,13,2025-07-04 01:01:47,0.5,14133.0,United Kingdom
565889,85099B,JUMBO BAG RED RETROSPOT,10,2025-06-25 02:11:51,2.08,12884.0,Spain
547163,22423,REGENCY CAKESTAND 3 TIER,15,2025-03-31 05:37:24,14.02,17379.0,United Kingdom
554396,22423,REGENCY CAKESTAND 3 TIER,17,2025-07-26 21:11:30,12.75,15594.0,United Kingdom
550259,20725,LUNCH BAG RED RETROSPOT,7,2025-08-21 05:06:17,1.65,13975.0,Spain
564669,22423,REGENCY CAKESTAND 3 TIER,3,2025-12-25 02:13:34,12.75,16672.0,Germany
559365,85123A,WHITE HANGING HEART T-LIGHT HOLDER,9,2025-09-24 22:26:47,2.55,12110.0,Germany
552766,85123A,WHITE HANGING HEART T-LIGHT HOLDER,12,2025-08-10 10:27:15,2.8,15581.0,France
568911,POST,POSTAGE,15,2025-11-29 10:03:34,18.0,16100.0,United Kingdom
556686,21977,PACK OF 60 PINK PAISLEY CAKE CASES,6,2025-06-05 07:14:18,0.55,16856.0,France
552457,85099B,JUMBO BAG RED RETROSPOT,18,2025-12-08 22:44:38,2.08,13333.0,Spain
567510,POST,POSTAGE,1,2025-05-16 08:21:19,16.2,15548.0,Netherlands
551292,85099B,JUMBO BAG RED RETROSPOT,12,2025-02-16 20:37:48,2.29,16606.0,United Kingdom
550219,20725,LUNCH BAG RED RETROSPOT,9,2025-06-02 23:48:42,1.48,16783.0,United Kingdom
549210,20725,LUNCH BAG RED RETROSPOT,14,2025-02-16 10:49:09,1.48,13053.0,France
543489,85099B,JUMBO BAG RED RETROSPOT,6,2025-02-13 16:48:54,1.87,17859.0,United Kingdom
545495,20725,LUNCH BAG RED RETROSPOT,18,2025-11-18 00:35:47,1.48,13643.0,United Kingdom
539093,POST,POSTAGE,1,2025-10-18 18:45:32,16.2,14345.0,United Kingdom
560757,85123A,WHITE HANGING HEART T-LIGHT HOLDER,16,2025-03-22 23:21:02,2.3,13152.0,United Kingdom
556059,85123A,WHITE HANGING HEART T-LIGHT HOLDER,10,2025-11-02 04:41:05,2.55,12899.0,United Kingdom
567707,20725,LUNCH BAG RED RETROSPOT,10,2025-01-26 00:14:30,1.82,13532.0,United Kingdom
556776,85099B,JUMBO BAG RED RETROSPOT,6,2025-04-14 01:03:15,1.87,12812.0,United Kingdom
538733,21977,PACK OF 60 PINK PAISLEY CAKE CASES,8,2025-09-15 20:32:49,0.55,16396.0,United Kingdom
557103,22423,REGENCY CAKESTAND 3 TIER,9,2025-04-21 05:51:11,14.02,15584.0,Netherlands
541958,20725,LUNCH BAG RED RETROSPOT,6,2025-09-24 09:55:03,1.82,14340.0,United Kingdom
537263,20725,LUNCH BAG RED RETROSPOT,1,2025-11-16 08:03:56,1.65,15282.0,United Kingdom
558528,POST,POSTAGE,8,2025-01-25 07:13:53,16.2,15625.0,United Kingdom
536932,85099B,JUMBO BAG RED RETROSPOT,8,2025-01-09 03:58:11,2.08,13105.0,United Kingdom
549909,POST,POSTAGE,14,2025-12-10 09:47:57,18.0,13781.0,Netherlands
566444,85099B,JUMBO BAG RED RETROSPOT,9,2025-07-09 22:11:02,2.29,17292.0,Netherlands
544706,21977,PACK OF 60 PINK PAISLEY CAKE CASES,11,2025-07-04 08:33:56,0.5,12072.0,United Kingdom
559647,21977,PACK OF 60 PINK PAISLEY CAKE CASES,9,2025-06-19 19:14:02,0.55,17740.0,United Kingdom
548805,85099B,JUMBO BAG RED RETROSPOT,9,2025-06-08 16:32:19,2.08,17785.0,United Kingdom
539852,21977,PACK OF 60 PINK PAISLEY CAKE CASES,14,2025-09-09 19:08:07,0.55,13519.0,United Kingdom
542698,22423,REGENCY CAKESTAND 3 TIER,13,2025-07-31 13:44:43,12.75,13924.0,United Kingdom
538537,85099B,JUMBO BAG RED RETROSPOT,19,2025-03-01 08:54:44,2.29,13241.0,United Kingdom
541130,20725,LUNCH BAG RED RETROSPOT,10,2025-08-17 06:09:56,1.82,15363.0,United Kingdom
541503,85123A,WHITE HANGING HEART T-LIGHT HOLDER,1,2025-09-01 06:43:25,2.55,13283.0,Germany
566031,20725,LUNCH BAG RED RETROSPOT,12,2025-02-11 12:39:36,1.65,,United Kingdom
563435,22423,REGENCY CAKESTAND 3 TIER,8,2025-05-18 09:41:56,12.75,14324.0,United Kingdom
548014,22423,REGENCY CAKESTAND 3 TIER,2,2025-10-16 09:43:07,12.75,17804.0,United Kingdom
560584,21977,PACK OF 60 PINK PAISLEY CAKE CASES,17,2025-08-14 08:51:14,0.55,17119.0,United Kingdom
542947,85123A,WHITE HANGING HEART T-LIGHT HOLDER,13,2025-02-19 22:05:43,2.55,14407.0,United Kingdom
557714,POST,POSTAGE,12,2025-01-15 15:26:22,18.0,15575.0,United Kingdom
542882,POST,POSTAGE,13,2025-08-01 21:25:01,16.2,12146.0,United Kingdom
557786,85099B,JUMBO BAG RED RETROSPOT,19,2025-06-18 22:16:32,2.08,12405.0,United Kingdom
548160,85099B,JUMBO BAG RED RETROSPOT,14,2025-12-17 14:48:58,2.29,15036.0,EIRE
565201,85123A,WHITE HANGING HEART T-LIGHT HOLDER,14,2025-07-10 02:12:03,2.55,14837.0,Netherlands
564391,20725,LUNCH BAG RED RETROSPOT,15,2025-12-06 23:10:07,1.82,14389.0,United Kingdom
547337,85123A,WHITE HANGING HEART T-LIGHT HOLDER,14,2025-03-20 11:28:43,2.55,12541.0,United Kingdom
537399,POST,POSTAGE,14,2025-06-13 09:00:10,16.2,17039.0,France
546955,POST,POSTAGE,2,2025-02-20 09:55:32,18.0,14437.0,Germany
545586,85123A,WHITE HANGING HEART T-LIGHT HOLDER,8,2025-07-29 02:06:40,2.55,14820.0,United Kingdom
550464,21977,PACK OF 60 PINK PAISLEY CAKE CASES,6,2025-03-10 15:56:29,0.5,14421.0,United Kingdom
555527,85099B,JUMBO BAG RED RETROSPOT,17,2025-06-29 01:08:37,2.08,14984.0,United Kingdom
569648,21977,PACK OF 60 PINK PAISLEY CAKE CASES,12,2025-05-06 17:17:50,0.5,15890.0,Germany
538132,85123A,WHITE HANGING HEART T-LIGHT HOLDER,10,2025-03-09 20:00:09,2.8,16583.0,United Kingdom
554866,20725,LUNCH BAG RED RETROSPOT,10,2025-02-05 10:07:51,1.65,15296.0,United Kingdom
541835,85123A,WHITE HANGING HEART T-LIGHT HOLDER,13,2025-07-06 09:12:13,2.55,12995.0,United Kingdom
554594,POST,POSTAGE,15,2025-12-12 16:09:24,16.2,17248.0,United Kingdom
557652,85099B,JUMBO BAG RED RETROSPOT,4,2025-03-14 20:38:47,2.08,13707.0,United Kingdom
563526,21977,PACK OF 60 PINK PAISLEY CAKE CASES,19,2025-05-28 02:17:43,0.55,,Germany
555039,POST,POSTAGE,15,2025-03-23 11:00:34,18.0,12234.0,United Kingdom
542054,20725,LUNCH BAG RED RETROSPOT,4,2025-10-23 07:45:02,1.82,16643.0,United Kingdom
567064,21977,PACK OF 60 PINK PAISLEY CAKE CASES,12,2025-06-01 00:16:05,0.5,14321.0,United Kingdom
549783,85099B,JUMBO BAG RED RETROSPOT,9,2025-12-22 00:12:12,2.29,12135.0,EIRE
552304,85099B,JUMBO BAG RED RETROSPOT,8,2025-03-31 12:41:15,2.08,16868.0,United Kingdom
557806,85099B,JUMBO BAG RED RETROSPOT,17,2025-01-30 18:19:47,2.08,13825.0,United Kingdom
545009,POST,POSTAGE,6,2025-08-01 14:16:08,18.0,17867.0,United Kingdom
569592,22423,REGENCY CAKESTAND 3 TIER,16,2025-08-26 05:58:15,12.75,17277.0,EIRE
537514,85099B,JUMBO BAG RED RETROSPOT,13,2025-12-28 10:50:10,1.87,12289.0,France
541251,20725,LUNCH BAG RED RETROSPOT,16,2025-11-15 23:10:41,1.65,16142.0,Spain
569664,85099B,JUMBO BAG RED RETROSPOT,15,2025-11-19 20:06:46,2.08,15619.0,Germany
551368,POST,POSTAGE,12,2025-08-20 02:52:33,18.0,13031.0,United Kingdom
566370,22423,REGENCY CAKESTAND 3 TIER,4,2025-05-12 15:27:22,12.75,14058.0,United Kingdom
566789,85123A,WHITE HANGING HEART T-LIGHT HOLDER,19,2025-06-06 14:59:40,2.8,14944.0,United Kingdom
569673,21977,PACK OF 60 PINK PAISLEY CAKE CASES,13,2025-02-18 08:45:13,0.5,12876.0,Germany
560668,85099B,JUMBO BAG RED RETROSPOT,7,2025-06-07 08:44:53,2.08,16331.0,Germany
559231,POST,POSTAGE,5,2025-05-14 17:15:21,18.0,13663.0,United Kingdom
556868,85099B,JUMBO BAG RED RETROSPOT,3,2025-01-14 22:26:11,1.87,17624.0,Spain
559232,85123A,WHITE HANGING HEART T-LIGHT HOLDER,6,2025-03-16 07:40:14,2.55,16810.0,United Kingdom
544741,22423,REGENCY CAKESTAND 3 TIER,3,2025-07-15 22:15:08,12.75,15805.0,United Kingdom
563716,85099B,JUMBO BAG RED RETROSPOT,17,2025-05-15 20:07:30,2.29,12718.0,United Kingdom
542365,21977,PACK OF 60 PINK PAISLEY CAKE CASES,9,2025-12-29 01:15:45,0.61,12148.0,Spain
C552303,22423,REGENCY CAKESTAND 3 TIER,-12,2025-06-24 06:43:20,14.02,12875.0,Netherlands
548723,21977,PACK OF 60 PINK PAISLEY CAKE CASES,16,2025-12-16 10:34:59,0.55,14998.0,United Kingdom
561889,POST,POSTAGE,19,2025-08-30 15:59:55,18.0,16687.0,Netherlands
544673,85099B,JUMBO BAG RED RETROSPOT,9,2025-01-15 05:26:19,2.29,12917.0,Spain
543022,21977,PACK OF 60 PINK PAISLEY CAKE CASES,1,2025-03-16 09:57:43,0.61,16244.0,EIRE
563488,22423,REGENCY CAKESTAND 3 TIER,12,2025-09-15 02:13:24,12.75,,Spain
552553,20725,LUNCH BAG RED RETROSPOT,18,2025-07-18 02:25:42,1.82,13593.0,United Kingdom
560503,22423,REGENCY CAKESTAND 3 TIER,7,2025-04-21 10:26:19,14.02,,France
565882,21977,PACK OF 60 PINK PAISLEY CAKE CASES,2,2025-07-10 15:06:46,0.5,16970.0,Germany
564396,22423,REGENCY CAKESTAND 3 TIER,14,2025-11-26 10:51:24,12.75,,France
549597,85123A,WHITE HANGING HEART T-LIGHT HOLDER,12,2025-05-22 09:11:35,2.55,15195.0,United Kingdom
541816,22423,REGENCY CAKESTAND 3 TIER,3,2025-01-17 11:56:58,14.02,12216.0,France
568640,85123A,WHITE HANGING HEART T-LIGHT HOLDER,1,2025-04-24 15:13:20,2.55,13760.0,Netherlands
546538,POST,POSTAGE,10,2025-12-08 17:08:11,19.8,16701.0,United Kingdom
562153,22423,REGENCY CAKESTAND 3 TIER,3,2025-10-06 12:57:27,12.75,12487.0,Netherlands
562130,POST,POSTAGE,4,2025-11-02 02:12:13,19.8,16238.0,United Kingdom
551050,85099B,JUMBO BAG RED RETROSPOT,6,2025-11-29 00:59:53,1.87,16223.0,United Kingdom
541560,22423,REGENCY CAKESTAND 3 TIER,9,2025-02-12 08:13:55,14.02,16511.0,United Kingdom
552052,85099B,JUMBO BAG RED RETROSPOT,16,2025-04-14 04:55:10,1.87,13303.0,EIRE
540950,85123A,WHITE HANGING HEART T-LIGHT HOLDER,9,2025-01-22 12:53:03,2.55,13468.0,Germany
547972,20725,LUNCH BAG RED RETROSPOT,16,2025-01-02 16:48:36,1.65,13191.0,United Kingdom
549024,85123A,WHITE HANGING HEART T-LIGHT HOLDER,12,2025-11-01 06:02:56,2.55,14361.0,Germany
553621,20725,LUNCH BAG RED RETROSPOT,8,2025-12-08 11:13:25,1.48,15143.0,United Kingdom
542338,85123A,WHITE HANGING HEART T-LIGHT HOLDER,10,2025-02-26 05:14:36,2.55,12718.0,United Kingdom
564759,22423,REGENCY CAKESTAND 3 TIER,3,2025-09-21 11:11:42,12.75,15404.0,Spain
538682,85123A,WHITE HANGING HEART T-LIGHT HOLDER,19,2025-07-15 09:04:27,2.8,,Germany
569511,21977,PACK OF 60 PINK PAISLEY CAKE CASES,6,2025-01-26 00:03:27,0.55,15372.0,France
546634,85099B,JUMBO BAG RED RETROSPOT,18,2025-12-01 15:57:54,2.29,13816.0,Germany
552644,POST,POSTAGE,13,2025-11-15 07:16:01,18.0,17727.0,Netherlands
565770,85099B,JUMBO BAG RED RETROSPOT,6,2025-07-27 17:56:55,2.29,,United Kingdom
558243,85123A,WHITE HANGING HEART T-LIGHT HOLDER,10,2025-09-16 16:04:01,2.8,17227.0,United Kingdom
537922,20725,LUNCH BAG RED RETROSPOT,3,2025-05-25 04:40:55,1.65,13050.0,United Kingdom
556539,21977,PACK OF 60 PINK PAISLEY CAKE CASES,12,2025-10-17 21:17:15,0.55,12509.0,Germany
555247,20725,LUNCH BAG RED RETROSPOT,2,2025-06-12 00:32:08,1.82,13132.0,Germany
567709,85099B,JUMBO BAG RED RETROSPOT,13,2025-12-28 13:46:34,2.29,14516.0,France
555142,20725,LUNCH BAG RED RETROSPOT,4,2025-01-24 19:15:39,1.82,17408.0,United Kingdom
569732,85123A,WHITE HANGING HEART T-LIGHT HOLDER,3,2025-03-04 12:58:31,2.55,13057.0,United Kingdom
554048,POST,POSTAGE,5,2025-12-20 13:22:50,18.0,16703.0,Germany
542539,85123A,WHITE HANGING HEART T-LIGHT HOLDER,2,2025-04-16 11:17:15,2.3,16181.0,Netherlands
553187,20725,LUNCH BAG RED RETROSPOT,17,2025-04-24 01:26:31,1.65,14066.0,United Kingdom
567191,85123A,WHITE HANGING HEART T-LIGHT HOLDER,18,2025-10-16 16:17:00,2.3,14018.0,United Kingdom
536586,20725,LUNCH BAG RED RETROSPOT,18,2025-03-11 22:52:02,1.82,17685.0,United Kingdom
549563,20725,LUNCH BAG RED RETROSPOT,14,2025-07-07 19:09:18,1.48,16287.0,United Kingdom
537613,20725,LUNCH BAG RED RETROSPOT,5,2025-04-15 01:24:34,1.82,13433.0,United Kingdom
564624,85099B,JUMBO BAG RED RETROSPOT,15,2025-03-14 05:17:47,2.29,,United Kingdom
553381,85099B,JUMBO BAG RED RETROSPOT,15,2025-12-18 19:59:05,2.08,14440.0,Germany
560348,20725,LUNCH BAG RED RETROSPOT,5,2025-03-14 17:08:07,1.65,12478.0,United Kingdom
568922,21977,PACK OF 60 PINK PAISLEY CAKE CASES,16,2025-02-04 08:47:49,0.55,16881.0,United Kingdom
564297,21977,PACK OF 60 PINK PAISLEY CAKE CASES,19,2025-09-03 05:51:09,0.55,17212.0,United Kingdom
549871,22423,REGENCY CAKESTAND 3 TIER,8,2025-11-13 11:05:45,12.75,14657.0,Netherlands
567785,85099B,JUMBO BAG RED RETROSPOT,12,2025-02-16 00:45:46,2.08,16223.0,United Kingdom
552059,85099B,JUMBO BAG RED RETROSPOT,17,2025-09-16 02:09:00,2.08,13407.0,United Kingdom
569272,21977,PACK OF 60 PINK PAISLEY CAKE CASES,5,2025-07-17 01:47:32,0.61,17102.0,United Kingdom
569390,85123A,WHITE HANGING HEART T-LIGHT HOLDER,19,2025-10-30 19:48:01,2.55,14211.0,Germany
543535,85099B,JUMBO BAG RED RETROSPOT,6,2025-02-16 01:07:01,2.08,,Spain
562489,20725,LUNCH BAG RED RETROSPOT,19,2025-12-23 13:15:45,1.65,15004.0,United Kingdom
559728,21977,PACK OF 60 PINK PAISLEY CAKE CASES,5,2025-08-14 06:43:26,0.61,13603.0,United Kingdom
562183,POST,POSTAGE,15,2025-11-04 18:09:26,19.8,15723.0,United Kingdom
541703,22423,REGENCY CAKESTAND 3 TIER,10,2025-05-13 03:03:07,12.75,16486.0,Germany
553161,85099B,JUMBO BAG RED RETROSPOT,8,2025-12-11 21:50:51,2.29,14433.0,Netherlands
541149,85099B,JUMBO BAG RED RETROSPOT,9,2025-08-17 02:02:41,2.29,16700.0,United Kingdom
566529,85099B,JUMBO BAG RED RETROSPOT,5,2025-02-16 20:18:58,2.08,14587.0,United Kingdom
565693,21977,PACK OF 60 PINK PAISLEY CAKE CASES,13,2025-12-03 03:32:31,0.61,17821.0,France
555759,85123A,WHITE HANGING HEART T-LIGHT HOLDER,19,2025-10-18 00:42:40,2.8,13583.0,France
540415,85099B,JUMBO BAG RED RETROSPOT,12,2025-04-20 00:55:00,2.29,,United Kingdom
558327,85123A,WHITE HANGING HEART T-LIGHT HOLDER,6,2025-07-19 18:44:33,2.55,15212.0,United Kingdom
550935,21977,PACK OF 60 PINK PAISLEY CAKE CASES,13,2025-05-22 08:14:42,0.5,17661.0,United Kingdom
562776,20725,LUNCH BAG RED RETROSPOT,9,2025-07-18 10:00:00,1.48,13316.0,EIRE
539377,85123A,WHITE HANGING HEART T-LIGHT HOLDER,18,2025-12-19 19:44:51,2.8,13180.0,France
549823,85099B,JUMBO BAG RED RETROSPOT,6,2025-11-25 06:16:46,2.08,17205.0,Germany
548293,85099B,JUMBO BAG RED RETROSPOT,10,2025-03-20 13:17:26,2.08,17406.0,EIRE
568411,20725,LUNCH BAG RED RETROSPOT,10,2025-12-21 07:09:51,1.48,16484.0,United Kingdom
C546140,85123A,WHITE HANGING HEART T-LIGHT HOLDER,-17,2025-06-09 01:33:33,2.8,14849.0,United Kingdom
569592,85099B,JUMBO BAG RED RETROSPOT,3,2025-09-15 23:50:49,1.87,14461.0,United Kingdom
567348,20725,LUNCH BAG RED RETROSPOT,12,2025-10-06 08:59:53,1.65,15999.0,Spain
555962,85099B,JUMBO BAG RED RETROSPOT,16,2025-06-26 20:20:05,2.29,16483.0,Germany
541939,20725,LUNCH BAG RED RETROSPOT,7,2025-06-16 10:18:57,1.48,13655.0,United Kingdom
543549,85099B,JUMBO BAG RED RETROSPOT,10,2025-06-16 20:48:45,2.08,12041.0,United Kingdom
536584,POST,POSTAGE,6,2025-11-11 04:08:16,19.8,12441.0,France
562346,85123A,WHITE HANGING HEART T-LIGHT HOLDER,8,2025-05-22 12:57:40,2.55,14066.0,France
560666,85123A,WHITE HANGING HEART T-LIGHT HOLDER,19,2025-04-13 08:57:08,2.3,,Germany
546952,85099B,JUMBO BAG RED RETROSPOT,7,2025-05-12 23:49:10,2.08,14641.0,United Kingdom
C560863,85099B,JUMBO BAG RED RETROSPOT,-4,2025-03-13 08:04:55,2.29,15710.0,Netherlands
555621,21977,PACK OF 60 PINK PAISLEY CAKE CASES,12,2025-05-23 18:30:59,0.55,14818.0,France
563762,22423,REGENCY CAKESTAND 3 TIER,9,2025-02-11 11:51:05,12.75,13509.0,Germany
538947,22423,REGENCY CAKESTAND 3 TIER,15,2025-02-02 09:37:06,12.75,16492.0,Germany
542761,20725,LUNCH BAG RED RETROSPOT,1,2025-09-22 16:44:06,1.48,16340.0,Spain
563451,22423,REGENCY CAKESTAND 3 TIER,18,2025-01-29 15:28:23,12.75,17776.0,Netherlands
548568,20725,LUNCH BAG RED RETROSPOT,14,2025-07-27 11:29:31,1.82,,Germany
568608,21977,PACK OF 60 PINK PAISLEY CAKE CASES,16,2025-10-12 01:19:38,0.55,,United Kingdom
565946,85123A,WHITE HANGING HEART T-LIGHT HOLDER,8,2025-09-22 01:46:29,2.8,16228.0,United Kingdom
539203,20725,LUNCH BAG RED RETROSPOT,9,2025-06-12 14:22:03,1.65,14103.0,EIRE
549722,20725,LUNCH BAG RED RETROSPOT,7,2025-03-12 01:19:31,1.82,17236.0,Germany
560874,20725,LUNCH BAG RED RETROSPOT,16,2025-12-06 14:32:19,1.65,15663.0,United Kingdom
540637,85123A,WHITE HANGING HEART T-LIGHT HOLDER,2,2025-11-01 21:18:39,2.55,17007.0,United Kingdom
565268,85099B,JUMBO BAG RED RETROSPOT,11,2025-08-12 18:56:27,2.29,13687.0,Spain
539338,POST,POSTAGE,5,2025-02-01 16:40:27,18.0,12089.0,Spain
539723,21977,PACK OF 60 PINK PAISLEY CAKE CASES,13,2025-01-13 06:34:00,0.55,12848.0,Netherlands
554477,22423,REGENCY CAKESTAND 3 TIER,19,2025-04-26 15:46:20,12.75,15188.0,United Kingdom
544391,85123A,WHITE HANGING HEART T-LIGHT HOLDER,13,2025-02-27 04:24:00,2.8,17769.0,EIRE
557731,21977,PACK OF 60 PINK PAISLEY CAKE CASES,1,2025-11-11 21:55:00,0.5,15762.0,EIRE
549323,20725,LUNCH BAG RED RETROSPOT,8,2025-03-17 02:09:38,1.82,16857.0,United Kingdom
545205,POST,POSTAGE,1,2025-04-14 12:59:46,18.0,14815.0,United Kingdom
564449,POST,POSTAGE,10,2025-12-23 11:40:22,18.0,17750.0,Netherlands
541422,22423,REGENCY CAKESTAND 3 TIER,4,2025-10-26 01:46:09,11.48,,United Kingdom
552776,21977,PACK OF 60 PINK PAISLEY CAKE CASES,14,2025-03-21 04:28:39,0.5,13306.0,Germany
541728,85123A,WHITE HANGING HEART T-LIGHT HOLDER,11,2025-05-20 17:08:42,2.55,17173.0,Germany
540656,85123A,WHITE HANGING HEART T-LIGHT HOLDER,6,2025-07-08 14:17:54,2.55,12106.0,France
542976,85123A,WHITE HANGING HEART T-LIGHT HOLDER,17,2025-08-31 03:53:40,2.3,15555.0,United Kingdom
544716,POST,POSTAGE,15,2025-12-08 03:22:26,19.8,14623.0,France
550009,85123A,WHITE HANGING HEART T-LIGHT HOLDER,12,2025-11-14 15:59:19,2.55,13807.0,United Kingdom
551890,85099B,JUMBO BAG RED RETROSPOT,7,2025-12-23 15:51:21,1.87,17601.0,EIRE
540717,85099B,JUMBO BAG RED RETROSPOT,6,2025-01-15 09:37:01,2.29,15973.0,United Kingdom
537334,22423,REGENCY CAKESTAND 3 TIER,12,2025-03-28 00:29:08,11.48,12829.0,France
539218,85099B,JUMBO BAG RED RETROSPOT,16,2025-07-25 00:40:38,2.08,12835.0,EIRE
557453,85123A,WHITE HANGING HEART T-LIGHT HOLDER,16,2025-01-18 03:37:18,2.55,12703.0,United Kingdom
C569114,85099B,JUMBO BAG RED RETROSPOT,-15,2025-05-10 01:19:57,2.29,13824.0,United Kingdom
536860,85099B,JUMBO BAG RED RETROSPOT,1,2025-02-26 13:21:35,2.29,12413.0,EIRE
537181,20725,LUNCH BAG RED RETROSPOT,19,2025-12-07 09:25:23,1.82,13585.0,United Kingdom
562549,20725,LUNCH BAG RED RETROSPOT,5,2025-01-24 05:12:58,1.48,16590.0,United Kingdom
560648,20725,LUNCH BAG RED RETROSPOT,1,2025-02-24 14:16:08,1.65,17242.0,United Kingdom
560950,85099B,JUMBO BAG RED RETROSPOT,11,2025-03-13 16:54:26,2.08,16715.0,Netherlands
541882,85123A,WHITE HANGING HEART T-LIGHT HOLDER,9,2025-02-24 04:06:05,2.55,14976.0,Germany
565424,85099B,JUMBO BAG RED RETROSPOT,3,2025-07-27 15:00:08,1.87,16172.0,United Kingdom
557202,POST,POSTAGE,5,2025-05-13 02:33:43,16.2,17663.0,Netherlands
541362,85123A,WHITE HANGING HEART T-LIGHT HOLDER,4,2025-11-30 14:23:57,2.8,12319.0,United Kingdom
539931,85123A,WHITE HANGING HEART T-LIGHT HOLDER,9,2025-04-06 09:01:46,2.8,17427.0,United Kingdom
556487,POST,POSTAGE,15,2025-07-16 02:38:02,18.0,16339.0,United Kingdom
562486,POST,POSTAGE,13,2025-08-29 19:18:01,18.0,14318.0,United Kingdom
562554,85123A,WHITE HANGING HEART T-LIGHT HOLDER,1,2025-08-17 04:23:02,2.55,14691.0,United Kingdom
555976,20725,LUNCH BAG RED RETROSPOT,4,2025-10-18 18:48:58,1.65,14631.0,France
553535,85099B,JUMBO BAG RED RETROSPOT,12,2025-03-15 08:45:58,2.29,12947.0,United Kingdom
559644,85099B,JUMBO BAG RED RETROSPOT,16,2025-07-05 16:25:09,2.08,13381.0,France
540447,85099B,JUMBO BAG RED RETROSPOT,1,2025-10-20 16:58:16,2.08,13770.0,United Kingdom
548406,POST,POSTAGE,7,2025-11-12 10:12:30,19.8,12034.0,United Kingdom
539363,85123A,WHITE HANGING HEART T-LIGHT HOLDER,3,2025-08-14 16:00:16,2.8,15006.0,United Kingdom
C564521,20725,LUNCH BAG RED RETROSPOT,-10,2025-08-26 10:36:23,1.48,14859.0,Germany
556600,85123A,WHITE HANGING HEART T-LIGHT HOLDER,8,2025-11-12 14:32:57,2.3,13977.0,France
562425,21977,PACK OF 60 PINK PAISLEY CAKE CASES,4,2025-08-17 05:25:21,0.5,13058.0,United Kingdom
552918,21977,PACK OF 60 PINK PAISLEY CAKE CASES,19,2025-12-13 10:12:25,0.5,17818.0,United Kingdom
567615,20725,LUNCH BAG RED RETROSPOT,15,2025-02-16 03:17:29,1.65,16071.0,United Kingdom
567605,POST,POSTAGE,11,2025-05-07 09:58:37,18.0,,EIRE
556956,20725,LUNCH BAG RED RETROSPOT,15,2025-02-10 00:22:48,1.48,16336.0,United Kingdom
564350,20725,LUNCH BAG RED RETROSPOT,6,2025-02-03 09:49:57,1.48,14232.0,EIRE
558425,22423,REGENCY CAKESTAND 3 TIER,18,2025-06-22 20:38:36,12.75,13293.0,United Kingdom
560607,POST,POSTAGE,8,2025-03-24 08:40:20,19.8,16038.0,United Kingdom
544404,85099B,JUMBO BAG RED RETROSPOT,8,2025-05-29 11:54:30,2.08,16623.0,France
569401,85099B,JUMBO BAG RED RETROSPOT,11,2025-06-09 20:32:48,2.08,15903.0,United Kingdom
542267,85099B,JUMBO BAG RED RETROSPOT,11,2025-08-15 00:04:22,1.87,15398.0,United Kingdom
559616,85099B,JUMBO BAG RED RETROSPOT,12,2025-12-12 16:05:43,2.08,12014.0,Netherlands
556631,21977,PACK OF 60 PINK PAISLEY CAKE CASES,16,2025-11-07 12:42:00,0.61,15827.0,United Kingdom
539140,85099B,JUMBO BAG RED RETROSPOT,6,2025-05-19 08:14:08,2.29,15710.0,United Kingdom
562337,22423,REGENCY CAKESTAND 3 TIER,14,2025-04-29 06:11:59,14.02,14474.0,United Kingdom
538637,POST,POSTAGE,4,2025-10-09 14:13:36,18.0,13462.0,United Kingdom
553325,POST,POSTAGE,5,2025-02-15 10:15:24,18.0,17874.0,EIRE
563739,85099B,JUMBO BAG RED RETROSPOT,10,2025-07-17 09:29:11,2.08,14251.0,United Kingdom
540256,POST,POSTAGE,10,2025-06-04 16:08:16,19.8,13632.0,Netherlands
548263,85099B,JUMBO BAG RED RETROSPOT,13,2025-03-08 09:35:17,1.87,16238.0,Germany
553282,85099B,JUMBO BAG RED RETROSPOT,3,2025-08-14 19:26:01,2.29,14891.0,Netherlands
567425,POST,POSTAGE,16,2025-04-28 06:50:14,19.8,,EIRE
548986,21977,PACK OF 60 PINK PAISLEY CAKE CASES,11,2025-03-09 16:48:41,0.61,,Netherlands
540020,20725,LUNCH BAG RED RETROSPOT,12,2025-08-27 13:31:11,1.65,14211.0,Germany
540468,85099B,JUMBO BAG RED RETROSPOT,15,2025-03-05 21:30:40,2.08,12913.0,United Kingdom
542758,85099B,JUMBO BAG RED RETROSPOT,14,2025-09-03 09:36:28,2.29,13004.0,United Kingdom
565465,85123A,WHITE HANGING HEART T-LIGHT HOLDER,9,2025-03-01 05:38:02,2.3,17637.0,Germany
562287,POST,POSTAGE,10,2025-06-08 09:33:52,19.8,15032.0,United Kingdom
550204,22423,REGENCY CAKESTAND 3 TIER,5,2025-10-22 15:52:23,12.75,14502.0,France
564814,85099B,JUMBO BAG RED RETROSPOT,11,2025-03-25 10:19:01,2.08,13916.0,United Kingdom
567225,85123A,WHITE HANGING HEART T-LIGHT HOLDER,4,2025-10-08 21:21:21,2.55,16329.0,EIRE
565484,21977,PACK OF 60 PINK PAISLEY CAKE CASES,13,2025-09-21 03:44:28,0.5,17477.0,United Kingdom
536154,85099B,JUMBO BAG RED RETROSPOT,8,2025-11-26 07:24:14,2.29,16613.0,Netherlands
539370,20725,LUNCH BAG RED RETROSPOT,5,2025-03-03 23:35:54,1.65,15206.0,United Kingdom
560666,85099B,JUMBO BAG RED RETROSPOT,10,2025-09-19 19:11:12,2.08,14852.0,United Kingdom
548981,85123A,WHITE HANGING HEART T-LIGHT HOLDER,18,2025-12-08 01:50:44,2.3,17195.0,EIRE
541401,85123A,WHITE HANGING HEART T-LIGHT HOLDER,11,2025-10-06 22:33:54,2.8,17137.0,EIRE
557977,85123A,WHITE HANGING HEART T-LIGHT HOLDER,7,2025-03-10 10:13:15,2.8,14341.0,France
548085,20725,LUNCH BAG RED RETROSPOT,9,2025-10-28 15:27:10,1.82,17785.0,Netherlands
567239,20725,LUNCH BAG RED RETROSPOT,12,2025-02-09 00:24:03,1.48,16964.0,United Kingdom
555611,85099B,JUMBO BAG RED RETROSPOT,3,2025-08-03 03:56:32,1.87,17077.0,EIRE
544126,85099B,JUMBO BAG RED RETROSPOT,11,2025-07-01 16:45:52,2.08,12339.0,United Kingdom
567775,22423,REGENCY CAKESTAND 3 TIER,1,2025-07-13 06:15:38,11.48,12780.0,United Kingdom
C556411,POST,POSTAGE,-17,2025-07-09 02:49:25,18.0,13788.0,United Kingdom
546074,POST,POSTAGE,12,2025-01-12 16:19:10,18.0,16567.0,United Kingdom
540879,20725,LUNCH BAG RED RETROSPOT,3,2025-07-05 05:12:46,1.65,12469.0,Germany
554870,85123A,WHITE HANGING HEART T-LIGHT HOLDER,9,2025-12-08 20:47:17,2.8,12497.0,France
561407,85099B,JUMBO BAG RED RETROSPOT,17,2025-06-09 04:17:17,2.08,12189.0,United Kingdom
564420,POST,POSTAGE,19,2025-04-12 00:34:12,18.0,13151.0,Netherlands
540335,22423,REGENCY CAKESTAND 3 TIER,3,2025-12-30 09:22:27,14.02,17513.0,United Kingdom
550691,21977,PACK OF 60 PINK PAISLEY CAKE CASES,6,2025-02-06 07:49:55,0.55,16327.0,United Kingdom
569999,POST,POSTAGE,3,2025-06-27 15:19:26,19.8,16301.0,Germany
558469,20725,LUNCH BAG RED RETROSPOT,8,2025-07-07 05:36:20,1.82,13755.0,United Kingdom
C539137,21977,PACK OF 60 PINK PAISLEY CAKE CASES,-17,2025-06-24 23:32:18,0.61,15750.0,United Kingdom
567180,85099B,JUMBO BAG RED RETROSPOT,14,2025-12-03 10:07:46,2.08,16673.0,France
559301,POST,POSTAGE,5,2025-06-03 17:01:04,18.0,15194.0,United Kingdom
551644,85099B,JUMBO BAG RED RETROSPOT,7,2025-12-22 18:26:36,2.08,17136.0,United Kingdom
562419,POST,POSTAGE,12,2025-01-25 21:12:58,18.0,15417.0,France
558045,85099B,JUMBO BAG RED RETROSPOT,12,2025-09-25 12:04:02,2.29,13947.0,United Kingdom
544771,20725,LUNCH BAG RED RETROSPOT,9,2025-08-05 05:27:29,1.82,15832.0,EIRE
563079,POST,POSTAGE,9,2025-03-29 12:26:20,18.0,17658.0,EIRE
544664,21977,PACK OF 60 PINK PAISLEY CAKE CASES,18,2025-03-25 10:12:57,0.55,16959.0,United Kingdom
543782,22423,REGENCY CAKESTAND 3 TIER,10,2025-09-20 14:36:59,12.75,,United Kingdom
556268,85123A,WHITE HANGING HEART T-LIGHT HOLDER,15,2025-08-21 05:40:12,2.3,15581.0,United Kingdom
536634,20725,LUNCH BAG RED RETROSPOT,19,2025-08-12 12:22:34,1.48,,Germany
557436,21977,PACK OF 60 PINK PAISLEY CAKE CASES,7,2025-01-19 22:59:04,0.5,16491.0,United Kingdom
554719,22423,REGENCY CAKESTAND 3 TIER,15,2025-08-07 16:31:05,14.02,15015.0,Netherlands
560497,20725,LUNCH BAG RED RETROSPOT,16,2025-12-25 22:58:44,1.65,13685.0,United Kingdom
541416,POST,POSTAGE,5,2025-01-07 02:34:08,16.2,,France
555729,POST,POSTAGE,5,2025-06-21 15:41:26,18.0,,United Kingdom
551015,21977,PACK OF 60 PINK PAISLEY CAKE CASES,4,2025-06-30 00:32:50,0.5,12424.0,United Kingdom
541931,POST,POSTAGE,12,2025-11-24 04:52:19,18.0,12191.0,United Kingdom
551365,20725,LUNCH BAG RED RETROSPOT,15,2025-04-14 19:50:34,1.65,12690.0,Germany
567420,85123A,WHITE HANGING HEART T-LIGHT HOLDER,15,2025-06-23 02:25:30,2.3,14319.0,Netherlands
564025,POST,POSTAGE,8,2025-09-19 11:29:37,18.0,12959.0,United Kingdom
541664,21977,PACK OF 60 PINK PAISLEY CAKE CASES,14,2025-01-23 01:40:36,0.5,,United Kingdom
564788,POST,POSTAGE,1,2025-10-20 07:09:48,18.0,17485.0,United Kingdom
555218,20725,LUNCH BAG RED RETROSPOT,13,2025-10-28 02:57:54,1.65,13083.0,United Kingdom
537603,21977,PACK OF 60 PINK PAISLEY CAKE CASES,10,2025-09-20 10:54:11,0.55,16974.0,Spain
C567280,22423,REGENCY CAKESTAND 3 TIER,-16,2025-08-25 15:25:51,11.48,12848.0,Netherlands
553881,85123A,WHITE HANGING HEART T-LIGHT HOLDER,19,2025-09-30 15:36:07,2.55,16723.0,Spain
567040,22423,REGENCY CAKESTAND 3 TIER,11,2025-10-13 22:22:39,14.02,,United Kingdom
539345,21977,PACK OF 60 PINK PAISLEY CAKE CASES,12,2025-11-26 02:55:15,0.55,12241.0,United Kingdom
541708,20725,LUNCH BAG RED RETROSPOT,18,2025-06-06 09:36:35,1.82,14569.0,France
566664,85123A,WHITE HANGING HEART T-LIGHT HOLDER,7,2025-06-16 12:34:00,2.55,16936.0,United Kingdom
544112,85123A,WHITE HANGING HEART T-LIGHT HOLDER,3,2025-08-21 02:04:03,2.8,17600.0,Germany
554678,21977,PACK OF 60 PINK PAISLEY CAKE CASES,10,2025-03-12 02:39:25,0.5,12726.0,United Kingdom
556462,22423,REGENCY CAKESTAND 3 TIER,7,2025-11-09 07:26:52,14.02,17016.0,United Kingdom
568241,85123A,WHITE HANGING HEART T-LIGHT HOLDER,13,2025-10-09 20:37:46,2.55,13759.0,Spain
547463,85123A,WHITE HANGING HEART T-LIGHT HOLDER,15,2025-08-19 14:04:11,2.8,14784.0,United Kingdom
561627,21977,PACK OF 60 PINK PAISLEY CAKE CASES,10,2025-04-21 13:29:49,0.55,12652.0,Netherlands
560850,21977,PACK OF 60 PINK PAISLEY CAKE CASES,6,2025-05-07 13:13:29,0.55,17837.0,United Kingdom
559830,20725,LUNCH BAG RED RETROSPOT,11,2025-06-08 19:27:38,1.48,16741.0,United Kingdom
553761,22423,REGENCY CAKESTAND 3 TIER,9,2025-08-30 13:04:36,12.75,15853.0,United Kingdom
538417,85123A,WHITE HANGING HEART T-LIGHT HOLDER,4,2025-10-11 17:18:14,2.55,16362.0,United Kingdom
545047,20725,LUNCH BAG RED RETROSPOT,15,2025-09-03 07:25:37,1.82,17241.0,United Kingdom
555072,POST,POSTAGE,7,2025-12-06 19:33:58,18.0,12860.0,United Kingdom
549975,85099B,JUMBO BAG RED RETROSPOT,11,2025-12-17 00:46:35,2.08,13476.0,Germany
542275,20725,LUNCH BAG RED RETROSPOT,18,2025-09-15 08:12:12,1.48,12224.0,Spain
559497,20725,LUNCH BAG RED RETROSPOT,4,2025-05-16 06:00:16,1.65,14933.0,United Kingdom
551680,POST,POSTAGE,9,2025-08-07 03:20:49,18.0,14964.0,United Kingdom
562694,85099B,JUMBO BAG RED RETROSPOT,4,2025-06-05 12:53:12,1.87,12178.0,United Kingdom
554642,85123A,WHITE HANGING HEART T-LIGHT HOLDER,9,2025-08-18 21:23:54,2.8,15969.0,EIRE
548565,85123A,WHITE HANGING HEART T-LIGHT HOLDER,6,2025-10-24 03:53:54,2.55,12053.0,Germany
539700,20725,LUNCH BAG RED RETROSPOT,18,2025-05-15 21:13:52,1.48,16757.0,United Kingdom
539569,20725,LUNCH BAG RED RETROSPOT,6,2025-07-04 20:34:15,1.82,16232.0,United Kingdom
553243,85099B,JUMBO BAG RED RETROSPOT,12,2025-01-17 21:11:54,2.08,16890.0,United Kingdom
548011,85123A,WHITE HANGING HEART T-LIGHT HOLDER,3,2025-09-26 00:08:48,2.55,12709.0,United Kingdom
560419,85123A,WHITE HANGING HEART T-LIGHT HOLDER,9,2025-06-28 23:44:33,2.8,17222.0,United Kingdom
557436,21977,PACK OF 60 PINK PAISLEY CAKE CASES,16,2025-06-17 10:15:40,0.55,15286.0,Netherlands
545666,POST,POSTAGE,13,2025-07-14 14:18:28,18.0,17180.0,United Kingdom
561834,85099B,JUMBO BAG RED RETROSPOT,6,2025-03-20 07:19:02,2.08,16176.0,United Kingdom
555237,21977,PACK OF 60 PINK PAISLEY CAKE CASES,19,2025-08-07 12:17:59,0.61,15938.0,United Kingdom
565908,21977,PACK OF 60 PINK PAISLEY CAKE CASES,16,2025-09-29 13:12:08,0.61,12193.0,Germany
568405,POST,POSTAGE,8,2025-05-08 19:08:09,19.8,16151.0,United Kingdom
568706,20725,LUNCH BAG RED RETROSPOT,19,2025-02-17 08:11:39,1.82,14692.0,United Kingdom
540314,85123A,WHITE HANGING HEART T-LIGHT HOLDER,4,2025-05-22 02:38:35,2.3,17095.0,United Kingdom
553998,21977,PACK OF 60 PINK PAISLEY CAKE CASES,7,2025-03-14 14:04:34,0.55,16104.0,France
536979,20725,LUNCH BAG RED RETROSPOT,18,2025-05-17 18:47:35,1.65,12446.0,United Kingdom
565927,POST,POSTAGE,19,2025-08-17 00:22:32,18.0,,Netherlands
559888,21977,PACK OF 60 PINK PAISLEY CAKE CASES,16,2025-02-11 19:29:36,0.61,12377.0,United Kingdom
544910,85123A,WHITE HANGING HEART T-LIGHT HOLDER,4,2025-09-30 19:17:04,2.55,13795.0,United Kingdom
556647,21977,PACK OF 60 PINK PAISLEY CAKE CASES,5,2025-03-23 13:51:09,0.61,13300.0,Netherlands
555028,21977,PACK OF 60 PINK PAISLEY CAKE CASES,13,2025-11-23 22:45:23,0.61,17845.0,EIRE
554472,22423,REGENCY CAKESTAND 3 TIER,2,2025-09-25 09:18:36,12.75,,United Kingdom
554339,POST,POSTAGE,19,2025-04-10 03:12:06,16.2,17067.0,EIRE
569461,22423,REGENCY CAKESTAND 3 TIER,18,2025-07-25 15:44:58,12.75,13333.0,United Kingdom
562135,POST,POSTAGE,16,2025-02-10 14:38:12,19.8,15903.0,United Kingdom
549684,85099B,JUMBO BAG RED RETROSPOT,19,2025-02-06 21:57:37,2.08,,EIRE
562286,85123A,WHITE HANGING HEART T-LIGHT HOLDER,5,2025-12-15 05:22:59,2.3,14351.0,France
540793,21977,PACK OF 60 PINK PAISLEY CAKE CASES,17,2025-10-20 03:47:28,0.55,15738.0,United Kingdom
545701,21977,PACK OF 60 PINK PAISLEY CAKE CASES,5,2025-02-26 16:17:57,0.61,16266.0,Germany
539989,20725,LUNCH BAG RED RETROSPOT,3,2025-04-14 07:27:59,1.65,17234.0,United Kingdom
566119,21977,PACK OF 60 PINK PAISLEY CAKE CASES,5,2025-03-14 04:26:16,0.55,16897.0,United Kingdom
536810,85123A,WHITE HANGING HEART T-LIGHT HOLDER,15,2025-05-25 16:06:50,2.55,15111.0,Netherlands
566310,POST,POSTAGE,18,2025-04-17 04:26:53,18.0,13819.0,United Kingdom
564297,21977,PACK OF 60 PINK PAISLEY CAKE CASES,12,2025-04-30 19:59:49,0.55,13567.0,Germany
568240,22423,REGENCY CAKESTAND 3 TIER,5,2025-07-13 07:28:02,12.75,17956.0,Germany
562040,POST,POSTAGE,12,2025-03-11 15:38:58,19.8,15649.0,Germany
551559,85123A,WHITE HANGING HEART T-LIGHT HOLDER,10,2025-11-19 13:51:17,2.8,17451.0,United Kingdom
563593,85123A,WHITE HANGING HEART T-LIGHT HOLDER,10,2025-09-23 14:10:48,2.8,14602.0,Netherlands
569572,85099B,JUMBO BAG RED RETROSPOT,7,2025-10-05 07:17:59,2.29,14913.0,Germany
566344,21977,PACK OF 60 PINK PAISLEY CAKE CASES,3,2025-03-03 02:03:28,0.61,16954.0,France
562686,85099B,JUMBO BAG RED RETROSPOT,7,2025-09-16 15:20:49,1.87,,United Kingdom
562069,POST,POSTAGE,17,2025-11-02 10:24:33,18.0,13204.0,United Kingdom
558208,22423,REGENCY CAKESTAND 3 TIER,8,2025-03-05 23:26:51,12.75,15144.0,United Kingdom
566321,POST,POSTAGE,1,2025-10-02 21:21:51,19.8,13280.0,United Kingdom
550696,85123A,WHITE HANGING HEART T-LIGHT HOLDER,7,2025-05-11 01:47:10,2.3,16565.0,United Kingdom
553026,85123A,WHITE HANGING HEART T-LIGHT HOLDER,9,2025-10-15 08:40:45,2.8,12179.0,Germany
564642,85123A,WHITE HANGING HEART T-LIGHT HOLDER,12,2025-06-24 09:58:28,2.55,16961.0,Spain
544923,85123A,WHITE HANGING HEART T-LIGHT HOLDER,13,2025-10-20 09:08:38,2.3,,United Kingdom
561980,85099B,JUMBO BAG RED RETROSPOT,9,2025-02-23 17:21:36,2.08,12139.0,United Kingdom
539752,20725,LUNCH BAG RED RETROSPOT,3,2025-05-23 08:34:52,1.65,15782.0,France
555908,20725,LUNCH BAG RED RETROSPOT,9,2025-04-10 03:40:07,1.65,12474.0,United Kingdom
537185,20725,LUNCH BAG RED RETROSPOT,1,2025-04-01 08:42:21,1.82,14161.0,Netherlands
569902,85123A,WHITE HANGING HEART T-LIGHT HOLDER,10,2025-04-23 18:53:21,2.8,14018.0,United Kingdom
564628,20725,LUNCH BAG RED RETROSPOT,9,2025-05-20 09:42:51,1.82,15118.0,United Kingdom
544481,85099B,JUMBO BAG RED RETROSPOT,7,2025-02-16 06:51:06,2.08,17505.0,United Kingdom
541106,20725,LUNCH BAG RED RETROSPOT,13,2025-09-16 18:33:38,1.65,14769.0,Netherlands
557819,20725,LUNCH BAG RED RETROSPOT,15,2025-07-20 01:34:59,1.65,,United Kingdom
566654,85123A,WHITE HANGING HEART T-LIGHT HOLDER,6,2025-10-30 10:55:17,2.55,12556.0,Germany
546918,85099B,JUMBO BAG RED RETROSPOT,10,2025-09-15 02:28:31,2.08,17325.0,United Kingdom
568691,POST,POSTAGE,10,2025-02-24 14:34:12,18.0,,United Kingdom
551566,22423,REGENCY CAKESTAND 3 TIER,10,2025-01-26 21:35:59,12.75,14774.0,Spain
551018,20725,LUNCH BAG RED RETROSPOT,8,2025-06-04 10:37:05,1.65,12553.0,United Kingdom
547524,POST,POSTAGE,4,2025-06-25 23:33:30,16.2,13733.0,United Kingdom
545203,85099B,JUMBO BAG RED RETROSPOT,4,2025-03-29 20:58:19,1.87,15320.0,United Kingdom
547374,85099B,JUMBO BAG RED RETROSPOT,1,2025-10-13 17:27:57,2.29,17403.0,Spain
541880,85099B,JUMBO BAG RED RETROSPOT,1,2025-08-01 04:17:23,2.29,,United Kingdom
548812,20725,LUNCH BAG RED RETROSPOT,16,2025-10-01 00:47:15,1.65,15364.0,United Kingdom
545852,85099B,JUMBO BAG RED RETROSPOT,2,2025-02-09 02:56:58,1.87,17253.0,Netherlands
537927,85099B,JUMBO BAG RED RETROSPOT,17,2025-10-25 08:21:21,2.08,14162.0,France
548328,22423,REGENCY CAKESTAND 3 TIER,18,2025-03-17 09:47:07,12.75,13768.0,Spain
537355,POST,POSTAGE,5,2025-06-13 05:02:31,16.2,12266.0,France
542153,POST,POSTAGE,9,2025-06-10 23:22:58,18.0,17447.0,France
560647,21977,PACK OF 60 PINK PAISLEY CAKE CASES,7,2025-10-27 17:49:50,0.61,12665.0,United Kingdom
536855,POST,POSTAGE,8,2025-04-12 16:47:42,19.8,13292.0,United Kingdom
546570,21977,PACK OF 60 PINK PAISLEY CAKE CASES,7,2025-03-29 15:37:37,0.61,12835.0,France
559262,POST,POSTAGE,7,2025-05-04 14:47:25,16.2,16245.0,France
536721,85123A,WHITE HANGING HEART T-LIGHT HOLDER,14,2025-05-12 21:09:52,2.55,14189.0,Netherlands
561069,22423,REGENCY CAKESTAND 3 TIER,8,2025-03-08 09:22:04,12.75,16229.0,Germany
538770,POST,POSTAGE,4,2025-03-06 03:22:15,18.0,15643.0,United Kingdom
537876,85099B,JUMBO BAG RED RETROSPOT,8,2025-03-26 07:05:01,2.08,12090.0,United Kingdom
542658,85099B,JUMBO BAG RED RETROSPOT,19,2025-06-20 05:29:31,2.08,13845.0,Germany
565251,20725,LUNCH BAG RED RETROSPOT,19,2025-05-06 22:57:28,1.48,12024.0,United Kingdom
537639,21977,PACK OF 60 PINK PAISLEY CAKE CASES,2,2025-05-24 13:36:30,0.55,12393.0,EIRE
539356,85099B,JUMBO BAG RED RETROSPOT,11,2025-09-20 10:14:45,2.08,14838.0,Germany
C568169,85099B,JUMBO BAG RED RETROSPOT,-19,2025-03-29 00:37:06,2.08,13588.0,United Kingdom
556742,85099B,JUMBO BAG RED RETROSPOT,4,2025-11-29 17:03:57,2.08,12534.0,Germany
555324,85123A,WHITE HANGING HEART T-LIGHT HOLDER,2,2025-10-02 15:31:09,2.55,14452.0,Germany
537374,22423,REGENCY CAKESTAND 3 TIER,5,2025-03-05 19:27:01,11.48,,Netherlands
549396,85099B,JUMBO BAG RED RETROSPOT,7,2025-04-25 03:08:45,2.08,17953.0,United Kingdom
555597,20725,LUNCH BAG RED RETROSPOT,18,2025-03-08 15:46:49,1.48,15969.0,Germany
554112,85099B,JUMBO BAG RED RETROSPOT,5,2025-04-10 08:41:10,2.29,14357.0,United Kingdom
553724,85099B,JUMBO BAG RED RETROSPOT,7,2025-05-14 05:34:57,2.29,,United Kingdom
539835,21977,PACK OF 60 PINK PAISLEY CAKE CASES,5,2025-02-17 05:22:33,0.55,12535.0,United Kingdom
C569622,85123A,WHITE HANGING HEART T-LIGHT HOLDER,-8,2025-01-06 06:54:41,2.8,14319.0,Spain
559862,85099B,JUMBO BAG RED RETROSPOT,19,2025-06-10 17:35:32,2.08,15486.0,Netherlands
C544213,85123A,WHITE HANGING HEART T-LIGHT HOLDER,-2,2025-09-13 00:33:05,2.8,12125.0,United Kingdom
568966,21977,PACK OF 60 PINK PAISLEY CAKE CASES,9,2025-04-21 22:44:13,0.61,17517.0,Germany
546250,85123A,WHITE HANGING HEART T-LIGHT HOLDER,12,2025-11-11 23:15:54,2.55,15090.0,United Kingdom
540442,85099B,JUMBO BAG RED RETROSPOT,3,2025-05-15 23:13:44,2.08,16720.0,Germany
566362,21977,PACK OF 60 PINK PAISLEY CAKE CASES,1,2025-11-25 20:01:54,0.55,13653.0,United Kingdom
541188,20725,LUNCH BAG RED RETROSPOT,19,2025-03-28 07:46:14,1.48,17017.0,France
538069,20725,LUNCH BAG RED RETROSPOT,6,2025-07-16 09:41:46,1.65,14201.0,United Kingdom
C557374,POST,POSTAGE,-5,2025-10-06 03:02:30,18.0,17569.0,France
544976,21977,PACK OF 60 PINK PAISLEY CAKE CASES,7,2025-01-22 21:25:05,0.5,,United Kingdom
541165,85099B,JUMBO BAG RED RETROSPOT,2,2025-12-06 18:29:25,2.08,,Germany
539480,22423,REGENCY CAKESTAND 3 TIER,3,2025-05-14 03:41:17,14.02,13222.0,Germany
540285,85123A,WHITE HANGING HEART T-LIGHT HOLDER,1,2025-07-01 23:45:49,2.8,17969.0,United Kingdom
568673,22423,REGENCY CAKESTAND 3 TIER,11,2025-08-18 01:00:32,14.02,13155.0,United Kingdom
558796,85123A,WHITE HANGING HEART T-LIGHT HOLDER,9,2025-08-23 18:25:04,2.8,12199.0,EIRE
564656,85099B,JUMBO BAG RED RETROSPOT,6,2025-01-09 03:14:49,2.08,14638.0,Germany
557034,20725,LUNCH BAG RED RETROSPOT,18,2025-11-13 17:59:39,1.65,17009.0,United Kingdom
554473,21977,PACK OF 60 PINK PAISLEY CAKE CASES,6,2025-08-16 21:12:07,0.55,17527.0,United Kingdom
543403,22423,REGENCY CAKESTAND 3 TIER,1,2025-12-31 22:48:29,14.02,17142.0,United Kingdom
568888,85099B,JUMBO BAG RED RETROSPOT,2,2025-06-22 03:51:06,1.87,15318.0,Germany
563988,85123A,WHITE HANGING HEART T-LIGHT HOLDER,14,2025-08-12 03:56:52,2.55,17500.0,Germany
553962,85099B,JUMBO BAG RED RETROSPOT,11,2025-06-10 01:38:06,2.29,14952.0,United Kingdom
539578,85099B,JUMBO BAG RED RETROSPOT,5,2025-11-21 19:43:50,1.87,14869.0,Germany
561844,22423,REGENCY CAKESTAND 3 TIER,5,2025-10-31 04:27:11,12.75,13084.0,France
547307,22423,REGENCY CAKESTAND 3 TIER,5,2025-11-28 09:22:32,12.75,16726.0,France
543111,POST,POSTAGE,9,2025-07-04 09:57:41,18.0,13896.0,United Kingdom
561121,85099B,JUMBO BAG RED RETROSPOT,14,2025-10-16 08:25:06,2.08,13170.0,United Kingdom
564462,21977,PACK OF 60 PINK PAISLEY CAKE CASES,13,2025-05-11 11:54:51,0.61,14217.0,United Kingdom
556872,85123A,WHITE HANGING HEART T-LIGHT HOLDER,15,2025-06-18 08:22:17,2.3,15618.0,United Kingdom
538514,85123A,WHITE HANGING HEART T-LIGHT HOLDER,1,2025-10-05 05:39:43,2.8,13620.0,United Kingdom
556402,85099B,JUMBO BAG RED RETROSPOT,11,2025-01-30 09:18:30,1.87,14151.0,United Kingdom
567241,POST,POSTAGE,15,2025-09-17 19:20:13,16.2,13980.0,United Kingdom
559333,85123A,WHITE HANGING HEART T-LIGHT HOLDER,4,2025-01-06 02:49:53,2.8,15577.0,Germany
545026,22423,REGENCY CAKESTAND 3 TIER,12,2025-07-31 23:02:10,11.48,16284.0,United Kingdom
557979,POST,POSTAGE,1,2025-06-24 09:50:14,18.0,16053.0,France
544465,85099B,JUMBO BAG RED RETROSPOT,18,2025-06-21 06:58:48,1.87,12846.0,United Kingdom
565725,22423,REGENCY CAKESTAND 3 TIER,15,2025-06-30 10:40:34,11.48,14082.0,Germany
564757,21977,PACK OF 60 PINK PAISLEY CAKE CASES,12,2025-06-29 22:20:45,0.5,15890.0,United Kingdom
555338,85099B,JUMBO BAG RED RETROSPOT,12,2025-05-29 19:25:06,2.08,,EIRE
540598,POST,POSTAGE,13,2025-06-14 19:37:48,18.0,12416.0,EIRE
549643,85123A,WHITE HANGING HEART T-LIGHT HOLDER,9,2025-07-27 05:17:21,2.3,13930.0,United Kingdom
540107,20725,LUNCH BAG RED RETROSPOT,19,2025-10-06 21:15:52,1.65,16072.0,Germany
562047,22423,REGENCY CAKESTAND 3 TIER,5,2025-07-21 16:56:50,11.48,,United Kingdom
559142,20725,LUNCH BAG RED RETROSPOT,16,2025-08-23 01:25:57,1.65,12778.0,Germany
C544814,20725,LUNCH BAG RED RETROSPOT,-15,2025-11-02 10:15:01,1.65,16061.0,United Kingdom
565112,20725,LUNCH BAG RED RETROSPOT,16,2025-12-28 20:01:01,1.65,13166.0,United Kingdom
561826,20725,LUNCH BAG RED RETROSPOT,2,2025-02-09 12:46:46,1.65,16447.0,United Kingdom
567837,20725,LUNCH BAG RED RETROSPOT,9,2025-09-18 14:03:43,1.65,15399.0,Spain
545519,85123A,WHITE HANGING HEART T-LIGHT HOLDER,13,2025-03-24 08:59:34,2.8,12759.0,United Kingdom
541940,85123A,WHITE HANGING HEART T-LIGHT HOLDER,12,2025-03-13 00:55:05,2.3,14101.0,Germany
552332,85099B,JUMBO BAG RED RETROSPOT,14,2025-10-17 21:15:07,2.08,16911.0,United Kingdom
545014,85099B,JUMBO BAG RED RETROSPOT,13,2025-01-26 18:05:15,2.08,14596.0,United Kingdom
561132,22423,REGENCY CAKESTAND 3 TIER,5,2025-11-06 06:31:07,12.75,16128.0,United Kingdom
550466,20725,LUNCH BAG RED RETROSPOT,16,2025-10-09 05:48:04,1.65,16489.0,Netherlands
557340,20725,LUNCH BAG RED RETROSPOT,10,2025-12-30 12:26:04,1.65,12183.0,EIRE
541840,POST,POSTAGE,19,2025-09-01 19:07:47,19.8,17588.0,United Kingdom
538913,85099B,JUMBO BAG RED RETROSPOT,10,2025-11-15 02:05:01,2.29,,France
567879,20725,LUNCH BAG RED RETROSPOT,11,2025-02-13 15:01:25,1.65,,United Kingdom
551183,20725,LUNCH BAG RED RETROSPOT,12,2025-11-21 20:19:36,1.82,14800.0,United Kingdom
540738,POST,POSTAGE,17,2025-02-28 11:48:57,16.2,15461.0,United Kingdom
563603,20725,LUNCH BAG RED RETROSPOT,18,2025-04-25 01:16:09,1.65,14163.0,United Kingdom
540512,22423,REGENCY CAKESTAND 3 TIER,12,2025-02-16 00:33:40,14.02,17119.0,United Kingdom
569890,85123A,WHITE HANGING HEART T-LIGHT HOLDER,11,2025-05-27 03:53:25,2.3,12704.0,France
549125,POST,POSTAGE,2,2025-10-01 21:21:07,19.8,17376.0,United Kingdom
551871,20725,LUNCH BAG RED RETROSPOT,2,2025-04-08 10:59:24,1.48,13244.0,Spain
544817,20725,LUNCH BAG RED RETROSPOT,14,2025-10-28 03:32:29,1.82,17298.0,Germany
538921,20725,LUNCH BAG RED RETROSPOT,7,2025-08-10 21:43:02,1.48,12147.0,EIRE
549898,20725,LUNCH BAG RED RETROSPOT,9,2025-08-18 19:54:45,1.65,12082.0,Germany
548450,20725,LUNCH BAG RED RETROSPOT,12,2025-12-09 03:31:37,1.82,12558.0,Spain
551233,POST,POSTAGE,5,2025-06-07 16:30:57,19.8,15287.0,United Kingdom
552657,POST,POSTAGE,7,2025-05-06 07:56:10,18.0,13597.0,United Kingdom
557440,85099B,JUMBO BAG RED RETROSPOT,1,2025-12-30 01:40:11,2.29,15587.0,United Kingdom
538496,85123A,WHITE HANGING HEART T-LIGHT HOLDER,15,2025-07-23 01:29:17,2.3,16919.0,Spain
548327,85123A,WHITE HANGING HEART T-LIGHT HOLDER,10,2025-08-13 13:00:47,2.3,12162.0,United Kingdom
565384,85099B,JUMBO BAG RED RETROSPOT,4,2025-04-19 20:14:38,1.87,15159.0,Germany
568361,20725,LUNCH BAG RED RETROSPOT,12,2025-03-20 23:04:55,1.65,16435.0,France
554318,20725,LUNCH BAG RED RETROSPOT,3,2025-03-03 16:55:47,1.82,14546.0,United Kingdom
548449,85099B,JUMBO BAG RED RETROSPOT,15,2025-03-23 22:08:50,2.29,17550.0,Spain
550147,22423,REGENCY CAKESTAND 3 TIER,5,2025-03-13 05:39:27,12.75,15972.0,United Kingdom
562594,85099B,JUMBO BAG RED RETROSPOT,6,2025-09-30 03:30:40,1.87,12207.0,United Kingdom
549504,20725,LUNCH BAG RED RETROSPOT,17,2025-01-22 02:39:17,1.48,15249.0,Germany
568126,21977,PACK OF 60 PINK PAISLEY CAKE CASES,15,2025-08-18 04:09:23,0.55,14303.0,United Kingdom
536962,85123A,WHITE HANGING HEART T-LIGHT HOLDER,13,2025-12-13 18:05:31,2.8,12789.0,United Kingdom
556602,85099B,JUMBO BAG RED RETROSPOT,12,2025-10-07 03:41:13,2.29,17702.0,United Kingdom
553641,21977,PACK OF 60 PINK PAISLEY CAKE CASES,10,2025-05-28 10:22:42,0.55,13335.0,United Kingdom
551354,85099B,JUMBO BAG RED RETROSPOT,4,2025-01-22 18:08:53,2.29,,France
552169,20725,LUNCH BAG RED RETROSPOT,6,2025-11-01 22:14:45,1.65,13335.0,Spain
541401,POST,POSTAGE,19,2025-01-02 03:51:29,16.2,16938.0,United Kingdom
547760,85123A,WHITE HANGING HEART T-LIGHT HOLDER,18,2025-09-06 04:28:42,2.55,15599.0,United Kingdom
548016,22423,REGENCY CAKESTAND 3 TIER,14,2025-09-02 01:32:59,11.48,16919.0,United Kingdom
558395,85099B,JUMBO BAG RED RETROSPOT,17,2025-03-12 02:41:35,2.08,14769.0,Spain
556339,22423,REGENCY CAKESTAND 3 TIER,16,2025-09-28 09:22:04,12.75,12701.0,France
549975,85099B,JUMBO BAG RED RETROSPOT,8,2025-03-06 07:32:54,2.08,14325.0,United Kingdom
553588,85123A,WHITE HANGING HEART T-LIGHT HOLDER,14,2025-03-24 23:12:19,2.3,13198.0,United Kingdom
555439,85123A,WHITE HANGING HEART T-LIGHT HOLDER,15,2025-10-24 10:39:49,2.8,15339.0,Spain
C537604,20725,LUNCH BAG RED RETROSPOT,-3,2025-12-24 07:23:53,1.65,,Spain
566091,85123A,WHITE HANGING HEART T-LIGHT HOLDER,18,2025-04-07 11:15:44,2.8,17820.0,United Kingdom
566342,20725,LUNCH BAG RED RETROSPOT,10,2025-12-03 17:22:53,1.65,14263.0,EIRE
548372,22423,REGENCY CAKESTAND 3 TIER,6,2025-11-30 08:06:08,12.75,,United Kingdom
C561876,22423,REGENCY CAKESTAND 3 TIER,-10,2025-10-08 03:27:18,12.75,17906.0,United Kingdom
C549529,85123A,WHITE HANGING HEART T-LIGHT HOLDER,-7,2025-02-21 10:05:52,2.55,15121.0,France
538299,85123A,WHITE HANGING HEART T-LIGHT HOLDER,7,2025-04-20 14:54:27,2.3,13022.0,United Kingdom
565440,85099B,JUMBO BAG RED RETROSPOT,11,2025-09-05 07:35:31,2.29,14882.0,United Kingdom
545100,20725,LUNCH BAG RED RETROSPOT,19,2025-12-31 13:56:52,1.65,13528.0,Spain
548175,POST,POSTAGE,8,2025-10-25 07:47:09,16.2,16299.0,EIRE
555575,85123A,WHITE HANGING HEART T-LIGHT HOLDER,5,2025-06-03 21:42:00,2.8,15442.0,United Kingdom
550938,85123A,WHITE HANGING HEART T-LIGHT HOLDER,15,2025-03-27 21:18:15,2.3,16381.0,Germany
545037,85123A,WHITE HANGING HEART T-LIGHT HOLDER,6,2025-12-17 17:11:50,2.55,17640.0,EIRE
C563227,20725,LUNCH BAG RED RETROSPOT,-11,2025-04-11 20:06:05,1.82,16374.0,Germany
548104,85123A,WHITE HANGING HEART T-LIGHT HOLDER,5,2025-05-05 02:53:55,2.55,14043.0,Netherlands
556123,22423,REGENCY CAKESTAND 3 TIER,5,2025-12-19 15:40:36,11.48,13209.0,France
558626,POST,POSTAGE,5,2025-07-25 09:42:54,16.2,15176.0,United Kingdom
567752,20725,LUNCH BAG RED RETROSPOT,7,2025-04-07 18:39:32,1.65,14694.0,United Kingdom
552283,21977,PACK OF 60 PINK PAISLEY CAKE CASES,19,2025-01-02 00:00:48,0.55,13878.0,EIRE
552002,85123A,WHITE HANGING HEART T-LIGHT HOLDER,13,2025-06-06 04:30:21,2.55,16867.0,Netherlands
567046,85099B,JUMBO BAG RED RETROSPOT,14,2025-12-26 05:47:02,2.08,17456.0,United Kingdom
552286,22423,REGENCY CAKESTAND 3 TIER,2,2025-06-07 13:22:17,12.75,14289.0,United Kingdom
546126,21977,PACK OF 60 PINK PAISLEY CAKE CASES,1,2025-09-13 23:18:42,0.61,16085.0,France
537459,20725,LUNCH BAG RED RETROSPOT,7,2025-04-03 21:30:37,1.48,17905.0,United Kingdom
547044,85123A,WHITE HANGING HEART T-LIGHT HOLDER,17,2025-10-11 10:56:16,2.8,12071.0,United Kingdom
542708,POST,POSTAGE,1,2025-10-11 00:01:38,19.8,14188.0,Spain
546363,85099B,JUMBO BAG RED RETROSPOT,15,2025-08-11 20:49:18,1.87,16426.0,EIRE
554359,20725,LUNCH BAG RED RETROSPOT,16,2025-10-09 13:44:21,1.48,14986.0,Spain
553844,85123A,WHITE HANGING HEART T-LIGHT HOLDER,6,2025-07-31 00:34:10,2.55,16751.0,Germany
542361,85099B,JUMBO BAG RED RETROSPOT,3,2025-05-19 15:28:59,1.87,14847.0,United Kingdom
551779,85123A,WHITE HANGING HEART T-LIGHT HOLDER,3,2025-09-27 21:07:16,2.8,12386.0,Spain
551421,20725,LUNCH BAG RED RETROSPOT,2,2025-11-01 20:54:01,1.65,14601.0,United Kingdom
537456,85123A,WHITE HANGING HEART T-LIGHT HOLDER,17,2025-11-03 21:20:43,2.8,14427.0,United Kingdom
545632,22423,REGENCY CAKESTAND 3 TIER,15,2025-03-19 23:24:51,11.48,17073.0,Spain
560573,20725,LUNCH BAG RED RETROSPOT,13,2025-09-04 15:40:56,1.48,12884.0,France
536707,20725,LUNCH BAG RED RETROSPOT,2,2025-01-02 14:41:52,1.65,12931.0,Spain
546231,21977,PACK OF 60 PINK PAISLEY CAKE CASES,19,2025-07-28 02:47:24,0.61,12848.0,United Kingdom
C552153,21977,PACK OF 60 PINK PAISLEY CAKE CASES,-14,2025-07-28 15:10:32,0.61,15405.0,Netherlands
541661,21977,PACK OF 60 PINK PAISLEY CAKE CASES,16,2025-05-13 21:01:27,0.61,17973.0,Germany
557973,21977,PACK OF 60 PINK PAISLEY CAKE CASES,8,2025-12-29 19:30:41,0.55,15711.0,Germany
560336,85099B,JUMBO BAG RED RETROSPOT,4,2025-11-19 21:35:48,1.87,16897.0,Netherlands
547499,85123A,WHITE HANGING HEART T-LIGHT HOLDER,16,2025-01-15 04:04:52,2.55,17107.0,United Kingdom
543827,85099B,JUMBO BAG RED RETROSPOT,1,2025-03-18 04:49:30,2.08,15603.0,France
562401,85123A,WHITE HANGING HEART T-LIGHT HOLDER,4,2025-03-17 20:35:54,2.55,15655.0,Germany
543311,85099B,JUMBO BAG RED RETROSPOT,3,2025-11-24 22:33:50,2.29,13458.0,EIRE
540965,85099B,JUMBO BAG RED RETROSPOT,2,2025-07-09 12:37:37,2.29,17760.0,Spain
537122,85123A,WHITE HANGING HEART T-LIGHT HOLDER,11,2025-09-24 21:08:41,2.8,16726.0,France
539103,20725,LUNCH BAG RED RETROSPOT,5,2025-10-23 16:22:13,1.82,17233.0,United Kingdom
565635,20725,LUNCH BAG RED RETROSPOT,19,2025-10-08 04:55:01,1.65,17902.0,United Kingdom
567784,21977,PACK OF 60 PINK PAISLEY CAKE CASES,18,2025-02-02 12:09:40,0.61,14092.0,Netherlands
554559,POST,POSTAGE,4,2025-02-21 09:27:06,16.2,12862.0,Netherlands
567336,22423,REGENCY CAKESTAND 3 TIER,16,2025-05-25 18:57:34,11.48,17159.0,Netherlands
560034,22423,REGENCY CAKESTAND 3 TIER,1,2025-05-04 08:04:49,12.75,14837.0,United Kingdom
549822,85123A,WHITE HANGING HEART T-LIGHT HOLDER,6,2025-09-30 04:12:44,2.3,,United Kingdom
560251,21977,PACK OF 60 PINK PAISLEY CAKE CASES,13,2025-02-27 11:57:26,0.61,16166.0,France
550277,85123A,WHITE HANGING HEART T-LIGHT HOLDER,4,2025-05-16 11:52:18,2.3,13543.0,France
568705,20725,LUNCH BAG RED RETROSPOT,2,2025-03-28 21:20:09,1.65,14128.0,United Kingdom
564935,22423,REGENCY CAKESTAND 3 TIER,3,2025-03-10 00:11:45,12.75,,Germany
564721,85099B,JUMBO BAG RED RETROSPOT,13,2025-03-05 20:59:03,2.08,14365.0,United Kingdom
554037,85099B,JUMBO BAG RED RETROSPOT,5,2025-03-13 05:04:07,1.87,13690.0,United Kingdom
553621,22423,REGENCY CAKESTAND 3 TIER,5,2025-07-25 04:12:58,14.02,,United Kingdom
539981,20725,LUNCH BAG RED RETROSPOT,4,2025-05-30 10:02:13,1.82,15897.0,United Kingdom
558193,21977,PACK OF 60 PINK PAISLEY CAKE CASES,17,2025-06-08 13:13:37,0.55,12211.0,United Kingdom
539905,20725,LUNCH BAG RED RETROSPOT,17,2025-06-24 22:18:45,1.48,12561.0,Netherlands
554376,21977,PACK OF 60 PINK PAISLEY CAKE CASES,16,2025-09-28 12:49:00,0.55,12255.0,France
540458,85099B,JUMBO BAG RED RETROSPOT,1,2025-11-11 03:29:22,1.87,16405.0,Netherlands
552183,85099B,JUMBO BAG RED RETROSPOT,5,2025-07-12 10:48:34,2.08,12175.0,United Kingdom
562546,20725,LUNCH BAG RED RETROSPOT,17,2025-08-23 22:05:37,1.82,14518.0,United Kingdom
546484,85099B,JUMBO BAG RED RETROSPOT,11,2025-09-27 17:09:10,2.29,12727.0,United Kingdom
556464,85099B,JUMBO BAG RED RETROSPOT,1,2025-09-09 05:13:33,2.29,15523.0,Germany
544838,85123A,WHITE HANGING HEART T-LIGHT HOLDER,5,2025-02-19 15:30:11,2.55,12206.0,United Kingdom
546192,21977,PACK OF 60 PINK PAISLEY CAKE CASES,16,2025-12-25 17:36:30,0.5,12155.0,France
542215,85123A,WHITE HANGING HEART T-LIGHT HOLDER,17,2025-03-02 06:36:09,2.55,14466.0,EIRE
541510,POST,POSTAGE,9,2025-05-31 12:40:18,18.0,16172.0,Spain
548649,85123A,WHITE HANGING HEART T-LIGHT HOLDER,3,2025-08-27 08:21:22,2.3,12657.0,United Kingdom
540197,85099B,JUMBO BAG RED RETROSPOT,2,2025-05-28 04:20:40,2.29,14975.0,United Kingdom
566312,22423,REGENCY CAKESTAND 3 TIER,5,2025-03-30 21:19:15,12.75,16861.0,United Kingdom
561207,22423,REGENCY CAKESTAND 3 TIER,16,2025-12-04 07:41:34,14.02,15751.0,United Kingdom
543535,22423,REGENCY CAKESTAND 3 TIER,16,2025-01-27 07:49:06,14.02,16501.0,France
566119,20725,LUNCH BAG RED RETROSPOT,5,2025-03-31 02:26:08,1.65,13894.0,United Kingdom
548421,85123A,WHITE HANGING HEART T-LIGHT HOLDER,19,2025-12-29 10:39:28,2.3,17652.0,France
554056,22423,REGENCY CAKESTAND 3 TIER,17,2025-09-24 15:26:59,12.75,12874.0,United Kingdom
559765,85123A,WHITE HANGING HEART T-LIGHT HOLDER,19,2025-02-01 23:20:58,2.55,15631.0,Netherlands
562272,22423,REGENCY CAKESTAND 3 TIER,15,2025-10-03 18:36:58,12.75,,Netherlands
536263,POST,POSTAGE,11,2025-12-20 20:34:29,18.0,12190.0,United Kingdom
545626,85099B,JUMBO BAG RED RETROSPOT,19,2025-02-05 23:41:37,2.29,17663.0,Spain
547444,20725,LUNCH BAG RED RETROSPOT,14,2025-06-01 16:46:30,1.48,16213.0,United Kingdom
555912,85099B,JUMBO BAG RED RETROSPOT,16,2025-06-20 20:34:23,1.87,13366.0,France
565661,85099B,JUMBO BAG RED RETROSPOT,8,2025-02-17 07:17:47,2.29,12314.0,Spain
550893,20725,LUNCH BAG RED RETROSPOT,5,2025-03-15 17:09:46,1.65,16055.0,EIRE
551758,85123A,WHITE HANGING HEART T-LIGHT HOLDER,11,2025-03-05 15:05:23,2.8,15270.0,EIRE
538981,20725,LUNCH BAG RED RETROSPOT,8,2025-03-09 10:50:05,1.82,12299.0,United Kingdom
553887,85099B,JUMBO BAG RED RETROSPOT,7,2025-05-28 15:24:30,1.87,17916.0,EIRE
552570,85099B,JUMBO BAG RED RETROSPOT,14,2025-06-19 17:18:05,2.08,16308.0,France
557647,POST,POSTAGE,12,2025-03-28 09:52:38,16.2,14775.0,United Kingdom
564790,22423,REGENCY CAKESTAND 3 TIER,7,2025-04-16 20:13:14,11.48,13430.0,United Kingdom
555284,POST,POSTAGE,5,2025-03-12 00:52:00,16.2,,EIRE
537760,POST,POSTAGE,11,2025-10-18 07:46:41,19.8,14709.0,Germany
563786,22423,REGENCY CAKESTAND 3 TIER,7,2025-03-19 08:47:48,11.48,12342.0,United Kingdom
552221,85099B,JUMBO BAG RED RETROSPOT,5,2025-11-28 19:55:53,2.08,14206.0,Spain
552541,20725,LUNCH BAG RED RETROSPOT,5,2025-07-16 12:11:42,1.65,13304.0,Germany
565690,85123A,WHITE HANGING HEART T-LIGHT HOLDER,13,2025-10-20 22:23:23,2.55,12677.0,United Kingdom
556053,20725,LUNCH BAG RED RETROSPOT,8,2025-08-21 22:48:12,1.48,12755.0,United Kingdom
562862,85123A,WHITE HANGING HEART T-LIGHT HOLDER,7,2025-04-08 11:00:18,2.55,14073.0,Germany
565924,85123A,WHITE HANGING HEART T-LIGHT HOLDER,3,2025-08-08 17:27:35,2.55,14295.0,France
552777,85099B,JUMBO BAG RED RETROSPOT,2,2025-04-11 05:54:32,2.08,14100.0,Germany
569403,20725,LUNCH BAG RED RETROSPOT,14,2025-02-13 02:35:24,1.65,16139.0,United Kingdom
541825,20725,LUNCH BAG RED RETROSPOT,19,2025-04-03 11:47:10,1.82,15132.0,France
C565623,21977,PACK OF 60 PINK PAISLEY CAKE CASES,-7,2025-04-11 07:14:02,0.55,13156.0,France
564849,22423,REGENCY CAKESTAND 3 TIER,17,2025-02-19 17:32:23,11.48,17834.0,EIRE
539390,85099B,JUMBO BAG RED RETROSPOT,12,2025-01-09 12:31:13,2.08,16380.0,United Kingdom
541206,22423,REGENCY CAKESTAND 3 TIER,6,2025-12-11 03:15:13,14.02,14820.0,France
537256,22423,REGENCY CAKESTAND 3 TIER,11,2025-07-07 10:49:36,12.75,12295.0,United Kingdom
545411,22423,REGENCY CAKESTAND 3 TIER,3,2025-05-27 09:38:34,12.75,17486.0,United Kingdom
569710,21977,PACK OF 60 PINK PAISLEY CAKE CASES,7,2025-12-06 00:07:22,0.55,,France
540225,85123A,WHITE HANGING HEART T-LIGHT HOLDER,14,2025-03-24 13:04:43,2.8,14769.0,France
537147,85123A,WHITE HANGING HEART T-LIGHT HOLDER,17,2025-05-28 22:26:32,2.3,12970.0,United Kingdom
551606,21977,PACK OF 60 PINK PAISLEY CAKE CASES,5,2025-11-06 21:31:13,0.61,12645.0,EIRE
548018,85123A,WHITE HANGING HEART T-LIGHT HOLDER,18,2025-08-19 21:41:49,2.8,13739.0,United Kingdom
557392,POST,POSTAGE,12,2025-05-26 21:27:14,19.8,13380.0,United Kingdom
556621,85099B,JUMBO BAG RED RETROSPOT,5,2025-04-04 22:10:11,2.08,13255.0,United Kingdom
564122,85123A,WHITE HANGING HEART T-LIGHT HOLDER,15,2025-01-13 02:20:26,2.8,,United Kingdom
550107,POST,POSTAGE,17,2025-02-01 10:17:07,16.2,12279.0,France
551685,21977,PACK OF 60 PINK PAISLEY CAKE CASES,6,2025-03-01 13:04:54,0.55,,EIRE
536769,20725,LUNCH BAG RED RETROSPOT,3,2025-10-15 20:00:03,1.82,17226.0,France
569004,85099B,JUMBO BAG RED RETROSPOT,6,2025-08-22 08:57:20,2.08,17194.0,United Kingdom
543250,85099B,JUMBO BAG RED RETROSPOT,15,2025-06-08 17:00:17,2.29,12050.0,United Kingdom
556259,21977,PACK OF 60 PINK PAISLEY CAKE CASES,2,2025-10-13 18:44:52,0.55,16071.0,United Kingdom
565942,85099B,JUMBO BAG RED RETROSPOT,6,2025-02-28 12:16:54,2.08,17946.0,France
556549,21977,PACK OF 60 PINK PAISLEY CAKE CASES,7,2025-03-18 05:47:17,0.55,15469.0,United Kingdom
557263,22423,REGENCY CAKESTAND 3 TIER,1,2025-05-24 01:51:04,14.02,,United Kingdom
541959,22423,REGENCY CAKESTAND 3 TIER,12,2025-12-01 10:40:32,12.75,14947.0,EIRE
560106,85123A,WHITE HANGING HEART T-LIGHT HOLDER,16,2025-08-13 04:01:42,2.8,13279.0,France
542463,20725,LUNCH BAG RED RETROSPOT,3,2025-11-07 15:27:29,1.65,14383.0,United Kingdom
559520,85099B,JUMBO BAG RED RETROSPOT,17,2025-04-01 05:43:03,2.08,17621.0,United Kingdom
555605,POST,POSTAGE,19,2025-11-06 21:02:35,16.2,15673.0,Germany
552645,22423,REGENCY CAKESTAND 3 TIER,17,2025-01-27 21:30:06,11.48,14585.0,United Kingdom
560509,85099B,JUMBO BAG RED RETROSPOT,14,2025-03-25 20:04:15,2.29,12747.0,United Kingdom
560472,22423,REGENCY CAKESTAND 3 TIER,9,2025-07-10 15:58:07,11.48,17437.0,Spain
542960,21977,PACK OF 60 PINK PAISLEY CAKE CASES,4,2025-01-19 02:46:35,0.5,12975.0,United Kingdom
C548768,20725,LUNCH BAG RED RETROSPOT,-18,2025-11-10 23:35:33,1.48,16329.0,United Kingdom
552456,85099B,JUMBO BAG RED RETROSPOT,11,2025-11-13 01:34:51,2.08,,United Kingdom
541159,85099B,JUMBO BAG RED RETROSPOT,9,2025-07-17 13:35:39,1.87,13671.0,United Kingdom
548110,20725,LUNCH BAG RED RETROSPOT,8,2025-04-22 19:18:05,1.65,13027.0,United Kingdom
537408,85123A,WHITE HANGING HEART T-LIGHT HOLDER,5,2025-02-06 02:01:58,2.8,,United Kingdom
550917,21977,PACK OF 60 PINK PAISLEY CAKE CASES,8,2025-08-14 11:55:34,0.55,,Germany
542995,20725,LUNCH BAG RED RETROSPOT,16,2025-07-16 11:27:58,1.65,14499.0,United Kingdom
543552,22423,REGENCY CAKESTAND 3 TIER,11,2025-10-05 04:43:44,14.02,12148.0,Spain
563825,21977,PACK OF 60 PINK PAISLEY CAKE CASES,8,2025-08-08 02:40:58,0.61,13584.0,Netherlands
540784,20725,LUNCH BAG RED RETROSPOT,3,2025-02-16 21:50:17,1.65,12961.0,United Kingdom
540104,85123A,WHITE HANGING HEART T-LIGHT HOLDER,8,2025-02-14 21:37:57,2.3,14410.0,United Kingdom
546897,22423,REGENCY CAKESTAND 3 TIER,5,2025-10-13 02:15:02,14.02,17415.0,EIRE
536798,85099B,JUMBO BAG RED RETROSPOT,8,2025-02-28 06:40:56,2.29,17776.0,Netherlands
565543,20725,LUNCH BAG RED RETROSPOT,3,2025-12-09 09:24:50,1.65,17985.0,Spain
569555,21977,PACK OF 60 PINK PAISLEY CAKE CASES,19,2025-02-08 04:44:04,0.5,12676.0,United Kingdom
563377,85099B,JUMBO BAG RED RETROSPOT,4,2025-09-23 01:35:45,1.87,14925.0,United Kingdom
563176,22423,REGENCY CAKESTAND 3 TIER,3,2025-12-22 12:16:44,12.75,12273.0,United Kingdom
539456,85123A,WHITE HANGING HEART T-LIGHT HOLDER,13,2025-06-11 10:36:30,2.55,14972.0,EIRE
554855,85123A,WHITE HANGING HEART T-LIGHT HOLDER,7,2025-01-21 19:22:12,2.8,15460.0,Germany
538985,22423,REGENCY CAKESTAND 3 TIER,19,2025-11-16 07:07:00,11.48,16640.0,United Kingdom
546227,85123A,WHITE HANGING HEART T-LIGHT HOLDER,8,2025-03-10 12:14:54,2.55,14018.0,Germany
552760,85123A,WHITE HANGING HEART T-LIGHT HOLDER,13,2025-07-12 07:32:07,2.8,12217.0,United Kingdom
559171,21977,PACK OF 60 PINK PAISLEY CAKE CASES,16,2025-12-26 00:55:01,0.5,14724.0,Germany
545430,21977,PACK OF 60 PINK PAISLEY CAKE CASES,19,2025-09-29 17:27:45,0.61,,United Kingdom
544709,85123A,WHITE HANGING HEART T-LIGHT HOLDER,16,2025-01-17 17:49:51,2.3,15745.0,Germany
563996,21977,PACK OF 60 PINK PAISLEY CAKE CASES,11,2025-10-27 15:56:08,0.55,12598.0,France
543623,85123A,WHITE HANGING HEART T-LIGHT HOLDER,16,2025-02-28 00:49:03,2.3,15679.0,France
552530,85099B,JUMBO BAG RED RETROSPOT,6,2025-10-01 16:42:58,2.29,14405.0,United Kingdom
545751,POST,POSTAGE,17,2025-08-15 14:30:18,18.0,16434.0,EIRE
C564992,85099B,JUMBO BAG RED RETROSPOT,-17,2025-04-16 10:35:02,2.08,17902.0,France
554184,85123A,WHITE HANGING HEART T-LIGHT HOLDER,8,2025-06-04 14:48:23,2.55,13365.0,United Kingdom
539678,85099B,JUMBO BAG RED RETROSPOT,2,2025-02-13 02:39:33,2.08,16521.0,United Kingdom
C541030,21977,PACK OF 60 PINK PAISLEY CAKE CASES,-14,2025-12-27 05:00:16,0.61,,Germany
568982,22423,REGENCY CAKESTAND 3 TIER,2,2025-03-28 03:05:49,12.75,17910.0,United Kingdom
567971,POST,POSTAGE,1,2025-04-23 10:43:04,19.8,,United Kingdom
C562081,85099B,JUMBO BAG RED RETROSPOT,-19,2025-07-03 21:29:10,2.08,16476.0,United Kingdom
538635,85123A,WHITE HANGING HEART T-LIGHT HOLDER,11,2025-09-03 00:08:54,2.55,16665.0,United Kingdom
560883,21977,PACK OF 60 PINK PAISLEY CAKE CASES,13,2025-07-04 10:42:24,0.61,15648.0,United Kingdom
558467,21977,PACK OF 60 PINK PAISLEY CAKE CASES,17,2025-07-04 06:48:29,0.55,14306.0,Germany
567967,85099B,JUMBO BAG RED RETROSPOT,18,2025-08-01 22:30:01,2.08,16525.0,United Kingdom
552534,POST,POSTAGE,19,2025-11-10 14:51:51,18.0,14857.0,France
551990,POST,POSTAGE,3,2025-05-25 05:19:39,18.0,15954.0,United Kingdom
557508,85123A,WHITE HANGING HEART T-LIGHT HOLDER,7,2025-10-31 06:49:12,2.55,15679.0,United Kingdom
541062,85123A,WHITE HANGING HEART T-LIGHT HOLDER,15,2025-10-15 13:56:20,2.55,14784.0,United Kingdom
561344,22423,REGENCY CAKESTAND 3 TIER,1,2025-12-17 01:08:35,14.02,12702.0,EIRE
552894,21977,PACK OF 60 PINK PAISLEY CAKE CASES,5,2025-11-30 01:36:42,0.55,,Netherlands
542388,21977,PACK OF 60 PINK PAISLEY CAKE CASES,10,2025-10-19 16:10:56,0.5,17626.0,United Kingdom
563717,22423,REGENCY CAKESTAND 3 TIER,7,2025-04-01 19:15:21,12.75,15121.0,United Kingdom
544991,POST,POSTAGE,4,2025-10-10 17:49:02,16.2,15816.0,United Kingdom
C565224,22423,REGENCY CAKESTAND 3 TIER,-18,2025-09-26 04:07:20,14.02,13550.0,United Kingdom
545274,20725,LUNCH BAG RED RETROSPOT,9,2025-04-16 20:42:42,1.82,16234.0,EIRE
552610,20725,LUNCH BAG RED RETROSPOT,8,2025-09-05 05:23:43,1.65,14920.0,United Kingdom
550850,85123A,WHITE HANGING HEART T-LIGHT HOLDER,13,2025-04-03 21:00:47,2.3,13312.0,Netherlands
560898,22423,REGENCY CAKESTAND 3 TIER,13,2025-07-10 07:06:03,14.02,12876.0,Germany
542330,85123A,WHITE HANGING HEART T-LIGHT HOLDER,10,2025-10-18 11:54:41,2.3,14370.0,United Kingdom
544396,POST,POSTAGE,17,2025-03-10 22:58:19,16.2,15392.0,EIRE
542543,85099B,JUMBO BAG RED RETROSPOT,6,2025-05-03 09:46:35,2.08,,United Kingdom
543838,20725,LUNCH BAG RED RETROSPOT,17,2025-10-18 16:01:35,1.65,13471.0,EIRE
551397,85099B,JUMBO BAG RED RETROSPOT,17,2025-06-15 14:03:38,2.08,13617.0,United Kingdom
555932,85099B,JUMBO BAG RED RETROSPOT,1,2025-12-17 01:47:46,2.08,13761.0,EIRE
565364,POST,POSTAGE,15,2025-01-03 19:01:26,19.8,16434.0,United Kingdom
550339,85099B,JUMBO BAG RED RETROSPOT,4,2025-09-21 08:36:05,2.29,14994.0,United Kingdom
549936,20725,LUNCH BAG RED RETROSPOT,10,2025-10-25 11:24:28,1.48,14814.0,EIRE
541475,85099B,JUMBO BAG RED RETROSPOT,18,2025-12-02 07:18:28,1.87,12975.0,United Kingdom
539363,85123A,WHITE HANGING HEART T-LIGHT HOLDER,4,2025-02-27 23:53:02,2.55,15267.0,United Kingdom
C561886,85123A,WHITE HANGING HEART T-LIGHT HOLDER,-11,2025-12-26 13:13:00,2.3,17774.0,EIRE
557517,85123A,WHITE HANGING HEART T-LIGHT HOLDER,15,2025-05-24 15:18:01,2.55,,United Kingdom
554093,20725,LUNCH BAG RED RETROSPOT,10,2025-05-09 12:32:53,1.82,14681.0,Spain
551099,85099B,JUMBO BAG RED RETROSPOT,2,2025-05-10 07:23:40,1.87,13841.0,Germany
553693,85099B,JUMBO BAG RED RETROSPOT,2,2025-08-21 14:04:05,2.08,14113.0,Germany
564753,85123A,WHITE HANGING HEART T-LIGHT HOLDER,10,2025-08-29 19:02:56,2.8,12161.0,United Kingdom
542436,21977,PACK OF 60 PINK PAISLEY CAKE CASES,1,2025-06-22 02:16:48,0.55,12175.0,United Kingdom
552958,20725,LUNCH BAG RED RETROSPOT,1,2025-01-26 03:37:06,1.65,16658.0,Netherlands
544198,21977,PACK OF 60 PINK PAISLEY CAKE CASES,19,2025-12-27 03:57:00,0.61,17059.0,United Kingdom
539566,POST,POSTAGE,11,2025-03-23 22:27:32,19.8,17811.0,United Kingdom
559552,85123A,WHITE HANGING HEART T-LIGHT HOLDER,10,2025-02-04 13:50:19,2.55,15755.0,United Kingdom
559965,85123A,WHITE HANGING HEART T-LIGHT HOLDER,2,2025-08-07 08:10:06,2.55,17575.0,United Kingdom
564964,85099B,JUMBO BAG RED RETROSPOT,15,2025-05-31 04:46:21,2.08,14498.0,Germany
536728,22423,REGENCY CAKESTAND 3 TIER,10,2025-08-13 16:26:28,12.75,13524.0,EIRE
542025,21977,PACK OF 60 PINK PAISLEY CAKE CASES,5,2025-11-16 12:35:42,0.61,13473.0,EIRE
555534,20725,LUNCH BAG RED RETROSPOT,15,2025-02-05 15:00:26,1.65,13419.0,Spain
563619,85123A,WHITE HANGING HEART T-LIGHT HOLDER,5,2025-04-14 17:10:10,2.55,16470.0,United Kingdom
567960,POST,POSTAGE,10,2025-07-08 02:18:03,18.0,12059.0,United Kingdom
562795,85123A,WHITE HANGING HEART T-LIGHT HOLDER,11,2025-10-15 16:18:23,2.3,17672.0,United Kingdom
566767,21977,PACK OF 60 PINK PAISLEY CAKE CASES,6,2025-08-08 17:19:07,0.5,16648.0,France
563707,85099B,JUMBO BAG RED RETROSPOT,17,2025-05-20 06:38:54,2.29,14284.0,United Kingdom
546734,21977,PACK OF 60 PINK PAISLEY CAKE CASES,14,2025-08-11 07:29:01,0.55,16211.0,Germany
555779,85123A,WHITE HANGING HEART T-LIGHT HOLDER,6,2025-12-24 14:12:30,2.55,12809.0,United Kingdom
557603,POST,POSTAGE,3,2025-06-25 09:08:54,16.2,14588.0,EIRE
547962,POST,POSTAGE,7,2025-11-19 22:20:22,19.8,12655.0,EIRE
566109,85099B,JUMBO BAG RED RETROSPOT,9,2025-10-12 02:18:59,2.08,12672.0,Spain
562214,85099B,JUMBO BAG RED RETROSPOT,11,2025-04-20 04:03:18,2.08,12038.0,United Kingdom
553572,21977,PACK OF 60 PINK PAISLEY CAKE CASES,8,2025-04-02 19:26:31,0.55,16774.0,Netherlands
552318,21977,PACK OF 60 PINK PAISLEY CAKE CASES,1,2025-10-09 16:20:40,0.5,16463.0,United Kingdom
562949,21977,PACK OF 60 PINK PAISLEY CAKE CASES,13,2025-03-17 20:38:47,0.5,17357.0,United Kingdom
543543,21977,PACK OF 60 PINK PAISLEY CAKE CASES,8,2025-05-03 00:34:18,0.61,17888.0,United Kingdom
C543431,20725,LUNCH BAG RED RETROSPOT,-7,2025-03-27 03:13:20,1.48,17788.0,United Kingdom
549681,21977,PACK OF 60 PINK PAISLEY CAKE CASES,11,2025-08-10 20:05:01,0.5,17956.0,Germany
540335,85123A,WHITE HANGING HEART T-LIGHT HOLDER,16,2025-04-18 19:30:09,2.55,12095.0,United Kingdom
551562,POST,POSTAGE,1,2025-08-29 19:49:10,19.8,16705.0,United Kingdom
550704,85123A,WHITE HANGING HEART T-LIGHT HOLDER,19,2025-12-08 21:33:07,2.55,16339.0,Germany
553181,85123A,WHITE HANGING HEART T-LIGHT HOLDER,13,2025-10-30 05:31:56,2.8,12973.0,EIRE
551693,POST,POSTAGE,11,2025-12-13 02:20:06,16.2,12820.0,France
566517,85123A,WHITE HANGING HEART T-LIGHT HOLDER,1,2025-01-09 07:06:42,2.8,17866.0,Germany
545333,85123A,WHITE HANGING HEART T-LIGHT HOLDER,14,2025-06-16 23:56:17,2.3,17295.0,United Kingdom
549979,21977,PACK OF 60 PINK PAISLEY CAKE CASES,14,2025-03-22 12:24:08,0.5,13966.0,EIRE
561099,20725,LUNCH BAG RED RETROSPOT,11,2025-12-02 00:06:33,1.65,12448.0,United Kingdom
545683,85123A,WHITE HANGING HEART T-LIGHT HOLDER,16,2025-09-17 17:50:40,2.55,14001.0,United Kingdom
558322,85099B,JUMBO BAG RED RETROSPOT,16,2025-04-27 20:13:03,2.08,12031.0,United Kingdom
568719,85123A,WHITE HANGING HEART T-LIGHT HOLDER,16,2025-07-25 02:56:13,2.3,16124.0,Germany
548763,85099B,JUMBO BAG RED RETROSPOT,7,2025-08-09 13:23:56,2.08,14280.0,United Kingdom
544226,85099B,JUMBO BAG RED RETROSPOT,13,2025-06-30 17:52:36,2.08,,Germany
542463,85123A,WHITE HANGING HEART T-LIGHT HOLDER,2,2025-06-23 22:58:29,2.55,17878.0,United Kingdom
536377,POST,POSTAGE,11,2025-01-21 14:34:15,18.0,16954.0,United Kingdom
545658,21977,PACK OF 60 PINK PAISLEY CAKE CASES,3,2025-06-15 08:06:51,0.5,17428.0,United Kingdom
564893,20725,LUNCH BAG RED RETROSPOT,6,2025-05-08 21:50:33,1.65,17983.0,United Kingdom
544661,POST,POSTAGE,13,2025-10-26 08:39:37,18.0,12085.0,United Kingdom
568451,POST,POSTAGE,9,2025-11-12 15:11:57,18.0,16650.0,Germany
568401,20725,LUNCH BAG RED RETROSPOT,17,2025-10-01 20:10:08,1.48,16725.0,United Kingdom
559192,22423,REGENCY CAKESTAND 3 TIER,2,2025-01-12 12:43:46,14.02,16690.0,United Kingdom
569349,20725,LUNCH BAG RED RETROSPOT,19,2025-11-04 17:03:23,1.65,13590.0,Germany
549860,85099B,JUMBO BAG RED RETROSPOT,14,2025-05-25 20:12:05,2.08,14341.0,United Kingdom
568514,22423,REGENCY CAKESTAND 3 TIER,9,2025-06-01 14:24:44,12.75,,United Kingdom
554487,85099B,JUMBO BAG RED RETROSPOT,1,2025-12-11 10:05:02,2.08,12395.0,United Kingdom
538745,22423,REGENCY CAKESTAND 3 TIER,1,2025-11-13 15:27:54,11.48,15846.0,United Kingdom
564288,85099B,JUMBO BAG RED RETROSPOT,8,2025-01-19 09:37:32,2.08,16756.0,United Kingdom
568316,20725,LUNCH BAG RED RETROSPOT,11,2025-05-12 16:22:59,1.48,16788.0,France
566101,85099B,JUMBO BAG RED RETROSPOT,10,2025-10-01 01:57:17,2.08,,United Kingdom
550171,22423,REGENCY CAKESTAND 3 TIER,6,2025-07-16 01:08:53,12.75,16601.0,EIRE
539485,85123A,WHITE HANGING HEART T-LIGHT HOLDER,13,2025-04-05 11:23:48,2.55,17456.0,United Kingdom
555906,20725,LUNCH BAG RED RETROSPOT,12,2025-07-11 02:49:36,1.82,16595.0,Germany
565511,85099B,JUMBO BAG RED RETROSPOT,7,2025-11-13 17:32:16,2.08,12695.0,EIRE
564583,85099B,JUMBO BAG RED RETROSPOT,7,2025-03-23 04:21:00,1.87,13467.0,United Kingdom
556989,20725,LUNCH BAG RED RETROSPOT,9,2025-09-30 11:59:17,1.65,13830.0,United Kingdom
562735,20725,LUNCH BAG RED RETROSPOT,15,2025-09-26 04:14:34,1.82,,United Kingdom
537097,85099B,JUMBO BAG RED RETROSPOT,12,2025-11-20 22:07:27,2.08,14163.0,Netherlands
557196,21977,PACK OF 60 PINK PAISLEY CAKE CASES,3,2025-04-19 20:13:47,0.55,13319.0,Netherlands
539688,22423,REGENCY CAKESTAND 3 TIER,18,2025-03-20 00:02:21,14.02,16099.0,United Kingdom
561478,POST,POSTAGE,4,2025-07-19 09:28:05,18.0,12661.0,France
537548,21977,PACK OF 60 PINK PAISLEY CAKE CASES,13,2025-07-13 22:36:40,0.61,16726.0,United Kingdom
556227,20725,LUNCH BAG RED RETROSPOT,1,2025-05-30 11:44:46,1.65,15951.0,United Kingdom
568250,85123A,WHITE HANGING HEART T-LIGHT HOLDER,5,2025-10-12 20:15:38,2.3,17766.0,Germany
539805,21977,PACK OF 60 PINK PAISLEY CAKE CASES,11,2025-10-19 02:08:43,0.5,12039.0,United Kingdom
550501,85099B,JUMBO BAG RED RETROSPOT,17,2025-03-31 10:18:00,2.08,13772.0,United Kingdom
537389,85099B,JUMBO BAG RED RETROSPOT,11,2025-10-18 20:53:39,2.08,17390.0,EIRE
560330,21977,PACK OF 60 PINK PAISLEY CAKE CASES,2,2025-03-26 04:40:28,0.61,14961.0,United Kingdom
567461,20725,LUNCH BAG RED RETROSPOT,19,2025-05-29 00:14:46,1.65,15365.0,Germany
536058,85099B,JUMBO BAG RED RETROSPOT,6,2025-01-10 17:37:32,1.87,12173.0,United Kingdom
554562,20725,LUNCH BAG RED RETROSPOT,7,2025-05-05 01:59:56,1.65,16572.0,United Kingdom
562967,85123A,WHITE HANGING HEART T-LIGHT HOLDER,3,2025-12-16 07:13:04,2.55,13517.0,United Kingdom
536863,21977,PACK OF 60 PINK PAISLEY CAKE CASES,14,2025-06-11 19:29:26,0.61,17778.0,Netherlands
552389,85123A,WHITE HANGING HEART T-LIGHT HOLDER,9,2025-09-17 21:24:13,2.55,14244.0,United Kingdom
540385,22423,REGENCY CAKESTAND 3 TIER,5,2025-02-09 03:08:03,11.48,13131.0,United Kingdom
C567402,POST,POSTAGE,-13,2025-08-20 11:55:34,16.2,15562.0,France
553322,85123A,WHITE HANGING HEART T-LIGHT HOLDER,4,2025-05-16 19:02:26,2.55,14864.0,Netherlands
C553710,POST,POSTAGE,-11,2025-09-29 09:23:33,18.0,14825.0,Spain
569905,22423,REGENCY CAKESTAND 3 TIER,13,2025-12-05 08:24:36,11.48,17699.0,Germany
562819,21977,PACK OF 60 PINK PAISLEY CAKE CASES,16,2025-07-14 13:02:14,0.61,14186.0,United Kingdom
C546672,85123A,WHITE HANGING HEART T-LIGHT HOLDER,-14,2025-02-07 18:37:34,2.3,14386.0,Germany
557401,21977,PACK OF 60 PINK PAISLEY CAKE CASES,11,2025-06-23 00:58:04,0.5,15744.0,EIRE
546096,POST,POSTAGE,1,2025-02-14 01:12:30,16.2,13022.0,Spain
553698,21977,PACK OF 60 PINK PAISLEY CAKE CASES,5,2025-06-14 02:33:34,0.5,16971.0,EIRE
563616,85099B,JUMBO BAG RED RETROSPOT,11,2025-01-23 08:11:25,2.08,13379.0,United Kingdom
568240,20725,LUNCH BAG RED RETROSPOT,11,2025-08-22 06:40:19,1.82,13450.0,United Kingdom
568351,20725,LUNCH BAG RED RETROSPOT,11,2025-04-24 11:33:02,1.82,12064.0,Germany
552850,85123A,WHITE HANGING HEART T-LIGHT HOLDER,14,2025-03-15 07:13:11,2.8,14057.0,United Kingdom
566430,21977,PACK OF 60 PINK PAISLEY CAKE CASES,18,2025-01-07 15:01:00,0.55,15496.0,United Kingdom
566341,21977,PACK OF 60 PINK PAISLEY CAKE CASES,10,2025-11-21 07:43:15,0.55,16229.0,United Kingdom
554579,20725,LUNCH BAG RED RETROSPOT,3,2025-11-02 20:04:09,1.65,17391.0,Germany
537226,22423,REGENCY CAKESTAND 3 TIER,9,2025-10-24 07:25:56,12.75,16667.0,Spain
540047,85099B,JUMBO BAG RED RETROSPOT,5,2025-01-22 05:52:02,2.29,13926.0,EIRE
558352,POST,POSTAGE,11,2025-05-08 20:38:45,16.2,16952.0,Spain
564232,21977,PACK OF 60 PINK PAISLEY CAKE CASES,12,2025-12-21 15:48:47,0.61,13167.0,France
566996,85099B,JUMBO BAG RED RETROSPOT,11,2025-07-31 01:09:05,2.29,13255.0,France
544267,POST,POSTAGE,12,2025-02-16 03:38:32,16.2,14148.0,United Kingdom
566575,22423,REGENCY CAKESTAND 3 TIER,6,2025-02-21 01:10:02,11.48,15235.0,Germany
564102,85099B,JUMBO BAG RED RETROSPOT,4,2025-04-07 19:05:02,2.08,13218.0,United Kingdom
552491,20725,LUNCH BAG RED RETROSPOT,17,2025-12-21 15:03:44,1.82,17400.0,United Kingdom
548718,20725,LUNCH BAG RED RETROSPOT,8,2025-03-03 22:23:50,1.65,13621.0,United Kingdom
552051,POST,POSTAGE,4,2025-11-26 07:52:35,19.8,14351.0,EIRE
558965,21977,PACK OF 60 PINK PAISLEY CAKE CASES,19,2025-09-05 01:08:04,0.55,15629.0,France
563557,22423,REGENCY CAKESTAND 3 TIER,1,2025-12-03 11:00:48,11.48,14579.0,Netherlands
541835,85099B,JUMBO BAG RED RETROSPOT,7,2025-10-29 01:54:59,2.08,14423.0,Netherlands
547390,85123A,WHITE HANGING HEART T-LIGHT HOLDER,15,2025-05-02 03:28:09,2.55,17908.0,Spain
540083,POST,POSTAGE,8,2025-10-30 18:54:03,19.8,14615.0,United Kingdom
567863,85123A,WHITE HANGING HEART T-LIGHT HOLDER,17,2025-03-03 09:05:32,2.8,12678.0,Spain
549840,21977,PACK OF 60 PINK PAISLEY CAKE CASES,7,2025-04-17 21:07:31,0.55,16381.0,EIRE
544523,85099B,JUMBO BAG RED RETROSPOT,13,2025-03-19 12:19:47,2.29,16233.0,Spain
542912,85123A,WHITE HANGING HEART T-LIGHT HOLDER,9,2025-02-18 15:33:26,2.3,13313.0,United Kingdom
538529,22423,REGENCY CAKESTAND 3 TIER,9,2025-02-02 20:01:08,12.75,17101.0,United Kingdom
552023,21977,PACK OF 60 PINK PAISLEY CAKE CASES,10,2025-03-10 11:04:06,0.55,14351.0,Netherlands
562245,85123A,WHITE HANGING HEART T-LIGHT HOLDER,19,2025-02-13 07:40:34,2.3,12904.0,United Kingdom
546984,POST,POSTAGE,15,2025-05-19 18:27:27,18.0,13034.0,United Kingdom
549760,POST,POSTAGE,8,2025-01-27 19:56:09,18.0,,United Kingdom
557640,85123A,WHITE HANGING HEART T-LIGHT HOLDER,8,2025-01-23 07:11:34,2.55,13296.0,United Kingdom
548096,20725,LUNCH BAG RED RETROSPOT,8,2025-12-28 19:45:10,1.65,14818.0,United Kingdom
561131,22423,REGENCY CAKESTAND 3 TIER,14,2025-02-02 23:48:07,12.75,16404.0,Netherlands
546910,85123A,WHITE HANGING HEART T-LIGHT HOLDER,12,2025-01-28 04:39:03,2.55,17117.0,Spain
551171,22423,REGENCY CAKESTAND 3 TIER,11,2025-01-11 20:21:06,12.75,14937.0,Netherlands
C569335,20725,LUNCH BAG RED RETROSPOT,-9,2025-02-18 02:05:08,1.65,17444.0,United Kingdom
564430,21977,PACK OF 60 PINK PAISLEY CAKE CASES,8,2025-07-12 21:17:28,0.55,13815.0,United Kingdom
555437,22423,REGENCY CAKESTAND 3 TIER,11,2025-10-29 21:23:02,14.02,17234.0,United Kingdom
549323,20725,LUNCH BAG RED RETROSPOT,16,2025-09-26 20:31:01,1.65,13501.0,United Kingdom
569725,20725,LUNCH BAG RED RETROSPOT,19,2025-07-31 08:22:15,1.65,12386.0,United Kingdom
551727,20725,LUNCH BAG RED RETROSPOT,2,2025-02-01 22:23:21,1.82,16352.0,EIRE
547681,21977,PACK OF 60 PINK PAISLEY CAKE CASES,5,2025-10-10 13:17:39,0.55,16541.0,Netherlands
556265,20725,LUNCH BAG RED RETROSPOT,14,2025-01-14 01:32:52,1.82,17557.0,United Kingdom
550074,21977,PACK OF 60 PINK PAISLEY CAKE CASES,3,2025-08-19 20:23:07,0.55,17529.0,United Kingdom
566241,85123A,WHITE HANGING HEART T-LIGHT HOLDER,12,2025-05-30 21:48:25,2.55,12613.0,United Kingdom
543199,20725,LUNCH BAG RED RETROSPOT,9,2025-11-18 07:16:33,1.65,15728.0,United Kingdom
537703,22423,REGENCY CAKESTAND 3 TIER,4,2025-04-23 05:57:59,11.48,16226.0,United Kingdom
550632,20725,LUNCH BAG RED RETROSPOT,10,2025-08-22 13:39:33,1.65,15605.0,United Kingdom
568242,21977,PACK OF 60 PINK PAISLEY CAKE CASES,10,2025-06-10 08:37:12,0.55,12112.0,United Kingdom
538108,22423,REGENCY CAKESTAND 3 TIER,14,2025-07-10 15:20:17,11.48,12270.0,United Kingdom
563478,85123A,WHITE HANGING HEART T-LIGHT HOLDER,16,2025-12-09 08:53:37,2.8,,EIRE
C536018,21977,PACK OF 60 PINK PAISLEY CAKE CASES,-19,2025-09-18 05:13:26,0.55,17136.0,United Kingdom
554956,20725,LUNCH BAG RED RETROSPOT,9,2025-06-01 05:34:42,1.48,13075.0,United Kingdom
551404,20725,LUNCH BAG RED RETROSPOT,14,2025-06-13 15:47:04,1.48,12278.0,United Kingdom
541431,21977,PACK OF 60 PINK PAISLEY CAKE CASES,15,2025-09-15 10:31:19,0.61,14424.0,United Kingdom
561364,22423,REGENCY CAKESTAND 3 TIER,19,2025-05-07 00:22:01,12.75,13881.0,Germany
541960,22423,REGENCY CAKESTAND 3 TIER,13,2025-03-03 12:07:56,12.75,17897.0,EIRE
550860,20725,LUNCH BAG RED RETROSPOT,5,2025-06-20 18:54:31,1.48,17555.0,Spain
554982,85099B,JUMBO BAG RED RETROSPOT,7,2025-01-25 03:34:04,2.29,,Germany
553612,20725,LUNCH BAG RED RETROSPOT,4,2025-03-03 05:51:34,1.65,,United Kingdom
537076,22423,REGENCY CAKESTAND 3 TIER,4,2025-06-03 08:37:42,12.75,13372.0,United Kingdom
551150,85123A,WHITE HANGING HEART T-LIGHT HOLDER,6,2025-10-18 22:15:03,2.55,17951.0,United Kingdom
558262,21977,PACK OF 60 PINK PAISLEY CAKE CASES,10,2025-10-13 08:21:19,0.61,14681.0,United Kingdom
553911,21977,PACK OF 60 PINK PAISLEY CAKE CASES,15,2025-04-06 20:06:22,0.55,14858.0,Spain
560822,21977,PACK OF 60 PINK PAISLEY CAKE CASES,6,2025-06-04 16:11:31,0.61,12303.0,United Kingdom
562370,22423,REGENCY CAKESTAND 3 TIER,4,2025-02-26 23:48:31,12.75,13064.0,United Kingdom
542098,20725,LUNCH BAG RED RETROSPOT,3,2025-10-03 13:56:19,1.65,13166.0,United Kingdom
563328,85099B,JUMBO BAG RED RETROSPOT,4,2025-03-31 07:36:26,2.08,14927.0,United Kingdom
566423,20725,LUNCH BAG RED RETROSPOT,9,2025-10-19 17:11:11,1.65,13138.0,Netherlands
564493,21977,PACK OF 60 PINK PAISLEY CAKE CASES,8,2025-11-04 02:10:06,0.55,,United Kingdom
564943,85099B,JUMBO BAG RED RETROSPOT,8,2025-09-09 18:48:52,2.08,15630.0,United Kingdom
543222,21977,PACK OF 60 PINK PAISLEY CAKE CASES,7,2025-05-01 05:36:59,0.5,17235.0,United Kingdom
558168,21977,PACK OF 60 PINK PAISLEY CAKE CASES,9,2025-12-14 16:00:29,0.55,12419.0,EIRE
551566,85099B,JUMBO BAG RED RETROSPOT,13,2025-09-08 13:55:13,2.08,15363.0,United Kingdom
569457,21977,PACK OF 60 PINK PAISLEY CAKE CASES,1,2025-08-24 05:47:23,0.55,17761.0,Germany
564254,85123A,WHITE HANGING HEART T-LIGHT HOLDER,17,2025-11-09 11:33:03,2.3,14427.0,United Kingdom
541491,POST,POSTAGE,6,2025-11-18 12:03:03,16.2,13097.0,United Kingdom
568023,22423,REGENCY CAKESTAND 3 TIER,3,2025-01-29 18:24:32,12.75,12477.0,Spain
559702,22423,REGENCY CAKESTAND 3 TIER,4,2025-11-18 11:11:52,12.75,17618.0,United Kingdom
554461,20725,LUNCH BAG RED RETROSPOT,11,2025-10-07 01:23:45,1.65,14431.0,United Kingdom
551165,22423,REGENCY CAKESTAND 3 TIER,10,2025-03-17 01:46:37,11.48,12630.0,Germany
552761,POST,POSTAGE,2,2025-04-23 15:56:58,19.8,17197.0,United Kingdom
562212,85099B,JUMBO BAG RED RETROSPOT,10,2025-10-02 21:28:03,2.08,16812.0,United Kingdom
561996,22423,REGENCY CAKESTAND 3 TIER,5,2025-03-21 10:26:41,12.75,16220.0,EIRE
554770,85123A,WHITE HANGING HEART T-LIGHT HOLDER,18,2025-06-15 02:11:40,2.8,12506.0,United Kingdom
569717,85123A,WHITE HANGING HEART T-LIGHT HOLDER,6,2025-09-09 04:06:14,2.55,12494.0,United Kingdom
543899,85123A,WHITE HANGING HEART T-LIGHT HOLDER,19,2025-08-26 23:26:04,2.55,13313.0,United Kingdom
550481,85123A,WHITE HANGING HEART T-LIGHT HOLDER,12,2025-11-29 16:52:45,2.55,12959.0,France
556356,22423,REGENCY CAKESTAND 3 TIER,19,2025-02-10 00:45:42,12.75,,United Kingdom
541613,22423,REGENCY CAKESTAND 3 TIER,11,2025-04-18 06:13:36,14.02,14353.0,United Kingdom
552959,85099B,JUMBO BAG RED RETROSPOT,3,2025-12-26 17:30:44,2.08,16591.0,Germany
564366,22423,REGENCY CAKESTAND 3 TIER,13,2025-07-27 15:09:29,11.48,12608.0,Germany
558966,85123A,WHITE HANGING HEART T-LIGHT HOLDER,10,2025-04-01 06:54:06,2.8,16367.0,Netherlands
560154,85123A,WHITE HANGING HEART T-LIGHT HOLDER,16,2025-04-16 16:42:14,2.3,17604.0,United Kingdom
541497,85123A,WHITE HANGING HEART T-LIGHT HOLDER,8,2025-05-04 21:42:47,2.55,12783.0,United Kingdom
540932,22423,REGENCY CAKESTAND 3 TIER,4,2025-07-22 21:36:12,11.48,15913.0,United Kingdom
551024,85123A,WHITE HANGING HEART T-LIGHT HOLDER,3,2025-04-14 19:46:36,2.3,15054.0,Germany
546999,85099B,JUMBO BAG RED RETROSPOT,15,2025-08-15 08:30:10,2.29,12568.0,United Kingdom
536343,POST,POSTAGE,5,2025-06-12 00:36:00,16.2,13756.0,Germany
554809,22423,REGENCY CAKESTAND 3 TIER,13,2025-08-11 09:22:38,14.02,,United Kingdom
561644,85123A,WHITE HANGING HEART T-LIGHT HOLDER,3,2025-02-26 00:31:36,2.55,17214.0,EIRE
560869,21977,PACK OF 60 PINK PAISLEY CAKE CASES,2,2025-08-16 13:41:01,0.55,14210.0,EIRE
539506,85099B,JUMBO BAG RED RETROSPOT,14,2025-12-04 14:28:35,2.29,12639.0,United Kingdom
562541,85123A,WHITE HANGING HEART T-LIGHT HOLDER,7,2025-02-19 08:12:10,2.3,13469.0,Netherlands
548945,20725,LUNCH BAG RED RETROSPOT,11,2025-04-30 03:35:24,1.65,,Netherlands
541294,20725,LUNCH BAG RED RETROSPOT,1,2025-09-11 12:35:35,1.82,15419.0,United Kingdom
552046,POST,POSTAGE,4,2025-08-14 00:20:23,18.0,14582.0,United Kingdom
543369,POST,POSTAGE,2,2025-09-04 06:37:55,18.0,12080.0,Germany
558877,21977,PACK OF 60 PINK PAISLEY CAKE CASES,6,2025-07-24 23:13:34,0.5,16696.0,United Kingdom
561300,21977,PACK OF 60 PINK PAISLEY CAKE CASES,6,2025-09-07 21:56:25,0.5,14792.0,United Kingdom
560672,85099B,JUMBO BAG RED RETROSPOT,8,2025-08-11 15:11:19,1.87,15271.0,United Kingdom
539947,POST,POSTAGE,5,2025-01-28 08:58:34,18.0,17062.0,Netherlands
547850,21977,PACK OF 60 PINK PAISLEY CAKE CASES,9,2025-10-02 00:15:35,0.55,15374.0,United Kingdom
552937,22423,REGENCY CAKESTAND 3 TIER,18,2025-06-13 15:36:04,12.75,17568.0,France
569483,85123A,WHITE HANGING HEART T-LIGHT HOLDER,2,2025-01-19 11:46:20,2.55,15357.0,United Kingdom
554563,21977,PACK OF 60 PINK PAISLEY CAKE CASES,17,2025-05-30 17:07:21,0.55,14055.0,United Kingdom
558215,85099B,JUMBO BAG RED RETROSPOT,8,2025-06-08 03:46:51,2.29,,Spain
547538,20725,LUNCH BAG RED RETROSPOT,11,2025-02-01 19:55:39,1.65,15854.0,United Kingdom
546043,85123A,WHITE HANGING HEART T-LIGHT HOLDER,13,2025-12-30 19:19:27,2.8,16562.0,United Kingdom
563075,20725,LUNCH BAG RED RETROSPOT,14,2025-03-23 10:16:35,1.65,13360.0,United Kingdom
564372,85123A,WHITE HANGING HEART T-LIGHT HOLDER,18,2025-05-01 00:41:18,2.3,16026.0,France
537884,21977,PACK OF 60 PINK PAISLEY CAKE CASES,19,2025-06-10 11:11:34,0.55,15361.0,United Kingdom
554317,85099B,JUMBO BAG RED RETROSPOT,2,2025-10-31 08:54:07,2.08,,United Kingdom
562433,22423,REGENCY CAKESTAND 3 TIER,8,2025-09-29 18:15:47,11.48,13524.0,United Kingdom
541367,85099B,JUMBO BAG RED RETROSPOT,11,2025-10-09 05:42:45,1.87,17469.0,United Kingdom
557965,22423,REGENCY CAKESTAND 3 TIER,10,2025-03-28 00:25:56,11.48,15428.0,United Kingdom
552104,85123A,WHITE HANGING HEART T-LIGHT HOLDER,19,2025-11-05 23:32:27,2.3,16645.0,United Kingdom
553245,20725,LUNCH BAG RED RETROSPOT,13,2025-10-30 05:47:26,1.82,13030.0,United Kingdom
556192,22423,REGENCY CAKESTAND 3 TIER,8,2025-06-19 01:52:28,11.48,13307.0,United Kingdom
C565660,20725,LUNCH BAG RED RETROSPOT,-18,2025-07-19 20:34:07,1.48,17647.0,Germany
538953,20725,LUNCH BAG RED RETROSPOT,14,2025-01-14 17:16:38,1.65,14521.0,France
542876,85123A,WHITE HANGING HEART T-LIGHT HOLDER,16,2025-10-05 06:26:58,2.55,17321.0,United Kingdom
547731,POST,POSTAGE,12,2025-12-17 11:28:21,19.8,16850.0,United Kingdom
C563226,20725,LUNCH BAG RED RETROSPOT,-2,2025-06-22 16:31:10,1.48,14021.0,United Kingdom
556136,20725,LUNCH BAG RED RETROSPOT,19,2025-07-17 19:35:44,1.82,,Netherlands
542384,20725,LUNCH BAG RED RETROSPOT,14,2025-07-02 08:56:55,1.48,16659.0,United Kingdom
536803,21977,PACK OF 60 PINK PAISLEY CAKE CASES,3,2025-01-31 05:08:30,0.55,12766.0,United Kingdom
569675,POST,POSTAGE,5,2025-08-15 00:21:11,18.0,12573.0,United Kingdom
540681,85123A,WHITE HANGING HEART T-LIGHT HOLDER,7,2025-09-21 20:31:37,2.8,12759.0,United Kingdom
537114,85123A,WHITE HANGING HEART T-LIGHT HOLDER,5,2025-12-05 19:32:28,2.3,16442.0,United Kingdom
549823,20725,LUNCH BAG RED RETROSPOT,12,2025-12-06 22:48:31,1.65,12859.0,United Kingdom
554808,22423,REGENCY CAKESTAND 3 TIER,11,2025-06-29 17:56:36,12.75,13694.0,Germany
544793,21977,PACK OF 60 PINK PAISLEY CAKE CASES,5,2025-12-17 05:06:52,0.55,14606.0,Germany
541712,85099B,JUMBO BAG RED RETROSPOT,14,2025-07-12 05:46:00,2.08,12813.0,Germany
538942,22423,REGENCY CAKESTAND 3 TIER,6,2025-08-23 05:49:33,11.48,13982.0,EIRE
549871,POST,POSTAGE,4,2025-08-08 10:59:52,19.8,16069.0,United Kingdom
568362,85123A,WHITE HANGING HEART T-LIGHT HOLDER,19,2025-12-31 23:07:40,2.8,17832.0,Netherlands
541030,85123A,WHITE HANGING HEART T-LIGHT HOLDER,6,2025-09-27 16:34:55,2.55,14818.0,France
555475,21977,PACK OF 60 PINK PAISLEY CAKE CASES,5,2025-02-13 10:25:08,0.61,16480.0,EIRE
542590,20725,LUNCH BAG RED RETROSPOT,14,2025-01-27 17:42:04,1.65,15180.0,France
558906,20725,LUNCH BAG RED RETROSPOT,15,2025-05-30 20:02:45,1.82,14797.0,United Kingdom
C538073,22423,REGENCY CAKESTAND 3 TIER,-3,2025-07-08 09:41:05,14.02,15123.0,United Kingdom
542910,POST,POSTAGE,2,2025-09-02 20:13:05,19.8,17751.0,United Kingdom
536272,21977,PACK OF 60 PINK PAISLEY CAKE CASES,17,2025-06-25 00:26:26,0.61,12356.0,United Kingdom
558046,20725,LUNCH BAG RED RETROSPOT,10,2025-07-07 07:27:37,1.65,15080.0,United Kingdom
560456,85123A,WHITE HANGING HEART T-LIGHT HOLDER,9,2025-12-03 04:04:35,2.3,12308.0,United Kingdom
541832,85099B,JUMBO BAG RED RETROSPOT,8,2025-05-03 04:17:27,2.08,17250.0,United Kingdom
551417,85099B,JUMBO BAG RED RETROSPOT,12,2025-06-30 04:52:00,2.08,15607.0,Netherlands
545969,21977,PACK OF 60 PINK PAISLEY CAKE CASES,13,2025-07-23 08:47:48,0.55,12283.0,France
537550,85123A,WHITE HANGING HEART T-LIGHT HOLDER,2,2025-06-20 17:23:43,2.55,15743.0,Germany
537267,85099B,JUMBO BAG RED RETROSPOT,6,2025-12-20 14:12:20,1.87,14614.0,United Kingdom
567924,21977,PACK OF 60 PINK PAISLEY CAKE CASES,19,2025-12-18 10:35:10,0.55,12283.0,Germany
558010,85099B,JUMBO BAG RED RETROSPOT,4,2025-07-07 11:55:48,2.08,17869.0,Spain
558630,85099B,JUMBO BAG RED RETROSPOT,18,2025-06-14 04:23:53,1.87,14270.0,Germany
546041,22423,REGENCY CAKESTAND 3 TIER,8,2025-08-03 17:40:59,14.02,12142.0,Germany
544985,20725,LUNCH BAG RED RETROSPOT,4,2025-03-08 18:07:15,1.48,15677.0,United Kingdom
563020,21977,PACK OF 60 PINK PAISLEY CAKE CASES,12,2025-06-05 13:10:17,0.5,14251.0,United Kingdom
550915,21977,PACK OF 60 PINK PAISLEY CAKE CASES,13,2025-03-21 19:32:36,0.55,15940.0,France
539471,POST,POSTAGE,7,2025-02-22 19:19:56,19.8,12974.0,Netherlands
552635,21977,PACK OF 60 PINK PAISLEY CAKE CASES,16,2025-02-04 19:18:16,0.5,16969.0,United Kingdom
553734,22423,REGENCY CAKESTAND 3 TIER,2,2025-08-03 02:29:40,12.75,14520.0,United Kingdom
555377,21977,PACK OF 60 PINK PAISLEY CAKE CASES,3,2025-01-01 02:03:59,0.55,14524.0,United Kingdom
554254,POST,POSTAGE,12,2025-08-24 10:32:17,18.0,16822.0,United Kingdom
565153,85123A,WHITE HANGING HEART T-LIGHT HOLDER,11,2025-06-07 01:22:00,2.8,15289.0,Netherlands
544307,21977,PACK OF 60 PINK PAISLEY CAKE CASES,14,2025-05-14 00:23:07,0.55,12008.0,France
556056,85123A,WHITE HANGING HEART T-LIGHT HOLDER,17,2025-10-08 03:08:23,2.55,15471.0,United Kingdom
566182,20725,LUNCH BAG RED RETROSPOT,18,2025-07-16 02:53:57,1.65,15875.0,United Kingdom
569276,21977,PACK OF 60 PINK PAISLEY CAKE CASES,10,2025-09-25 07:49:12,0.55,,United Kingdom
568809,POST,POSTAGE,10,2025-09-16 07:57:22,19.8,13084.0,United Kingdom
560711,21977,PACK OF 60 PINK PAISLEY CAKE CASES,18,2025-01-12 19:40:12,0.55,12322.0,United Kingdom
539626,85123A,WHITE HANGING HEART T-LIGHT HOLDER,19,2025-03-20 21:38:10,2.3,,EIRE
569609,85099B,JUMBO BAG RED RETROSPOT,1,2025-07-28 04:05:07,2.08,12025.0,Germany
537096,POST,POSTAGE,10,2025-12-23 09:07:25,16.2,15500.0,United Kingdom
554725,22423,REGENCY CAKESTAND 3 TIER,18,2025-02-26 12:11:51,14.02,17016.0,France
551188,85123A,WHITE HANGING HEART T-LIGHT HOLDER,1,2025-02-08 06:33:47,2.8,14112.0,France
559067,20725,LUNCH BAG RED RETROSPOT,19,2025-12-10 07:56:24,1.82,13201.0,United Kingdom
562613,85099B,JUMBO BAG RED RETROSPOT,15,2025-12-19 16:05:56,2.29,16289.0,Germany
561088,85123A,WHITE HANGING HEART T-LIGHT HOLDER,3,2025-03-03 10:12:37,2.55,15781.0,Germany
543712,22423,REGENCY CAKESTAND 3 TIER,13,2025-05-27 16:52:59,12.75,,EIRE
561661,22423,REGENCY CAKESTAND 3 TIER,9,2025-08-17 01:47:47,12.75,15462.0,United Kingdom
561765,21977,PACK OF 60 PINK PAISLEY CAKE CASES,7,2025-03-13 11:33:06,0.61,12002.0,United Kingdom
536830,85099B,JUMBO BAG RED RETROSPOT,12,2025-04-30 07:27:15,1.87,14397.0,United Kingdom
557668,85099B,JUMBO BAG RED RETROSPOT,14,2025-05-25 06:55:28,1.87,13824.0,United Kingdom
540334,20725,LUNCH BAG RED RETROSPOT,17,2025-08-23 11:14:29,1.82,17000.0,United Kingdom
555108,22423,REGENCY CAKESTAND 3 TIER,8,2025-04-23 07:14:36,12.75,17863.0,EIRE
543742,21977,PACK OF 60 PINK PAISLEY CAKE CASES,4,2025-05-31 18:11:49,0.55,16190.0,United Kingdom
548185,85099B,JUMBO BAG RED RETROSPOT,17,2025-04-16 04:27:11,2.08,16406.0,United Kingdom
545230,85099B,JUMBO BAG RED RETROSPOT,7,2025-10-05 21:26:02,2.08,,Netherlands
565313,21977,PACK OF 60 PINK PAISLEY CAKE CASES,15,2025-02-25 08:42:07,0.55,12383.0,United Kingdom
566782,21977,PACK OF 60 PINK PAISLEY CAKE CASES,16,2025-03-26 12:38:46,0.55,16660.0,United Kingdom
563141,POST,POSTAGE,2,2025-04-02 04:02:17,19.8,14569.0,Germany
560568,22423,REGENCY CAKESTAND 3 TIER,8,2025-11-27 22:03:40,11.48,15041.0,United Kingdom
548353,85123A,WHITE HANGING HEART T-LIGHT HOLDER,2,2025-12-11 15:25:48,2.55,16151.0,United Kingdom
540871,85099B,JUMBO BAG RED RETROSPOT,12,2025-07-02 18:28:26,2.08,14082.0,France
555320,21977,PACK OF 60 PINK PAISLEY CAKE CASES,16,2025-02-27 21:28:21,0.55,,United Kingdom
550496,22423,REGENCY CAKESTAND 3 TIER,11,2025-10-03 23:53:40,14.02,16361.0,United Kingdom
545601,POST,POSTAGE,7,2025-06-29 06:06:07,18.0,13442.0,United Kingdom
544266,20725,LUNCH BAG RED RETROSPOT,19,2025-11-07 07:53:40,1.48,16116.0,EIRE
541471,85099B,JUMBO BAG RED RETROSPOT,2,2025-05-12 05:48:47,2.08,13016.0,United Kingdom
564215,85099B,JUMBO BAG RED RETROSPOT,3,2025-12-31 12:02:16,1.87,13863.0,France
546926,85123A,WHITE HANGING HEART T-LIGHT HOLDER,7,2025-10-22 21:33:20,2.55,16680.0,United Kingdom
567205,85099B,JUMBO BAG RED RETROSPOT,19,2025-03-23 17:43:04,1.87,17898.0,Germany
558770,21977,PACK OF 60 PINK PAISLEY CAKE CASES,17,2025-09-22 13:37:58,0.55,12387.0,United Kingdom
541585,POST,POSTAGE,11,2025-04-15 11:21:56,16.2,15892.0,United Kingdom
538126,85099B,JUMBO BAG RED RETROSPOT,19,2025-05-08 17:30:52,2.08,15418.0,United Kingdom
550163,85123A,WHITE HANGING HEART T-LIGHT HOLDER,18,2025-04-02 11:12:57,2.8,15634.0,France
538773,85123A,WHITE HANGING HEART T-LIGHT HOLDER,12,2025-09-07 21:20:21,2.55,16720.0,United Kingdom
568396,85123A,WHITE HANGING HEART T-LIGHT HOLDER,3,2025-04-06 13:25:15,2.55,12419.0,United Kingdom
566846,POST,POSTAGE,18,2025-08-22 15:57:33,19.8,16435.0,United Kingdom
558341,20725,LUNCH BAG RED RETROSPOT,13,2025-08-01 16:18:16,1.82,13675.0,United Kingdom
545959,20725,LUNCH BAG RED RETROSPOT,3,2025-10-02 17:49:08,1.82,12925.0,Germany
565515,20725,LUNCH BAG RED RETROSPOT,16,2025-12-29 11:28:19,1.82,14681.0,United Kingdom
558000,85123A,WHITE HANGING HEART T-LIGHT HOLDER,8,2025-01-04 09:17:12,2.55,12162.0,United Kingdom
548161,20725,LUNCH BAG RED RETROSPOT,15,2025-12-28 09:57:30,1.65,15783.0,United Kingdom
565915,20725,LUNCH BAG RED RETROSPOT,5,2025-02-09 22:30:57,1.82,15391.0,United Kingdom
543129,22423,REGENCY CAKESTAND 3 TIER,1,2025-07-12 02:37:58,12.75,15076.0,United Kingdom
555305,85099B,JUMBO BAG RED RETROSPOT,9,2025-05-05 16:53:36,1.87,,United Kingdom
559504,21977,PACK OF 60 PINK PAISLEY CAKE CASES,9,2025-08-22 23:03:04,0.55,16578.0,United Kingdom
566867,POST,POSTAGE,17,2025-09-21 01:43:14,16.2,12211.0,Spain
540672,85123A,WHITE HANGING HEART T-LIGHT HOLDER,3,2025-11-10 14:49:42,2.55,13575.0,United Kingdom
545780,POST,POSTAGE,18,2025-05-27 14:17:06,19.8,14375.0,EIRE
564556,POST,POSTAGE,3,2025-12-07 08:01:25,18.0,16212.0,United Kingdom
552986,POST,POSTAGE,18,2025-04-28 02:16:18,18.0,14446.0,United Kingdom
561664,85123A,WHITE HANGING HEART T-LIGHT HOLDER,14,2025-03-16 16:15:47,2.55,16899.0,United Kingdom
562299,22423,REGENCY CAKESTAND 3 TIER,7,2025-05-19 12:31:51,12.75,17606.0,United Kingdom
546366,21977,PACK OF 60 PINK PAISLEY CAKE CASES,19,2025-07-12 18:02:28,0.55,16590.0,Germany
547268,22423,REGENCY CAKESTAND 3 TIER,7,2025-09-01 02:07:25,11.48,12233.0,EIRE
552956,85123A,WHITE HANGING HEART T-LIGHT HOLDER,13,2025-10-31 22:25:56,2.55,16625.0,Germany
536949,20725,LUNCH BAG RED RETROSPOT,1,2025-03-24 15:03:13,1.65,13237.0,Germany
563172,85123A,WHITE HANGING HEART T-LIGHT HOLDER,2,2025-04-21 10:37:22,2.3,17331.0,United Kingdom
539925,85099B,JUMBO BAG RED RETROSPOT,7,2025-12-09 10:57:10,2.29,17871.0,United Kingdom
567786,POST,POSTAGE,5,2025-06-10 22:50:52,18.0,12505.0,EIRE
562478,85099B,JUMBO BAG RED RETROSPOT,5,2025-03-30 13:16:26,2.08,12591.0,United Kingdom
547973,POST,POSTAGE,8,2025-12-26 13:55:30,18.0,16183.0,United Kingdom
538457,85099B,JUMBO BAG RED RETROSPOT,12,2025-06-13 15:34:29,1.87,12859.0,Netherlands
562859,85099B,JUMBO BAG RED RETROSPOT,3,2025-12-26 07:30:01,2.08,17812.0,Netherlands
551249,85123A,WHITE HANGING HEART T-LIGHT HOLDER,15,2025-12-02 06:00:30,2.55,15241.0,Germany
542611,85099B,JUMBO BAG RED RETROSPOT,17,2025-11-27 18:01:39,2.08,15441.0,United Kingdom
550605,22423,REGENCY CAKESTAND 3 TIER,16,2025-08-01 07:40:06,11.48,17161.0,EIRE
566720,20725,LUNCH BAG RED RETROSPOT,4,2025-10-19 00:49:17,1.82,13303.0,United Kingdom
559408,POST,POSTAGE,17,2025-12-17 11:34:10,18.0,15334.0,United Kingdom
559332,85123A,WHITE HANGING HEART T-LIGHT HOLDER,3,2025-04-09 00:14:38,2.8,17992.0,United Kingdom
553495,85123A,WHITE HANGING HEART T-LIGHT HOLDER,3,2025-01-14 13:35:29,2.55,12132.0,Netherlands
541193,21977,PACK OF 60 PINK PAISLEY CAKE CASES,14,2025-04-28 15:27:43,0.55,13048.0,Netherlands
568286,85099B,JUMBO BAG RED RETROSPOT,15,2025-08-21 22:10:03,2.29,12876.0,Germany
561154,22423,REGENCY CAKESTAND 3 TIER,3,2025-07-19 14:33:51,12.75,14013.0,United Kingdom
553516,22423,REGENCY CAKESTAND 3 TIER,8,2025-01-30 08:26:44,12.75,12779.0,United Kingdom
560617,22423,REGENCY CAKESTAND 3 TIER,8,2025-07-24 15:24:59,11.48,13032.0,United Kingdom
548337,85099B,JUMBO BAG RED RETROSPOT,14,2025-03-05 14:12:05,1.87,17116.0,Spain
561238,85123A,WHITE HANGING HEART T-LIGHT HOLDER,10,2025-07-04 17:47:15,2.3,14787.0,United Kingdom
568910,20725,LUNCH BAG RED RETROSPOT,12,2025-07-30 22:08:27,1.65,14148.0,United Kingdom
547725,22423,REGENCY CAKESTAND 3 TIER,2,2025-08-21 02:19:39,12.75,14513.0,France
536285,85099B,JUMBO BAG RED RETROSPOT,19,2025-05-31 17:13:40,2.08,17823.0,United Kingdom
561153,85099B,JUMBO BAG RED RETROSPOT,11,2025-05-30 19:19:00,2.29,14947.0,EIRE
564969,85123A,WHITE HANGING HEART T-LIGHT HOLDER,13,2025-09-05 07:52:48,2.55,14813.0,United Kingdom
564103,POST,POSTAGE,10,2025-10-01 09:40:58,19.8,17567.0,EIRE
569153,21977,PACK OF 60 PINK PAISLEY CAKE CASES,5,2025-10-22 09:57:10,0.61,12223.0,United Kingdom
547802,20725,LUNCH BAG RED RETROSPOT,13,2025-05-02 08:57:54,1.48,14869.0,United Kingdom
567213,85099B,JUMBO BAG RED RETROSPOT,6,2025-06-04 21:05:26,2.08,16489.0,United Kingdom
543070,85099B,JUMBO BAG RED RETROSPOT,5,2025-05-01 07:49:37,2.29,15087.0,United Kingdom
555962,22423,REGENCY CAKESTAND 3 TIER,11,2025-07-12 10:30:16,12.75,17209.0,Germany
566187,21977,PACK OF 60 PINK PAISLEY CAKE CASES,7,2025-02-16 14:02:07,0.55,17320.0,United Kingdom
567124,21977,PACK OF 60 PINK PAISLEY CAKE CASES,17,2025-06-06 06:02:56,0.55,14017.0,United Kingdom
557103,85099B,JUMBO BAG RED RETROSPOT,13,2025-03-10 16:45:03,2.29,16906.0,France
554566,85123A,WHITE HANGING HEART T-LIGHT HOLDER,8,2025-07-14 12:33:13,2.3,13463.0,United Kingdom
551653,22423,REGENCY CAKESTAND 3 TIER,1,2025-11-07 04:04:57,12.75,13438.0,Germany
565496,85123A,WHITE HANGING HEART T-LIGHT HOLDER,7,2025-12-26 04:27:50,2.3,17864.0,France
565911,22423,REGENCY CAKESTAND 3 TIER,3,2025-06-12 00:39:09,12.75,12077.0,United Kingdom
544145,21977,PACK OF 60 PINK PAISLEY CAKE CASES,5,2025-01-21 13:58:08,0.5,14118.0,France
540624,POST,POSTAGE,6,2025-03-25 19:13:09,18.0,15776.0,United Kingdom
563673,85123A,WHITE HANGING HEART T-LIGHT HOLDER,13,2025-02-08 23:47:45,2.55,14481.0,United Kingdom
563559,85123A,WHITE HANGING HEART T-LIGHT HOLDER,3,2025-10-05 15:50:09,2.3,,United Kingdom
539392,22423,REGENCY CAKESTAND 3 TIER,4,2025-12-26 23:15:45,12.75,13509.0,EIRE
552687,85123A,WHITE HANGING HEART T-LIGHT HOLDER,1,2025-07-22 23:42:56,2.55,15317.0,Germany
553220,21977,PACK OF 60 PINK PAISLEY CAKE CASES,18,2025-03-06 14:43:52,0.55,12751.0,United Kingdom
537445,85123A,WHITE HANGING HEART T-LIGHT HOLDER,19,2025-01-08 09:00:08,2.55,13267.0,Netherlands
558577,POST,POSTAGE,6,2025-12-23 21:16:14,19.8,13041.0,United Kingdom
569068,20725,LUNCH BAG RED RETROSPOT,9,2025-04-26 15:10:54,1.82,16448.0,Spain
543191,85099B,JUMBO BAG RED RETROSPOT,6,2025-02-10 19:33:49,1.87,13216.0,France
562454,POST,POSTAGE,11,2025-03-06 05:25:52,18.0,16017.0,Netherlands
538752,21977,PACK OF 60 PINK PAISLEY CAKE CASES,11,2025-04-04 22:48:57,0.55,14073.0,Spain
543301,POST,POSTAGE,5,2025-08-28 10:18:01,19.8,15390.0,Netherlands
555216,22423,REGENCY CAKESTAND 3 TIER,13,2025-11-22 20:57:15,12.75,17243.0,United Kingdom
567405,POST,POSTAGE,1,2025-04-11 09:00:22,16.2,17180.0,EIRE
566104,85123A,WHITE HANGING HEART T-LIGHT HOLDER,13,2025-09-08 21:35:45,2.8,,EIRE
567801,85099B,JUMBO BAG RED RETROSPOT,15,2025-01-24 16:08:59,2.29,16705.0,Germany
569577,POST,POSTAGE,2,2025-01-04 05:30:32,18.0,17733.0,United Kingdom
563215,85099B,JUMBO BAG RED RETROSPOT,14,2025-01-21 03:33:46,2.29,16007.0,Netherlands
548354,85123A,WHITE HANGING HEART T-LIGHT HOLDER,15,2025-12-03 03:47:32,2.55,13123.0,United Kingdom
540323,85123A,WHITE HANGING HEART T-LIGHT HOLDER,19,2025-08-01 08:59:22,2.55,15988.0,United Kingdom
C563955,85123A,WHITE HANGING HEART T-LIGHT HOLDER,-16,2025-10-21 01:03:19,2.55,15816.0,United Kingdom
542336,85099B,JUMBO BAG RED RETROSPOT,1,2025-01-08 13:09:51,2.08,15973.0,United Kingdom
553701,85099B,JUMBO BAG RED RETROSPOT,2,2025-01-09 15:49:24,2.29,14572.0,France
561637,21977,PACK OF 60 PINK PAISLEY CAKE CASES,3,2025-11-06 17:52:04,0.5,,United Kingdom
537177,20725,LUNCH BAG RED RETROSPOT,12,2025-02-07 22:24:14,1.65,,France
567069,85123A,WHITE HANGING HEART T-LIGHT HOLDER,14,2025-02-26 19:12:34,2.3,14783.0,EIRE
546314,20725,LUNCH BAG RED RETROSPOT,13,2025-07-09 23:51:08,1.48,16641.0,United Kingdom
543310,21977,PACK OF 60 PINK PAISLEY CAKE CASES,7,2025-08-10 14:29:19,0.5,16257.0,France
548642,20725,LUNCH BAG RED RETROSPOT,4,2025-03-25 20:27:22,1.65,13818.0,United Kingdom
551668,20725,LUNCH BAG RED RETROSPOT,2,2025-06-12 18:35:22,1.65,15662.0,EIRE
551452,POST,POSTAGE,8,2025-09-04 19:56:39,18.0,16539.0,Netherlands
541262,85123A,WHITE HANGING HEART T-LIGHT HOLDER,6,2025-06-11 09:51:22,2.8,14939.0,United Kingdom
542437,21977,PACK OF 60 PINK PAISLEY CAKE CASES,6,2025-05-20 12:27:11,0.5,16290.0,France
552252,POST,POSTAGE,2,2025-01-27 21:56:07,16.2,12759.0,United Kingdom
543700,20725,LUNCH BAG RED RETROSPOT,6,2025-06-14 10:50:49,1.82,14317.0,United Kingdom
557845,85123A,WHITE HANGING HEART T-LIGHT HOLDER,16,2025-10-21 14:33:06,2.8,16211.0,France
C566570,21977,PACK OF 60 PINK PAISLEY CAKE CASES,-5,2025-08-17 15:22:03,0.55,17370.0,United Kingdom
536630,20725,LUNCH BAG RED RETROSPOT,17,2025-11-22 04:26:12,1.82,15875.0,Germany
537228,22423,REGENCY CAKESTAND 3 TIER,2,2025-02-16 00:32:41,14.02,15982.0,United Kingdom
557859,21977,PACK OF 60 PINK PAISLEY CAKE CASES,13,2025-01-05 16:41:09,0.55,14053.0,United Kingdom
536972,20725,LUNCH BAG RED RETROSPOT,3,2025-07-20 19:03:49,1.65,16205.0,Spain
557751,85099B,JUMBO BAG RED RETROSPOT,8,2025-03-07 13:58:41,2.29,14137.0,United Kingdom
552672,85123A,WHITE HANGING HEART T-LIGHT HOLDER,19,2025-08-05 15:46:46,2.55,12312.0,Germany
551470,21977,PACK OF 60 PINK PAISLEY CAKE CASES,15,2025-11-26 01:36:12,0.61,13480.0,United Kingdom
556622,21977,PACK OF 60 PINK PAISLEY CAKE CASES,10,2025-05-04 04:04:52,0.5,15667.0,EIRE
566443,85099B,JUMBO BAG RED RETROSPOT,13,2025-07-20 17:42:15,1.87,17771.0,Germany
540334,21977,PACK OF 60 PINK PAISLEY CAKE CASES,13,2025-09-06 15:15:24,0.55,14974.0,United Kingdom
540583,85099B,JUMBO BAG RED RETROSPOT,16,2025-02-24 04:44:53,2.29,,United Kingdom
559685,20725,LUNCH BAG RED RETROSPOT,12,2025-11-24 14:23:14,1.65,16668.0,United Kingdom
537744,20725,LUNCH BAG RED RETROSPOT,10,2025-03-16 00:50:34,1.65,,Netherlands
550582,20725,LUNCH BAG RED RETROSPOT,2,2025-10-23 18:54:43,1.48,16825.0,United Kingdom
C552858,85099B,JUMBO BAG RED RETROSPOT,-19,2025-08-29 00:38:36,1.87,14409.0,United Kingdom
549318,85123A,WHITE HANGING HEART T-LIGHT HOLDER,11,2025-02-21 20:05:58,2.3,14656.0,France
554123,20725,LUNCH BAG RED RETROSPOT,6,2025-09-22 05:22:11,1.48,16420.0,United Kingdom
539858,85123A,WHITE HANGING HEART T-LIGHT HOLDER,3,2025-03-13 06:04:55,2.55,15833.0,United Kingdom
545067,85099B,JUMBO BAG RED RETROSPOT,12,2025-08-07 22:13:12,2.08,15166.0,United Kingdom
536172,85123A,WHITE HANGING HEART T-LIGHT HOLDER,15,2025-12-17 19:32:50,2.55,14599.0,United Kingdom
568695,85099B,JUMBO BAG RED RETROSPOT,16,2025-12-14 08:04:37,2.29,17855.0,France
564287,21977,PACK OF 60 PINK PAISLEY CAKE CASES,17,2025-11-15 04:22:13,0.55,12394.0,Spain
544626,85099B,JUMBO BAG RED RETROSPOT,17,2025-06-30 02:37:49,2.08,12330.0,Spain
537235,85099B,JUMBO BAG RED RETROSPOT,12,2025-07-24 09:27:39,2.08,14874.0,Spain
545185,85123A,WHITE HANGING HEART T-LIGHT HOLDER,18,2025-04-20 13:56:37,2.55,12205.0,United Kingdom
568506,22423,REGENCY CAKESTAND 3 TIER,2,2025-12-03 11:49:24,11.48,14045.0,United Kingdom
563573,85099B,JUMBO BAG RED RETROSPOT,8,2025-06-24 21:31:14,2.08,15411.0,Germany
558407,20725,LUNCH BAG RED RETROSPOT,10,2025-10-09 19:19:06,1.65,14430.0,Netherlands
567376,POST,POSTAGE,14,2025-05-12 06:14:48,19.8,13219.0,France
542005,POST,POSTAGE,6,2025-09-28 21:37:33,18.0,13708.0,United Kingdom
554228,85123A,WHITE HANGING HEART T-LIGHT HOLDER,6,2025-03-23 11:05:01,2.3,15625.0,France
562992,22423,REGENCY CAKESTAND 3 TIER,18,2025-09-25 00:24:47,14.02,17708.0,EIRE
536647,85099B,JUMBO BAG RED RETROSPOT,13,2025-01-17 20:26:01,2.08,16688.0,Netherlands
550790,21977,PACK OF 60 PINK PAISLEY CAKE CASES,13,2025-02-08 17:41:37,0.55,15284.0,France
548084,20725,LUNCH BAG RED RETROSPOT,4,2025-05-09 08:31:40,1.65,12828.0,United Kingdom
542011,20725,LUNCH BAG RED RETROSPOT,10,2025-06-25 21:03:37,1.82,13455.0,United Kingdom
543613,85099B,JUMBO BAG RED RETROSPOT,9,2025-09-17 21:44:16,1.87,14643.0,United Kingdom
568916,21977,PACK OF 60 PINK PAISLEY CAKE CASES,12,2025-05-12 22:54:11,0.55,13480.0,United Kingdom
553374,POST,POSTAGE,18,2025-01-07 21:54:05,19.8,16132.0,Netherlands
538774,22423,REGENCY CAKESTAND 3 TIER,6,2025-04-29 06:25:45,12.75,14197.0,United Kingdom
559207,20725,LUNCH BAG RED RETROSPOT,16,2025-06-10 13:22:57,1.82,17003.0,United Kingdom
556098,20725,LUNCH BAG RED RETROSPOT,13,2025-07-18 04:09:03,1.65,13614.0,United Kingdom
549342,85123A,WHITE HANGING HEART T-LIGHT HOLDER,10,2025-08-24 16:21:38,2.55,14978.0,Germany
549499,POST,POSTAGE,19,2025-04-01 11:58:28,16.2,16286.0,United Kingdom
554270,20725,LUNCH BAG RED RETROSPOT,3,2025-08-11 21:06:11,1.65,13236.0,United Kingdom
567579,20725,LUNCH BAG RED RETROSPOT,13,2025-08-19 21:37:26,1.48,16568.0,Spain
561835,85123A,WHITE HANGING HEART T-LIGHT HOLDER,8,2025-10-11 07:37:44,2.8,15514.0,United Kingdom
549616,85123A,WHITE HANGING HEART T-LIGHT HOLDER,13,2025-07-10 07:34:29,2.3,15885.0,United Kingdom
544368,21977,PACK OF 60 PINK PAISLEY CAKE CASES,3,2025-10-23 00:46:03,0.5,14727.0,United Kingdom
539696,85123A,WHITE HANGING HEART T-LIGHT HOLDER,14,2025-03-22 12:07:17,2.55,17610.0,Germany
542662,85123A,WHITE HANGING HEART T-LIGHT HOLDER,2,2025-09-17 09:13:57,2.3,16631.0,France
540673,85099B,JUMBO BAG RED RETROSPOT,7,2025-01-17 23:53:35,2.08,13152.0,Spain
563391,85123A,WHITE HANGING HEART T-LIGHT HOLDER,18,2025-02-07 19:37:33,2.55,15333.0,United Kingdom
555576,20725,LUNCH BAG RED RETROSPOT,13,2025-11-12 10:56:41,1.65,17419.0,Netherlands
537258,21977,PACK OF 60 PINK PAISLEY CAKE CASES,10,2025-06-23 13:37:40,0.55,13676.0,France
567490,85123A,WHITE HANGING HEART T-LIGHT HOLDER,7,2025-08-15 15:04:40,2.3,15218.0,United Kingdom
541120,21977,PACK OF 60 PINK PAISLEY CAKE CASES,2,2025-08-09 21:40:19,0.55,16526.0,United Kingdom
557945,85123A,WHITE HANGING HEART T-LIGHT HOLDER,3,2025-09-11 23:53:39,2.3,13639.0,United Kingdom
536420,85123A,WHITE HANGING HEART T-LIGHT HOLDER,14,2025-03-31 10:02:15,2.55,15106.0,Spain
556020,85099B,JUMBO BAG RED RETROSPOT,6,2025-03-07 08:48:51,2.29,15317.0,United Kingdom
554883,85099B,JUMBO BAG RED RETROSPOT,2,2025-01-16 17:06:48,2.08,13065.0,United Kingdom
566901,22423,REGENCY CAKESTAND 3 TIER,9,2025-11-12 06:33:01,12.75,13065.0,France
556402,21977,PACK OF 60 PINK PAISLEY CAKE CASES,8,2025-03-23 03:22:20,0.5,15378.0,Spain
552632,85099B,JUMBO BAG RED RETROSPOT,19,2025-07-29 06:47:08,2.29,13072.0,Germany
554055,21977,PACK OF 60 PINK PAISLEY CAKE CASES,5,2025-06-16 07:35:28,0.5,17689.0,France
557532,85099B,JUMBO BAG RED RETROSPOT,6,2025-03-01 14:48:29,2.08,15142.0,United Kingdom
550085,20725,LUNCH BAG RED RETROSPOT,4,2025-06-01 17:39:18,1.48,16233.0,Spain
560270,21977,PACK OF 60 PINK PAISLEY CAKE CASES,4,2025-01-31 03:54:17,0.5,14381.0,United Kingdom
553986,85123A,WHITE HANGING HEART T-LIGHT HOLDER,11,2025-03-06 01:04:45,2.55,13792.0,United Kingdom
568952,21977,PACK OF 60 PINK PAISLEY CAKE CASES,5,2025-02-20 03:56:54,0.55,14919.0,Netherlands
542593,20725,LUNCH BAG RED RETROSPOT,14,2025-10-28 21:52:21,1.82,16265.0,United Kingdom
560793,85123A,WHITE HANGING HEART T-LIGHT HOLDER,16,2025-07-27 06:14:35,2.55,14385.0,United Kingdom
564092,21977,PACK OF 60 PINK PAISLEY CAKE CASES,10,2025-12-04 12:40:41,0.61,13695.0,Germany
560416,20725,LUNCH BAG RED RETROSPOT,5,2025-06-09 12:58:56,1.82,12863.0,United Kingdom
569346,85123A,WHITE HANGING HEART T-LIGHT HOLDER,16,2025-03-15 06:40:21,2.55,15256.0,United Kingdom
550757,POST,POSTAGE,19,2025-08-11 20:15:36,18.0,16078.0,Germany
554381,85099B,JUMBO BAG RED RETROSPOT,18,2025-12-06 01:33:50,2.08,15159.0,France
541234,20725,LUNCH BAG RED RETROSPOT,18,2025-07-14 12:42:08,1.65,13529.0,EIRE
548728,POST,POSTAGE,16,2025-01-07 09:55:40,18.0,13484.0,United Kingdom
541429,POST,POSTAGE,15,2025-04-21 18:47:00,16.2,14262.0,Germany
562920,21977,PACK OF 60 PINK PAISLEY CAKE CASES,19,2025-12-04 04:44:00,0.55,14087.0,EIRE
562594,20725,LUNCH BAG RED RETROSPOT,7,2025-07-09 22:58:52,1.65,13222.0,United Kingdom
542564,22423,REGENCY CAKESTAND 3 TIER,18,2025-12-14 19:01:06,14.02,17653.0,United Kingdom
563298,22423,REGENCY CAKESTAND 3 TIER,1,2025-07-05 17:45:36,14.02,13978.0,United Kingdom
546906,20725,LUNCH BAG RED RETROSPOT,16,2025-01-05 11:52:10,1.65,13503.0,United Kingdom
560810,85099B,JUMBO BAG RED RETROSPOT,7,2025-11-15 15:25:36,1.87,,United Kingdom
567959,20725,LUNCH BAG RED RETROSPOT,6,2025-10-06 04:59:04,1.82,16806.0,France
564200,85123A,WHITE HANGING HEART T-LIGHT HOLDER,13,2025-09-19 00:11:47,2.55,14788.0,Netherlands
542334,85123A,WHITE HANGING HEART T-LIGHT HOLDER,4,2025-12-21 17:53:46,2.3,16004.0,United Kingdom
542128,85123A,WHITE HANGING HEART T-LIGHT HOLDER,19,2025-03-13 10:45:42,2.8,12570.0,Germany
539811,85099B,JUMBO BAG RED RETROSPOT,14,2025-11-27 08:27:36,2.08,15195.0,United Kingdom
564626,85123A,WHITE HANGING HEART T-LIGHT HOLDER,1,2025-03-26 06:25:59,2.3,12399.0,United Kingdom
554576,85099B,JUMBO BAG RED RETROSPOT,17,2025-12-21 14:53:22,2.08,,France
541299,POST,POSTAGE,3,2025-03-11 12:17:53,19.8,15551.0,United Kingdom
555972,20725,LUNCH BAG RED RETROSPOT,16,2025-07-20 16:12:05,1.82,13227.0,Netherlands
554016,20725,LUNCH BAG RED RETROSPOT,16,2025-10-16 22:49:33,1.65,12219.0,United Kingdom
556303,85123A,WHITE HANGING HEART T-LIGHT HOLDER,13,2025-01-29 20:03:03,2.55,13073.0,United Kingdom
557580,85099B,JUMBO BAG RED RETROSPOT,12,2025-01-25 07:41:26,2.08,,United Kingdom
541592,21977,PACK OF 60 PINK PAISLEY CAKE CASES,16,2025-11-07 05:48:12,0.61,15520.0,United Kingdom
549165,85123A,WHITE HANGING HEART T-LIGHT HOLDER,17,2025-01-23 03:51:31,2.3,14290.0,Spain
560518,85099B,JUMBO BAG RED RETROSPOT,14,2025-08-13 13:39:28,2.29,17840.0,France
566909,POST,POSTAGE,4,2025-12-09 19:49:17,18.0,14314.0,United Kingdom
544237,85123A,WHITE HANGING HEART T-LIGHT HOLDER,13,2025-08-13 06:04:35,2.55,17263.0,United Kingdom
555417,POST,POSTAGE,4,2025-06-25 23:46:26,18.0,14069.0,Germany
568235,85123A,WHITE HANGING HEART T-LIGHT HOLDER,1,2025-06-02 10:18:09,2.55,12151.0,EIRE
556440,85123A,WHITE HANGING HEART T-LIGHT HOLDER,3,2025-08-21 18:43:18,2.3,12661.0,United Kingdom
543750,85123A,WHITE HANGING HEART T-LIGHT HOLDER,9,2025-07-28 07:09:25,2.55,13642.0,United Kingdom
555850,POST,POSTAGE,19,2025-07-03 03:19:17,18.0,13119.0,United Kingdom
536588,21977,PACK OF 60 PINK PAISLEY CAKE CASES,1,2025-02-26 12:18:22,0.55,12943.0,United Kingdom
552629,20725,LUNCH BAG RED RETROSPOT,2,2025-08-30 13:13:00,1.65,14300.0,United Kingdom
555306,85099B,JUMBO BAG RED RETROSPOT,2,2025-09-28 11:28:45,2.08,17854.0,United Kingdom
537920,20725,LUNCH BAG RED RETROSPOT,4,2025-09-16 09:43:28,1.48,13203.0,United Kingdom
542896,21977,PACK OF 60 PINK PAISLEY CAKE CASES,11,2025-01-28 15:35:59,0.55,13413.0,United Kingdom
569617,21977,PACK OF 60 PINK PAISLEY CAKE CASES,16,2025-09-14 15:12:08,0.55,17971.0,United Kingdom
557371,20725,LUNCH BAG RED RETROSPOT,1,2025-09-24 03:37:59,1.65,13207.0,Netherlands
551588,20725,LUNCH BAG RED RETROSPOT,16,2025-03-08 16:02:48,1.65,16981.0,Germany
543793,21977,PACK OF 60 PINK PAISLEY CAKE CASES,18,2025-11-06 07:59:01,0.5,15725.0,United Kingdom
540221,85123A,WHITE HANGING HEART T-LIGHT HOLDER,2,2025-07-11 19:22:12,2.8,17566.0,United Kingdom
550554,20725,LUNCH BAG RED RETROSPOT,9,2025-06-22 11:56:44,1.48,15337.0,United Kingdom
554548,22423,REGENCY CAKESTAND 3 TIER,16,2025-09-21 05:45:43,12.75,15560.0,Spain
542103,POST,POSTAGE,14,2025-07-06 04:19:22,18.0,13355.0,Germany
563229,85099B,JUMBO BAG RED RETROSPOT,4,2025-07-18 23:09:08,2.08,15449.0,United Kingdom
550579,85123A,WHITE HANGING HEART T-LIGHT HOLDER,3,2025-04-24 17:14:51,2.8,16022.0,Netherlands
537898,22423,REGENCY CAKESTAND 3 TIER,9,2025-12-05 05:09:09,12.75,17921.0,EIRE
540641,21977,PACK OF 60 PINK PAISLEY CAKE CASES,17,2025-12-20 12:02:29,0.61,12582.0,EIRE
565295,85099B,JUMBO BAG RED RETROSPOT,19,2025-02-17 02:58:42,2.08,,United Kingdom
547491,20725,LUNCH BAG RED RETROSPOT,10,2025-09-25 20:01:15,1.82,12116.0,United Kingdom
548677,21977,PACK OF 60 PINK PAISLEY CAKE CASES,11,2025-01-09 19:53:34,0.5,16742.0,France
542763,85123A,WHITE HANGING HEART T-LIGHT HOLDER,11,2025-05-15 19:16:37,2.55,,United Kingdom
563465,85099B,JUMBO BAG RED RETROSPOT,10,2025-12-21 11:07:04,1.87,17492.0,France
563747,20725,LUNCH BAG RED RETROSPOT,13,2025-03-05 03:58:53,1.48,14189.0,France
544244,POST,POSTAGE,6,2025-05-18 11:45:55,19.8,13730.0,United Kingdom
560798,85099B,JUMBO BAG RED RETROSPOT,11,2025-03-22 12:14:59,2.08,17850.0,United Kingdom
551379,POST,POSTAGE,12,2025-09-23 07:38:58,18.0,16322.0,United Kingdom
541671,85123A,WHITE HANGING HEART T-LIGHT HOLDER,11,2025-06-19 09:04:01,2.8,15283.0,United Kingdom
563060,21977,PACK OF 60 PINK PAISLEY CAKE CASES,19,2025-08-05 01:06:50,0.55,17333.0,Germany
538818,20725,LUNCH BAG RED RETROSPOT,15,2025-12-11 12:33:34,1.65,16528.0,France
565728,85099B,JUMBO BAG RED RETROSPOT,14,2025-07-10 04:38:47,1.87,15824.0,United Kingdom
536875,85123A,WHITE HANGING HEART T-LIGHT HOLDER,16,2025-09-25 20:10:48,2.55,13928.0,France
546982,21977,PACK OF 60 PINK PAISLEY CAKE CASES,11,2025-02-05 18:16:45,0.55,17916.0,United Kingdom
543706,85099B,JUMBO BAG RED RETROSPOT,6,2025-03-20 14:29:21,2.08,16316.0,France
544000,85123A,WHITE HANGING HEART T-LIGHT HOLDER,11,2025-12-12 05:23:08,2.3,17673.0,United Kingdom
552326,85123A,WHITE HANGING HEART T-LIGHT HOLDER,18,2025-11-10 16:01:50,2.3,17797.0,France
561556,20725,LUNCH BAG RED RETROSPOT,17,2025-08-28 23:49:26,1.48,15295.0,France
549596,85123A,WHITE HANGING HEART T-LIGHT HOLDER,7,2025-05-19 15:08:05,2.55,14146.0,United Kingdom
553539,85099B,JUMBO BAG RED RETROSPOT,10,2025-03-14 18:52:09,2.08,17683.0,Germany
569030,POST,POSTAGE,6,2025-11-07 21:36:37,16.2,17994.0,Spain
552927,20725,LUNCH BAG RED RETROSPOT,1,2025-10-14 20:21:58,1.82,12731.0,United Kingdom
562936,21977,PACK OF 60 PINK PAISLEY CAKE CASES,6,2025-03-30 03:53:34,0.55,15830.0,France
549083,85099B,JUMBO BAG RED RETROSPOT,2,2025-08-04 20:57:31,2.08,15614.0,Netherlands
538658,85123A,WHITE HANGING HEART T-LIGHT HOLDER,7,2025-08-14 18:22:17,2.8,16491.0,Spain
544699,85099B,JUMBO BAG RED RETROSPOT,2,2025-06-24 17:15:13,1.87,17852.0,United Kingdom
C541403,85123A,WHITE HANGING HEART T-LIGHT HOLDER,-7,2025-12-05 05:28:10,2.3,13513.0,Germany
566841,85123A,WHITE HANGING HEART T-LIGHT HOLDER,14,2025-02-15 11:11:18,2.55,,Netherlands
536904,85123A,WHITE HANGING HEART T-LIGHT HOLDER,17,2025-04-05 21:41:41,2.3,15858.0,Germany
563961,21977,PACK OF 60 PINK PAISLEY CAKE CASES,17,2025-02-04 22:00:29,0.55,12495.0,United Kingdom
540699,85123A,WHITE HANGING HEART T-LIGHT HOLDER,11,2025-09-10 02:46:08,2.8,15066.0,United Kingdom
541116,85123A,WHITE HANGING HEART T-LIGHT HOLDER,11,2025-08-24 10:14:11,2.55,12800.0,EIRE
554000,20725,LUNCH BAG RED RETROSPOT,19,2025-12-27 14:32:46,1.82,17738.0,United Kingdom
538756,85123A,WHITE HANGING HEART T-LIGHT HOLDER,11,2025-07-17 02:17:58,2.3,16579.0,United Kingdom
538609,20725,LUNCH BAG RED RETROSPOT,2,2025-02-24 05:54:17,1.65,17428.0,United Kingdom
562372,85099B,JUMBO BAG RED RETROSPOT,18,2025-06-14 14:18:52,2.08,15615.0,France
538035,21977,PACK OF 60 PINK PAISLEY CAKE CASES,12,2025-02-02 15:44:50,0.55,14380.0,United Kingdom
556304,85123A,WHITE HANGING HEART T-LIGHT HOLDER,13,2025-09-02 02:32:00,2.8,14570.0,Spain
540017,85123A,WHITE HANGING HEART T-LIGHT HOLDER,2,2025-09-04 10:09:51,2.55,17681.0,France
538910,20725,LUNCH BAG RED RETROSPOT,9,2025-11-10 15:43:45,1.82,12909.0,Netherlands
558760,85099B,JUMBO BAG RED RETROSPOT,9,2025-05-05 23:46:21,2.08,17308.0,Spain
549335,85123A,WHITE HANGING HEART T-LIGHT HOLDER,16,2025-04-24 23:56:26,2.3,,United Kingdom
536658,85099B,JUMBO BAG RED RETROSPOT,8,2025-01-27 07:27:22,2.29,15542.0,Germany
559171,85099B,JUMBO BAG RED RETROSPOT,7,2025-06-01 16:12:17,1.87,16001.0,United Kingdom
568967,85123A,WHITE HANGING HEART T-LIGHT HOLDER,13,2025-06-23 13:15:50,2.3,12492.0,Netherlands
555075,21977,PACK OF 60 PINK PAISLEY CAKE CASES,1,2025-10-03 05:03:11,0.61,12892.0,United Kingdom
548946,85099B,JUMBO BAG RED RETROSPOT,15,2025-10-03 12:10:48,2.29,,Germany
564690,21977,PACK OF 60 PINK PAISLEY CAKE CASES,1,2025-02-21 03:18:31,0.55,16672.0,EIRE
547443,20725,LUNCH BAG RED RETROSPOT,5,2025-04-15 02:53:04,1.65,12461.0,United Kingdom
556843,85099B,JUMBO BAG RED RETROSPOT,10,2025-07-06 08:33:11,2.08,15665.0,EIRE
552143,POST,POSTAGE,4,2025-05-03 06:16:25,18.0,12647.0,United Kingdom
560694,85099B,JUMBO BAG RED RETROSPOT,1,2025-01-10 03:29:54,2.29,16606.0,United Kingdom
553607,85099B,JUMBO BAG RED RETROSPOT,8,2025-11-05 01:14:43,1.87,17861.0,United Kingdom
552380,21977,PACK OF 60 PINK PAISLEY CAKE CASES,14,2025-09-24 13:40:21,0.5,14484.0,United Kingdom
550280,21977,PACK OF 60 PINK PAISLEY CAKE CASES,5,2025-07-09 00:08:25,0.61,13273.0,Germany
546059,85123A,WHITE HANGING HEART T-LIGHT HOLDER,6,2025-04-26 18:47:39,2.55,14669.0,Netherlands
552535,POST,POSTAGE,13,2025-11-04 01:44:49,18.0,16145.0,United Kingdom
538063,POST,POSTAGE,19,2025-01-13 15:47:43,18.0,16364.0,Germany
547550,22423,REGENCY CAKESTAND 3 TIER,10,2025-06-12 03:33:57,12.75,15819.0,Spain
538599,21977,PACK OF 60 PINK PAISLEY CAKE CASES,11,2025-10-20 14:48:45,0.5,,EIRE
546948,20725,LUNCH BAG RED RETROSPOT,16,2025-12-14 03:25:22,1.65,15786.0,United Kingdom
547954,POST,POSTAGE,2,2025-04-02 10:27:16,16.2,13304.0,Netherlands
536928,21977,PACK OF 60 PINK PAISLEY CAKE CASES,19,2025-08-26 15:49:46,0.55,13240.0,United Kingdom
546072,85123A,WHITE HANGING HEART T-LIGHT HOLDER,10,2025-03-11 04:08:43,2.8,17585.0,Germany
558841,21977,PACK OF 60 PINK PAISLEY CAKE CASES,8,2025-02-12 03:11:05,0.5,15476.0,Germany
568975,85123A,WHITE HANGING HEART T-LIGHT HOLDER,12,2025-05-09 15:18:24,2.55,17167.0,EIRE
556987,21977,PACK OF 60 PINK PAISLEY CAKE CASES,18,2025-11-20 15:22:57,0.5,15753.0,United Kingdom
560207,21977,PACK OF 60 PINK PAISLEY CAKE CASES,18,2025-09-09 10:03:51,0.55,14731.0,United Kingdom
558739,21977,PACK OF 60 PINK PAISLEY CAKE CASES,15,2025-06-28 02:56:22,0.55,15422.0,France
568115,85123A,WHITE HANGING HEART T-LIGHT HOLDER,10,2025-04-14 07:19:51,2.55,16150.0,United Kingdom
567995,85099B,JUMBO BAG RED RETROSPOT,3,2025-02-21 05:13:07,2.08,13116.0,United Kingdom
539881,21977,PACK OF 60 PINK PAISLEY CAKE CASES,4,2025-04-09 15:49:22,0.61,14772.0,France
552084,22423,REGENCY CAKESTAND 3 TIER,16,2025-02-25 07:12:45,12.75,16338.0,Germany
566866,85123A,WHITE HANGING HEART T-LIGHT HOLDER,3,2025-03-10 09:05:05,2.55,12522.0,United Kingdom
565980,22423,REGENCY CAKESTAND 3 TIER,10,2025-09-08 06:16:17,12.75,12439.0,United Kingdom
554173,20725,LUNCH BAG RED RETROSPOT,8,2025-02-18 04:02:23,1.82,12960.0,Netherlands
551094,85099B,JUMBO BAG RED RETROSPOT,14,2025-01-18 19:28:52,2.08,15547.0,United Kingdom
537980,21977,PACK OF 60 PINK PAISLEY CAKE CASES,7,2025-07-17 11:36:15,0.5,13430.0,United Kingdom
552238,85099B,JUMBO BAG RED RETROSPOT,14,2025-04-15 13:42:33,1.87,14617.0,United Kingdom
553214,20725,LUNCH BAG RED RETROSPOT,10,2025-06-15 06:56:25,1.65,12802.0,United Kingdom
557520,85099B,JUMBO BAG RED RETROSPOT,17,2025-02-21 02:05:55,2.08,13501.0,Netherlands
553743,85123A,WHITE HANGING HEART T-LIGHT HOLDER,4,2025-03-18 17:36:13,2.55,12106.0,United Kingdom
543340,85123A,WHITE HANGING HEART T-LIGHT HOLDER,15,2025-06-10 17:19:48,2.55,16844.0,United Kingdom
568916,85123A,WHITE HANGING HEART T-LIGHT HOLDER,14,2025-09-09 01:07:46,2.3,14799.0,United Kingdom
543390,20725,LUNCH BAG RED RETROSPOT,16,2025-06-01 21:16:16,1.65,13055.0,United Kingdom
549008,21977,PACK OF 60 PINK PAISLEY CAKE CASES,10,2025-07-17 20:28:05,0.61,15157.0,United Kingdom
553334,20725,LUNCH BAG RED RETROSPOT,7,2025-07-10 20:22:08,1.65,17597.0,Netherlands
545968,20725,LUNCH BAG RED RETROSPOT,10,2025-04-09 11:04:20,1.82,16948.0,France
538332,20725,LUNCH BAG RED RETROSPOT,19,2025-04-13 16:39:06,1.82,17307.0,United Kingdom
556780,POST,POSTAGE,4,2025-06-05 00:22:57,18.0,14436.0,United Kingdom
544046,21977,PACK OF 60 PINK PAISLEY CAKE CASES,13,2025-01-12 14:21:42,0.61,14163.0,United Kingdom
565888,22423,REGENCY CAKESTAND 3 TIER,5,2025-09-08 03:12:02,14.02,13897.0,United Kingdom
562976,85123A,WHITE HANGING HEART T-LIGHT HOLDER,15,2025-08-13 21:49:23,2.8,13830.0,Germany
550558,21977,PACK OF 60 PINK PAISLEY CAKE CASES,9,2025-04-22 22:41:26,0.55,17518.0,United Kingdom
551766,20725,LUNCH BAG RED RETROSPOT,17,2025-05-17 03:36:37,1.65,12824.0,France
568291,21977,PACK OF 60 PINK PAISLEY CAKE CASES,4,2025-04-30 12:53:17,0.55,17108.0,Spain
536905,22423,REGENCY CAKESTAND 3 TIER,3,2025-08-26 14:12:49,12.75,17497.0,United Kingdom
548875,20725,LUNCH BAG RED RETROSPOT,19,2025-10-05 18:26:42,1.65,17064.0,Netherlands
538065,85099B,JUMBO BAG RED RETROSPOT,7,2025-02-09 11:43:50,2.29,15765.0,United Kingdom
540709,22423,REGENCY CAKESTAND 3 TIER,2,2025-05-31 21:11:11,11.48,17133.0,United Kingdom
567263,20725,LUNCH BAG RED RETROSPOT,16,2025-01-06 08:17:28,1.82,12190.0,EIRE
539448,21977,PACK OF 60 PINK PAISLEY CAKE CASES,8,2025-06-15 07:41:14,0.55,16903.0,United Kingdom
568528,22423,REGENCY CAKESTAND 3 TIER,18,2025-04-01 17:29:56,14.02,15065.0,Germany
562648,22423,REGENCY CAKESTAND 3 TIER,9,2025-05-03 13:07:33,11.48,17750.0,France
557797,21977,PACK OF 60 PINK PAISLEY CAKE CASES,15,2025-06-16 01:57:51,0.61,,United Kingdom
561227,85099B,JUMBO BAG RED RETROSPOT,11,2025-04-29 15:36:27,2.08,17580.0,Spain
542288,85123A,WHITE HANGING HEART T-LIGHT HOLDER,10,2025-05-24 06:42:18,2.8,15442.0,United Kingdom
539986,21977,PACK OF 60 PINK PAISLEY CAKE CASES,10,2025-10-07 20:11:52,0.55,12623.0,EIRE
548514,21977,PACK OF 60 PINK PAISLEY CAKE CASES,5,2025-10-23 20:04:31,0.55,15053.0,United Kingdom
561989,85123A,WHITE HANGING HEART T-LIGHT HOLDER,14,2025-01-03 10:04:55,2.55,12222.0,United Kingdom
546385,85099B,JUMBO BAG RED RETROSPOT,10,2025-05-18 20:28:38,1.87,,United Kingdom
541975,21977,PACK OF 60 PINK PAISLEY CAKE CASES,1,2025-11-06 22:50:31,0.5,15190.0,Spain
562695,22423,REGENCY CAKESTAND 3 TIER,8,2025-07-13 17:30:24,12.75,16895.0,United Kingdom
557559,22423,REGENCY CAKESTAND 3 TIER,8,2025-03-16 14:34:15,12.75,12649.0,Spain
554261,22423,REGENCY CAKESTAND 3 TIER,17,2025-08-05 22:23:32,12.75,13573.0,United Kingdom
550020,85099B,JUMBO BAG RED RETROSPOT,9,2025-02-22 20:58:22,2.29,14347.0,United Kingdom
562508,20725,LUNCH BAG RED RETROSPOT,11,2025-01-08 11:28:19,1.82,15248.0,United Kingdom
560970,85099B,JUMBO BAG RED RETROSPOT,2,2025-08-19 02:00:02,1.87,12004.0,United Kingdom
548257,POST,POSTAGE,8,2025-07-08 14:25:04,18.0,15834.0,Netherlands
540404,85099B,JUMBO BAG RED RETROSPOT,6,2025-10-04 11:07:12,1.87,14987.0,United Kingdom
565563,21977,PACK OF 60 PINK PAISLEY CAKE CASES,10,2025-05-06 08:46:41,0.55,17773.0,France
540651,21977,PACK OF 60 PINK PAISLEY CAKE CASES,18,2025-11-08 04:18:00,0.55,13808.0,Germany
550591,20725,LUNCH BAG RED RETROSPOT,18,2025-06-03 17:11:53,1.82,14962.0,United Kingdom
566460,POST,POSTAGE,6,2025-09-27 21:53:06,18.0,12489.0,Germany
550190,85099B,JUMBO BAG RED RETROSPOT,12,2025-02-06 14:20:32,2.08,17503.0,Spain
564263,85099B,JUMBO BAG RED RETROSPOT,19,2025-02-05 05:38:22,2.08,17003.0,France
552629,POST,POSTAGE,5,2025-10-13 00:01:46,16.2,14129.0,United Kingdom
561332,POST,POSTAGE,9,2025-11-01 17:06:41,16.2,14762.0,Germany
556121,POST,POSTAGE,10,2025-12-10 03:47:00,18.0,17144.0,Germany
545523,85123A,WHITE HANGING HEART T-LIGHT HOLDER,1,2025-04-29 01:30:31,2.55,13772.0,United Kingdom
566399,85123A,WHITE HANGING HEART T-LIGHT HOLDER,9,2025-01-09 04:44:01,2.55,13414.0,Germany
551892,85099B,JUMBO BAG RED RETROSPOT,3,2025-12-24 04:49:12,2.29,13451.0,United Kingdom
551563,20725,LUNCH BAG RED RETROSPOT,6,2025-08-08 08:08:44,1.48,16244.0,France
558390,85123A,WHITE HANGING HEART T-LIGHT HOLDER,3,2025-04-01 07:40:35,2.8,13266.0,Netherlands
567624,85099B,JUMBO BAG RED RETROSPOT,14,2025-10-06 04:44:18,2.08,12531.0,Netherlands
565631,21977,PACK OF 60 PINK PAISLEY CAKE CASES,16,2025-11-26 18:45:53,0.55,12992.0,EIRE
549384,85123A,WHITE HANGING HEART T-LIGHT HOLDER,6,2025-04-14 19:49:41,2.8,17916.0,Germany
543863,20725,LUNCH BAG RED RETROSPOT,1,2025-10-08 06:01:40,1.65,17237.0,France
547035,22423,REGENCY CAKESTAND 3 TIER,10,2025-10-15 08:50:25,12.75,17723.0,United Kingdom
544930,20725,LUNCH BAG RED RETROSPOT,3,2025-07-03 19:36:18,1.65,13663.0,United Kingdom
546031,85099B,JUMBO BAG RED RETROSPOT,9,2025-08-19 22:52:04,2.08,14653.0,United Kingdom
550645,21977,PACK OF 60 PINK PAISLEY CAKE CASES,11,2025-04-09 18:55:35,0.61,,United Kingdom
536719,21977,PACK OF 60 PINK PAISLEY CAKE CASES,9,2025-12-06 13:16:34,0.55,15143.0,Netherlands
554124,22423,REGENCY CAKESTAND 3 TIER,10,2025-12-25 23:48:46,11.48,12160.0,Spain
564870,85099B,JUMBO BAG RED RETROSPOT,11,2025-12-25 17:27:01,2.08,15586.0,United Kingdom
550632,20725,LUNCH BAG RED RETROSPOT,4,2025-09-27 16:15:04,1.82,12232.0,United Kingdom
538693,21977,PACK OF 60 PINK PAISLEY CAKE CASES,13,2025-01-16 00:42:54,0.55,13650.0,France
549252,85123A,WHITE HANGING HEART T-LIGHT HOLDER,13,2025-05-14 15:17:54,2.8,13754.0,United Kingdom
547367,20725,LUNCH BAG RED RETROSPOT,3,2025-06-12 06:54:41,1.65,16046.0,EIRE
C556210,85123A,WHITE HANGING HEART T-LIGHT HOLDER,-9,2025-12-17 14:26:12,2.55,,Netherlands
544515,85099B,JUMBO BAG RED RETROSPOT,6,2025-07-19 13:45:09,2.08,16191.0,United Kingdom
546231,85099B,JUMBO BAG RED RETROSPOT,8,2025-07-15 02:37:51,1.87,14612.0,United Kingdom
561310,85099B,JUMBO BAG RED RETROSPOT,15,2025-02-23 11:04:20,2.29,15150.0,United Kingdom
541967,85123A,WHITE HANGING HEART T-LIGHT HOLDER,12,2025-10-17 12:19:02,2.55,15074.0,United Kingdom
567707,22423,REGENCY CAKESTAND 3 TIER,18,2025-05-03 01:08:31,12.75,12886.0,United Kingdom
546118,85123A,WHITE HANGING HEART T-LIGHT HOLDER,11,2025-02-03 20:26:08,2.3,17743.0,United Kingdom
563768,85099B,JUMBO BAG RED RETROSPOT,1,2025-12-27 22:30:03,2.08,17515.0,United Kingdom
538788,21977,PACK OF 60 PINK PAISLEY CAKE CASES,14,2025-03-11 00:30:02,0.55,13440.0,United Kingdom
546879,21977,PACK OF 60 PINK PAISLEY CAKE CASES,2,2025-01-06 02:53:07,0.61,12690.0,United Kingdom
548824,85123A,WHITE HANGING HEART T-LIGHT HOLDER,7,2025-01-29 03:02:23,2.55,12990.0,France
551495,85123A,WHITE HANGING HEART T-LIGHT HOLDER,18,2025-06-15 10:35:22,2.3,15775.0,United Kingdom
539127,21977,PACK OF 60 PINK PAISLEY CAKE CASES,19,2025-02-07 14:24:47,0.55,12176.0,Spain
544399,85099B,JUMBO BAG RED RETROSPOT,3,2025-11-04 05:47:47,2.29,12618.0,United Kingdom
565821,20725,LUNCH BAG RED RETROSPOT,19,2025-07-07 20:19:42,1.82,15889.0,United Kingdom
567415,85123A,WHITE HANGING HEART T-LIGHT HOLDER,19,2025-04-29 07:27:11,2.55,12876.0,United Kingdom
550992,85123A,WHITE HANGING HEART T-LIGHT HOLDER,17,2025-01-02 07:22:33,2.3,12412.0,France
540037,85099B,JUMBO BAG RED RETROSPOT,16,2025-06-25 14:06:46,1.87,12123.0,United Kingdom
545366,21977,PACK OF 60 PINK PAISLEY CAKE CASES,2,2025-02-25 20:54:55,0.55,16234.0,United Kingdom
568366,85099B,JUMBO BAG RED RETROSPOT,3,2025-12-23 05:58:29,1.87,14180.0,United Kingdom
567241,85123A,WHITE HANGING HEART T-LIGHT HOLDER,12,2025-04-17 08:06:02,2.55,13706.0,Netherlands
563664,85123A,WHITE HANGING HEART T-LIGHT HOLDER,2,2025-06-23 08:07:46,2.3,,United Kingdom
565341,21977,PACK OF 60 PINK PAISLEY CAKE CASES,5,2025-01-07 11:10:15,0.55,13023.0,United Kingdom
560193,22423,REGENCY CAKESTAND 3 TIER,19,2025-02-17 10:17:40,14.02,,Spain
557194,21977,PACK OF 60 PINK PAISLEY CAKE CASES,18,2025-03-17 22:52:21,0.55,14903.0,United Kingdom
562315,22423,REGENCY CAKESTAND 3 TIER,5,2025-01-19 03:30:58,12.75,16047.0,United Kingdom
557974,22423,REGENCY CAKESTAND 3 TIER,11,2025-09-22 10:01:19,12.75,15743.0,EIRE
547537,85123A,WHITE HANGING HEART T-LIGHT HOLDER,11,2025-12-12 06:05:25,2.8,16050.0,United Kingdom
557801,POST,POSTAGE,5,2025-12-26 14:23:15,18.0,13278.0,United Kingdom
546060,85123A,WHITE HANGING HEART T-LIGHT HOLDER,5,2025-04-08 18:44:45,2.8,12841.0,United Kingdom
557252,85123A,WHITE HANGING HEART T-LIGHT HOLDER,9,2025-10-15 22:27:04,2.8,15202.0,United Kingdom
548968,20725,LUNCH BAG RED RETROSPOT,12,2025-07-03 10:30:14,1.65,12344.0,Spain
552573,85123A,WHITE HANGING HEART T-LIGHT HOLDER,16,2025-01-17 06:20:42,2.3,14725.0,Germany
C542174,22423,REGENCY CAKESTAND 3 TIER,-16,2025-02-03 23:07:55,14.02,15752.0,Germany
C568539,22423,REGENCY CAKESTAND 3 TIER,-1,2025-07-19 02:12:23,12.75,16925.0,United Kingdom
561376,21977,PACK OF 60 PINK PAISLEY CAKE CASES,13,2025-06-04 03:09:06,0.61,15919.0,France
539645,85099B,JUMBO BAG RED RETROSPOT,12,2025-01-04 22:59:33,2.08,17968.0,France
552151,20725,LUNCH BAG RED RETROSPOT,1,2025-12-06 21:16:26,1.65,15340.0,United Kingdom
551446,20725,LUNCH BAG RED RETROSPOT,16,2025-09-24 13:26:09,1.48,14677.0,Spain
566117,85099B,JUMBO BAG RED RETROSPOT,12,2025-07-03 07:53:11,2.29,13474.0,Germany
561676,22423,REGENCY CAKESTAND 3 TIER,14,2025-12-27 23:10:48,14.02,16038.0,EIRE
565864,20725,LUNCH BAG RED RETROSPOT,13,2025-12-21 22:59:49,1.82,16864.0,United Kingdom
551870,20725,LUNCH BAG RED RETROSPOT,7,2025-12-22 20:48:06,1.65,13925.0,United Kingdom
541299,20725,LUNCH BAG RED RETROSPOT,4,2025-04-05 18:31:28,1.65,12454.0,France
560522,85123A,WHITE HANGING HEART T-LIGHT HOLDER,8,2025-11-18 14:16:15,2.55,12062.0,EIRE
543439,21977,PACK OF 60 PINK PAISLEY CAKE CASES,15,2025-07-04 08:55:21,0.5,15793.0,United Kingdom
557644,20725,LUNCH BAG RED RETROSPOT,13,2025-09-23 11:18:43,1.48,15978.0,United Kingdom
549961,POST,POSTAGE,12,2025-11-10 13:01:16,18.0,12722.0,EIRE
547888,22423,REGENCY CAKESTAND 3 TIER,3,2025-03-01 11:31:33,12.75,12135.0,United Kingdom
540039,20725,LUNCH BAG RED RETROSPOT,1,2025-06-13 20:40:16,1.82,15926.0,United Kingdom
563202,21977,PACK OF 60 PINK PAISLEY CAKE CASES,13,2025-02-17 03:59:03,0.61,14386.0,Germany
559440,20725,LUNCH BAG RED RETROSPOT,19,2025-04-13 01:59:24,1.65,14506.0,United Kingdom
547627,21977,PACK OF 60 PINK PAISLEY CAKE CASES,7,2025-05-31 10:53:07,0.61,13574.0,United Kingdom
561078,20725,LUNCH BAG RED RETROSPOT,9,2025-11-09 04:57:58,1.82,16308.0,United Kingdom
569537,85099B,JUMBO BAG RED RETROSPOT,19,2025-11-11 19:43:17,2.08,16467.0,Netherlands
560525,85123A,WHITE HANGING HEART T-LIGHT HOLDER,5,2025-05-23 20:21:41,2.8,12313.0,United Kingdom
568282,85099B,JUMBO BAG RED RETROSPOT,10,2025-05-01 23:43:51,2.29,12534.0,Germany
551987,20725,LUNCH BAG RED RETROSPOT,2,2025-07-13 09:15:59,1.48,15330.0,Netherlands
548814,85123A,WHITE HANGING HEART T-LIGHT HOLDER,6,2025-11-29 23:02:53,2.55,15618.0,Germany
564669,21977,PACK OF 60 PINK PAISLEY CAKE CASES,8,2025-12-23 02:25:56,0.61,,United Kingdom
558541,POST,POSTAGE,14,2025-03-24 23:05:32,16.2,12948.0,United Kingdom
556598,POST,POSTAGE,6,2025-03-10 05:54:21,18.0,16094.0,United Kingdom
557826,21977,PACK OF 60 PINK PAISLEY CAKE CASES,9,2025-09-15 00:27:22,0.55,14728.0,Germany
569782,20725,LUNCH BAG RED RETROSPOT,6,2025-04-21 19:48:40,1.65,12719.0,Netherlands
559372,85123A,WHITE HANGING HEART T-LIGHT HOLDER,3,2025-03-14 12:22:42,2.8,15657.0,EIRE
563724,85099B,JUMBO BAG RED RETROSPOT,16,2025-01-12 09:54:32,2.08,12441.0,United Kingdom
537221,85099B,JUMBO BAG RED RETROSPOT,13,2025-05-28 04:48:11,1.87,13383.0,United Kingdom
560556,20725,LUNCH BAG RED RETROSPOT,13,2025-05-24 09:58:31,1.65,16278.0,Spain
546804,22423,REGENCY CAKESTAND 3 TIER,12,2025-07-25 14:46:00,12.75,13334.0,United Kingdom
540192,85123A,WHITE HANGING HEART T-LIGHT HOLDER,3,2025-03-15 03:26:55,2.55,12381.0,EIRE
545398,21977,PACK OF 60 PINK PAISLEY CAKE CASES,10,2025-09-18 22:42:00,0.55,17759.0,United Kingdom
564308,85099B,JUMBO BAG RED RETROSPOT,14,2025-09-06 17:22:04,2.08,13347.0,France
563797,20725,LUNCH BAG RED RETROSPOT,10,2025-06-18 21:02:22,1.65,15089.0,EIRE
546389,85099B,JUMBO BAG RED RETROSPOT,14,2025-03-08 01:04:12,1.87,16948.0,United Kingdom
542529,20725,LUNCH BAG RED RETROSPOT,7,2025-07-05 20:47:52,1.65,17939.0,United Kingdom
550243,85099B,JUMBO BAG RED RETROSPOT,10,2025-09-04 20:46:41,2.08,16858.0,EIRE
547280,20725,LUNCH BAG RED RETROSPOT,8,2025-05-17 08:46:38,1.65,14037.0,United Kingdom
551733,20725,LUNCH BAG RED RETROSPOT,19,2025-04-07 13:40:18,1.65,17124.0,United Kingdom
562656,22423,REGENCY CAKESTAND 3 TIER,4,2025-07-04 12:01:41,12.75,12076.0,United Kingdom
547264,22423,REGENCY CAKESTAND 3 TIER,6,2025-05-10 19:49:35,14.02,13956.0,United Kingdom
541898,POST,POSTAGE,13,2025-05-27 06:45:59,19.8,13196.0,France
539686,22423,REGENCY CAKESTAND 3 TIER,2,2025-05-08 22:04:10,11.48,15168.0,United Kingdom
559296,21977,PACK OF 60 PINK PAISLEY CAKE CASES,10,2025-04-21 13:17:33,0.55,17349.0,United Kingdom
542778,85123A,WHITE HANGING HEART T-LIGHT HOLDER,1,2025-09-19 00:00:11,2.3,16640.0,Spain
543467,20725,LUNCH BAG RED RETROSPOT,11,2025-06-17 07:16:52,1.65,17989.0,United Kingdom
563317,22423,REGENCY CAKESTAND 3 TIER,7,2025-06-20 03:25:18,12.75,12821.0,United Kingdom
539155,21977,PACK OF 60 PINK PAISLEY CAKE CASES,4,2025-08-27 19:24:34,0.55,16513.0,Germany
558177,21977,PACK OF 60 PINK PAISLEY CAKE CASES,10,2025-05-12 09:49:09,0.55,16346.0,Spain
536383,85123A,WHITE HANGING HEART T-LIGHT HOLDER,7,2025-02-06 11:08:45,2.8,14738.0,Germany
568056,85099B,JUMBO BAG RED RETROSPOT,2,2025-11-08 08:24:14,2.08,12584.0,EIRE
560262,20725,LUNCH BAG RED RETROSPOT,11,2025-01-21 16:48:34,1.65,12626.0,United Kingdom
563916,21977,PACK OF 60 PINK PAISLEY CAKE CASES,11,2025-07-28 23:50:30,0.61,17479.0,United Kingdom
558657,POST,POSTAGE,13,2025-04-08 20:56:38,18.0,13771.0,Netherlands
549675,20725,LUNCH BAG RED RETROSPOT,18,2025-03-20 23:44:56,1.48,15823.0,Spain
569840,21977,PACK OF 60 PINK PAISLEY CAKE CASES,14,2025-01-16 07:11:38,0.55,17673.0,Germany
C562731,21977,PACK OF 60 PINK PAISLEY CAKE CASES,-16,2025-11-25 15:56:39,0.55,14959.0,United Kingdom
539018,POST,POSTAGE,13,2025-06-06 14:55:48,16.2,,United Kingdom
C555598,85099B,JUMBO BAG RED RETROSPOT,-13,2025-05-06 07:15:31,2.29,14908.0,United Kingdom
554449,85099B,JUMBO BAG RED RETROSPOT,16,2025-09-28 20:17:58,2.29,13376.0,Spain
C545734,20725,LUNCH BAG RED RETROSPOT,-13,2025-01-15 22:04:13,1.65,13088.0,EIRE
551507,POST,POSTAGE,10,2025-07-26 22:49:03,18.0,16865.0,United Kingdom
569153,85099B,JUMBO BAG RED RETROSPOT,14,2025-06-30 23:42:36,2.08,14075.0,United Kingdom
538942,85123A,WHITE HANGING HEART T-LIGHT HOLDER,19,2025-07-22 03:54:48,2.55,16108.0,United Kingdom
567568,21977,PACK OF 60 PINK PAISLEY CAKE CASES,10,2025-02-15 03:32:04,0.61,16362.0,United Kingdom
559812,20725,LUNCH BAG RED RETROSPOT,5,2025-12-14 16:21:14,1.65,15296.0,France
539814,85099B,JUMBO BAG RED RETROSPOT,8,2025-03-29 17:24:58,2.08,15245.0,Germany
546378,20725,LUNCH BAG RED RETROSPOT,1,2025-09-05 10:26:42,1.65,13083.0,United Kingdom
564540,85099B,JUMBO BAG RED RETROSPOT,6,2025-09-30 03:55:05,1.87,15175.0,Germany
559921,22423,REGENCY CAKESTAND 3 TIER,17,2025-05-06 06:51:09,12.75,16509.0,Netherlands
538641,21977,PACK OF 60 PINK PAISLEY CAKE CASES,2,2025-02-17 03:04:51,0.5,13171.0,United Kingdom
541012,85099B,JUMBO BAG RED RETROSPOT,17,2025-04-19 03:47:07,1.87,13392.0,United Kingdom
567579,20725,LUNCH BAG RED RETROSPOT,11,2025-10-22 04:30:36,1.82,16142.0,United Kingdom
541358,85123A,WHITE HANGING HEART T-LIGHT HOLDER,7,2025-11-27 14:02:56,2.55,17890.0,United Kingdom
557221,20725,LUNCH BAG RED RETROSPOT,9,2025-12-08 12:19:01,1.82,14352.0,United Kingdom
569849,22423,REGENCY CAKESTAND 3 TIER,17,2025-03-24 08:01:05,12.75,,Germany
541663,POST,POSTAGE,3,2025-08-10 13:01:42,16.2,13096.0,United Kingdom
537509,20725,LUNCH BAG RED RETROSPOT,11,2025-02-25 16:01:50,1.48,15418.0,United Kingdom
563786,22423,REGENCY CAKESTAND 3 TIER,6,2025-09-17 02:20:24,12.75,17662.0,Spain
568298,POST,POSTAGE,11,2025-06-01 06:44:38,16.2,14649.0,United Kingdom
553536,85099B,JUMBO BAG RED RETROSPOT,15,2025-09-18 04:49:40,2.08,15040.0,Germany
543932,85099B,JUMBO BAG RED RETROSPOT,18,2025-09-08 00:00:51,2.08,12930.0,Germany
538024,POST,POSTAGE,5,2025-12-29 02:47:05,16.2,15168.0,EIRE
566984,POST,POSTAGE,13,2025-06-28 18:24:48,18.0,15513.0,France
563146,21977,PACK OF 60 PINK PAISLEY CAKE CASES,9,2025-05-05 21:00:51,0.61,17888.0,EIRE
566478,POST,POSTAGE,10,2025-07-12 03:52:18,19.8,13205.0,Germany
562803,22423,REGENCY CAKESTAND 3 TIER,4,2025-03-01 18:24:50,12.75,,United Kingdom
550717,22423,REGENCY CAKESTAND 3 TIER,17,2025-02-10 06:03:36,11.48,15883.0,United Kingdom
552390,85123A,WHITE HANGING HEART T-LIGHT HOLDER,4,2025-07-09 03:21:31,2.8,17658.0,United Kingdom
548999,85099B,JUMBO BAG RED RETROSPOT,1,2025-10-29 05:38:54,2.08,13427.0,United Kingdom
560857,21977,PACK OF 60 PINK PAISLEY CAKE CASES,15,2025-07-14 22:03:51,0.61,16169.0,United Kingdom
539405,22423,REGENCY CAKESTAND 3 TIER,8,2025-10-13 08:12:49,11.48,17276.0,United Kingdom
537365,21977,PACK OF 60 PINK PAISLEY CAKE CASES,2,2025-03-06 17:46:41,0.55,15798.0,United Kingdom
568683,85123A,WHITE HANGING HEART T-LIGHT HOLDER,13,2025-06-14 11:38:53,2.55,,United Kingdom
546815,85099B,JUMBO BAG RED RETROSPOT,6,2025-08-12 10:27:30,2.08,13406.0,United Kingdom
537178,20725,LUNCH BAG RED RETROSPOT,19,2025-05-07 19:29:55,1.65,13728.0,France
558889,85123A,WHITE HANGING HEART T-LIGHT HOLDER,19,2025-01-06 23:47:43,2.55,12310.0,Germany
549564,20725,LUNCH BAG RED RETROSPOT,11,2025-01-27 15:36:19,1.65,12912.0,EIRE
543840,20725,LUNCH BAG RED RETROSPOT,10,2025-12-05 20:23:21,1.65,14626.0,United Kingdom
550774,21977,PACK OF 60 PINK PAISLEY CAKE CASES,9,2025-08-09 03:30:14,0.5,12842.0,Spain
551313,POST,POSTAGE,12,2025-04-07 21:37:04,18.0,12061.0,EIRE
556807,POST,POSTAGE,18,2025-04-05 04:24:29,16.2,16156.0,United Kingdom
567686,85123A,WHITE HANGING HEART T-LIGHT HOLDER,13,2025-01-15 04:34:19,2.8,12426.0,Netherlands
565955,21977,PACK OF 60 PINK PAISLEY CAKE CASES,2,2025-12-11 20:19:46,0.55,12846.0,United Kingdom
564109,22423,REGENCY CAKESTAND 3 TIER,4,2025-02-09 11:35:19,12.75,15571.0,Germany
552735,85099B,JUMBO BAG RED RETROSPOT,12,2025-10-05 05:59:47,2.29,17530.0,EIRE
554971,21977,PACK OF 60 PINK PAISLEY CAKE CASES,8,2025-03-29 00:39:14,0.55,,United Kingdom
540493,20725,LUNCH BAG RED RETROSPOT,10,2025-05-03 05:14:54,1.65,,Germany
555608,20725,LUNCH BAG RED RETROSPOT,8,2025-04-10 19:47:02,1.65,,United Kingdom
558827,20725,LUNCH BAG RED RETROSPOT,12,2025-10-28 00:05:08,1.48,16442.0,United Kingdom
566158,20725,LUNCH BAG RED RETROSPOT,5,2025-01-12 22:05:07,1.65,16395.0,United Kingdom
537572,21977,PACK OF 60 PINK PAISLEY CAKE CASES,2,2025-05-09 18:34:40,0.61,14346.0,United Kingdom
C565344,85123A,WHITE HANGING HEART T-LIGHT HOLDER,-5,2025-04-12 04:54:43,2.55,17698.0,United Kingdom
553627,85123A,WHITE HANGING HEART T-LIGHT HOLDER,13,2025-04-10 17:43:22,2.55,17330.0,Germany
539002,85099B,JUMBO BAG RED RETROSPOT,12,2025-03-12 12:26:38,2.08,16459.0,United Kingdom
569851,20725,LUNCH BAG RED RETROSPOT,16,2025-11-30 08:20:33,1.65,,United Kingdom
551829,85123A,WHITE HANGING HEART T-LIGHT HOLDER,3,2025-05-19 12:07:46,2.55,16708.0,France
549989,85099B,JUMBO BAG RED RETROSPOT,3,2025-06-02 00:10:32,1.87,12890.0,United Kingdom
542489,22423,REGENCY CAKESTAND 3 TIER,3,2025-05-21 21:07:48,12.75,16204.0,United Kingdom
538493,21977,PACK OF 60 PINK PAISLEY CAKE CASES,11,2025-12-24 18:51:13,0.5,17639.0,EIRE
538829,85099B,JUMBO BAG RED RETROSPOT,11,2025-05-04 04:18:27,2.08,,Spain
545082,85123A,WHITE HANGING HEART T-LIGHT HOLDER,4,2025-05-05 02:23:05,2.8,12087.0,United Kingdom
545941,85123A,WHITE HANGING HEART T-LIGHT HOLDER,9,2025-04-30 10:09:45,2.3,14165.0,United Kingdom
551744,22423,REGENCY CAKESTAND 3 TIER,1,2025-04-30 11:03:04,11.48,,EIRE
556761,85099B,JUMBO BAG RED RETROSPOT,12,2025-02-02 18:32:18,2.29,17695.0,Spain
569722,POST,POSTAGE,11,2025-08-09 20:09:48,18.0,14675.0,United Kingdom
563008,22423,REGENCY CAKESTAND 3 TIER,1,2025-01-10 01:31:46,12.75,15967.0,United Kingdom
552519,85099B,JUMBO BAG RED RETROSPOT,2,2025-03-24 05:51:45,2.29,17891.0,United Kingdom
567024,21977,PACK OF 60 PINK PAISLEY CAKE CASES,14,2025-03-15 14:04:17,0.61,16734.0,Germany
554965,21977,PACK OF 60 PINK PAISLEY CAKE CASES,18,2025-04-17 09:06:43,0.55,16494.0,Spain
550380,22423,REGENCY CAKESTAND 3 TIER,17,2025-10-04 23:46:35,11.48,,France
543390,85123A,WHITE HANGING HEART T-LIGHT HOLDER,11,2025-08-07 15:51:37,2.55,16133.0,United Kingdom
550358,POST,POSTAGE,10,2025-12-28 07:44:30,18.0,13388.0,Germany
537394,POST,POSTAGE,16,2025-05-09 16:09:21,18.0,16360.0,EIRE
541210,85099B,JUMBO BAG RED RETROSPOT,16,2025-12-05 10:19:55,2.08,13930.0,United Kingdom
C568129,21977,PACK OF 60 PINK PAISLEY CAKE CASES,-18,2025-01-17 11:06:17,0.55,13985.0,EIRE
542624,85123A,WHITE HANGING HEART T-LIGHT HOLDER,8,2025-07-04 17:09:16,2.55,15868.0,United Kingdom
555281,85123A,WHITE HANGING HEART T-LIGHT HOLDER,10,2025-10-19 10:24:36,2.55,13892.0,United Kingdom
539484,85123A,WHITE HANGING HEART T-LIGHT HOLDER,2,2025-07-14 16:42:55,2.8,12146.0,Germany
556441,20725,LUNCH BAG RED RETROSPOT,4,2025-12-07 10:04:05,1.48,17997.0,United Kingdom
569180,22423,REGENCY CAKESTAND 3 TIER,8,2025-04-25 14:15:46,11.48,15427.0,Netherlands
551562,85123A,WHITE HANGING HEART T-LIGHT HOLDER,16,2025-01-13 11:39:53,2.3,16020.0,United Kingdom
C540338,85123A,WHITE HANGING HEART T-LIGHT HOLDER,-9,2025-10-10 13:46:18,2.3,16852.0,United Kingdom
536777,85123A,WHITE HANGING HEART T-LIGHT HOLDER,12,2025-01-25 08:19:10,2.55,15807.0,United Kingdom
561725,85099B,JUMBO BAG RED RETROSPOT,17,2025-10-07 02:52:44,1.87,15662.0,United Kingdom
539501,21977,PACK OF 60 PINK PAISLEY CAKE CASES,10,2025-09-25 06:09:14,0.5,16751.0,United Kingdom
546803,21977,PACK OF 60 PINK PAISLEY CAKE CASES,7,2025-11-05 08:32:51,0.55,13772.0,France
564674,85099B,JUMBO BAG RED RETROSPOT,14,2025-06-24 07:35:06,2.29,16970.0,United Kingdom
554263,85099B,JUMBO BAG RED RETROSPOT,6,2025-11-23 10:06:50,2.29,16344.0,United Kingdom
565683,20725,LUNCH BAG RED RETROSPOT,8,2025-03-03 11:27:59,1.48,13092.0,Germany
565672,22423,REGENCY CAKESTAND 3 TIER,17,2025-06-08 06:02:36,11.48,12876.0,United Kingdom
558486,22423,REGENCY CAKESTAND 3 TIER,9,2025-02-14 09:10:16,12.75,17278.0,Germany
567829,20725,LUNCH BAG RED RETROSPOT,5,2025-10-07 06:46:32,1.82,17368.0,United Kingdom
537239,21977,PACK OF 60 PINK PAISLEY CAKE CASES,16,2025-09-18 14:03:10,0.61,17961.0,United Kingdom
544167,85099B,JUMBO BAG RED RETROSPOT,13,2025-10-22 11:25:39,2.08,12605.0,France
545417,22423,REGENCY CAKESTAND 3 TIER,15,2025-10-06 15:08:50,11.48,17373.0,France
566983,85123A,WHITE HANGING HEART T-LIGHT HOLDER,7,2025-04-23 10:21:57,2.8,17180.0,EIRE
557136,85123A,WHITE HANGING HEART T-LIGHT HOLDER,15,2025-01-25 23:54:26,2.55,16605.0,United Kingdom
544569,20725,LUNCH BAG RED RETROSPOT,19,2025-12-06 11:38:02,1.65,14986.0,United Kingdom
543092,21977,PACK OF 60 PINK PAISLEY CAKE CASES,4,2025-06-29 14:45:50,0.55,15051.0,France
563363,85123A,WHITE HANGING HEART T-LIGHT HOLDER,4,2025-02-04 10:36:37,2.8,14571.0,Germany
565201,85123A,WHITE HANGING HEART T-LIGHT HOLDER,11,2025-12-05 17:37:52,2.55,12175.0,Germany
536518,22423,REGENCY CAKESTAND 3 TIER,14,2025-12-29 13:24:32,12.75,15003.0,Germany
548421,22423,REGENCY CAKESTAND 3 TIER,1,2025-06-12 02:21:09,12.75,13422.0,EIRE
554197,21977,PACK OF 60 PINK PAISLEY CAKE CASES,11,2025-10-09 17:30:17,0.61,13201.0,United Kingdom
543990,85099B,JUMBO BAG RED RETROSPOT,3,2025-01-14 18:15:02,2.29,12335.0,Germany
560677,POST,POSTAGE,19,2025-02-04 09:39:31,18.0,14746.0,United Kingdom
561768,20725,LUNCH BAG RED RETROSPOT,14,2025-04-11 12:12:49,1.48,12287.0,United Kingdom
564523,POST,POSTAGE,19,2025-08-28 00:15:46,18.0,17098.0,Germany
562728,20725,LUNCH BAG RED RETROSPOT,5,2025-02-18 20:47:50,1.65,17337.0,United Kingdom
564598,POST,POSTAGE,16,2025-01-13 18:41:10,19.8,16805.0,United Kingdom
548433,POST,POSTAGE,8,2025-09-02 23:18:06,19.8,13805.0,Spain
546161,22423,REGENCY CAKESTAND 3 TIER,2,2025-10-09 14:23:09,12.75,12978.0,EIRE
546744,85123A,WHITE HANGING HEART T-LIGHT HOLDER,10,2025-09-27 05:31:43,2.55,15027.0,United Kingdom
565007,85123A,WHITE HANGING HEART T-LIGHT HOLDER,9,2025-10-19 06:57:35,2.55,16040.0,Netherlands
558070,21977,PACK OF 60 PINK PAISLEY CAKE CASES,10,2025-10-21 22:17:17,0.55,12123.0,United Kingdom
547003,21977,PACK OF 60 PINK PAISLEY CAKE CASES,17,2025-08-08 01:02:04,0.55,17141.0,EIRE
560525,85123A,WHITE HANGING HEART T-LIGHT HOLDER,6,2025-07-09 16:07:09,2.55,,United Kingdom
543948,20725,LUNCH BAG RED RETROSPOT,13,2025-11-09 01:37:56,1.82,16918.0,United Kingdom
545060,20725,LUNCH BAG RED RETROSPOT,4,2025-05-08 17:44:19,1.82,12467.0,United Kingdom
536050,21977,PACK OF 60 PINK PAISLEY CAKE CASES,17,2025-02-05 13:56:56,0.55,14553.0,United Kingdom
568853,85099B,JUMBO BAG RED RETROSPOT,9,2025-10-02 11:20:11,2.29,14749.0,United Kingdom
544014,85123A,WHITE HANGING HEART T-LIGHT HOLDER,16,2025-04-11 16:48:35,2.3,12288.0,United Kingdom
561573,85099B,JUMBO BAG RED RETROSPOT,6,2025-12-24 08:30:54,1.87,16244.0,Germany
540026,85123A,WHITE HANGING HEART T-LIGHT HOLDER,6,2025-06-01 13:45:37,2.8,17587.0,United Kingdom
537225,21977,PACK OF 60 PINK PAISLEY CAKE CASES,19,2025-11-07 19:12:02,0.55,15243.0,United Kingdom
558947,22423,REGENCY CAKESTAND 3 TIER,4,2025-01-16 11:00:00,12.75,14375.0,Netherlands
539346,22423,REGENCY CAKESTAND 3 TIER,11,2025-08-29 00:31:38,12.75,15816.0,Germany
540922,85099B,JUMBO BAG RED RETROSPOT,7,2025-06-13 23:51:18,1.87,14165.0,Netherlands
C547231,21977,PACK OF 60 PINK PAISLEY CAKE CASES,-8,2025-06-18 12:58:27,0.5,14158.0,United Kingdom
555903,85099B,JUMBO BAG RED RETROSPOT,14,2025-04-07 10:18:51,1.87,16557.0,United Kingdom
536619,POST,POSTAGE,15,2025-12-21 01:46:18,18.0,15545.0,Germany
540299,85123A,WHITE HANGING HEART T-LIGHT HOLDER,10,2025-05-24 02:10:15,2.3,13583.0,Germany
547489,POST,POSTAGE,13,2025-11-07 06:06:40,16.2,14444.0,United Kingdom
559950,85123A,WHITE HANGING HEART T-LIGHT HOLDER,1,2025-06-05 22:09:32,2.55,17008.0,Spain
539315,85123A,WHITE HANGING HEART T-LIGHT HOLDER,5,2025-01-18 17:24:17,2.55,15172.0,Germany
545708,POST,POSTAGE,15,2025-11-17 09:55:10,18.0,12456.0,France
542556,20725,LUNCH BAG RED RETROSPOT,13,2025-03-09 18:06:49,1.65,17142.0,United Kingdom
546495,21977,PACK OF 60 PINK PAISLEY CAKE CASES,1,2025-04-09 09:24:14,0.5,16444.0,Germany
544765,20725,LUNCH BAG RED RETROSPOT,17,2025-11-11 21:20:13,1.65,,United Kingdom
557773,85099B,JUMBO BAG RED RETROSPOT,8,2025-11-23 07:51:04,2.08,,Netherlands
538284,20725,LUNCH BAG RED RETROSPOT,6,2025-12-01 17:10:13,1.65,,United Kingdom
567924,85123A,WHITE HANGING HEART T-LIGHT HOLDER,9,2025-06-05 10:28:34,2.8,17974.0,United Kingdom
544311,20725,LUNCH BAG RED RETROSPOT,8,2025-10-04 16:11:38,1.48,14266.0,United Kingdom
569714,POST,POSTAGE,10,2025-04-30 04:28:31,18.0,17542.0,Germany
560796,20725,LUNCH BAG RED RETROSPOT,4,2025-09-28 22:40:58,1.65,16838.0,Netherlands
548146,20725,LUNCH BAG RED RETROSPOT,3,2025-07-03 06:52:22,1.65,17224.0,Spain
546278,21977,PACK OF 60 PINK PAISLEY CAKE CASES,19,2025-01-19 12:53:52,0.5,15282.0,France
568175,85099B,JUMBO BAG RED RETROSPOT,15,2025-06-02 16:29:48,2.08,13673.0,Netherlands
569878,85099B,JUMBO BAG RED RETROSPOT,7,2025-06-20 15:41:35,1.87,13360.0,France
556818,20725,LUNCH BAG RED RETROSPOT,17,2025-04-04 13:18:38,1.48,17799.0,United Kingdom
537601,21977,PACK OF 60 PINK PAISLEY CAKE CASES,16,2025-05-17 20:50:00,0.55,15014.0,Germany
566819,85099B,JUMBO BAG RED RETROSPOT,14,2025-07-03 23:16:13,2.29,17567.0,United Kingdom
552208,20725,LUNCH BAG RED RETROSPOT,14,2025-01-19 18:19:43,1.48,,United Kingdom
536946,85123A,WHITE HANGING HEART T-LIGHT HOLDER,19,2025-02-25 04:25:40,2.3,15206.0,United Kingdom
563264,20725,LUNCH BAG RED RETROSPOT,16,2025-10-07 18:28:41,1.65,12439.0,United Kingdom
537127,20725,LUNCH BAG RED RETROSPOT,5,2025-05-09 12:04:51,1.48,14412.0,Netherlands
548637,22423,REGENCY CAKESTAND 3 TIER,14,2025-08-11 12:52:55,12.75,,Netherlands
538535,85123A,WHITE HANGING HEART T-LIGHT HOLDER,4,2025-07-26 22:35:44,2.55,12655.0,United Kingdom
550856,20725,LUNCH BAG RED RETROSPOT,10,2025-07-21 12:40:05,1.65,12972.0,France
563349,85123A,WHITE HANGING HEART T-LIGHT HOLDER,2,2025-05-31 20:25:07,2.3,15543.0,United Kingdom
540388,POST,POSTAGE,4,2025-06-26 15:34:08,16.2,13488.0,United Kingdom
540690,85123A,WHITE HANGING HEART T-LIGHT HOLDER,14,2025-10-28 02:05:46,2.3,16203.0,United Kingdom
568525,22423,REGENCY CAKESTAND 3 TIER,8,2025-12-19 16:48:47,12.75,14762.0,United Kingdom
542003,85123A,WHITE HANGING HEART T-LIGHT HOLDER,4,2025-04-04 11:52:41,2.55,14423.0,United Kingdom
539826,20725,LUNCH BAG RED RETROSPOT,19,2025-09-02 13:06:23,1.48,12704.0,United Kingdom
555903,21977,PACK OF 60 PINK PAISLEY CAKE CASES,18,2025-12-20 07:15:53,0.55,14436.0,United Kingdom
545407,20725,LUNCH BAG RED RETROSPOT,5,2025-01-03 04:27:04,1.65,15253.0,United Kingdom
568553,POST,POSTAGE,12,2025-10-14 17:51:19,16.2,15439.0,Spain
541566,21977,PACK OF 60 PINK PAISLEY CAKE CASES,6,2025-07-01 05:57:42,0.5,13621.0,United Kingdom
555281,22423,REGENCY CAKESTAND 3 TIER,16,2025-12-20 02:14:11,12.75,12166.0,United Kingdom
567309,85123A,WHITE HANGING HEART T-LIGHT HOLDER,14,2025-07-31 11:50:01,2.55,17608.0,United Kingdom
560908,20725,LUNCH BAG RED RETROSPOT,9,2025-11-02 17:04:50,1.65,17747.0,United Kingdom
C536984,22423,REGENCY CAKESTAND 3 TIER,-18,2025-03-02 04:53:51,12.75,17424.0,United Kingdom
542382,POST,POSTAGE,14,2025-02-21 08:41:02,19.8,13739.0,United Kingdom
540256,20725,LUNCH BAG RED RETROSPOT,3,2025-12-05 10:09:49,1.48,15615.0,Germany
567081,21977,PACK OF 60 PINK PAISLEY CAKE CASES,9,2025-07-12 22:09:56,0.5,12845.0,Germany
542864,21977,PACK OF 60 PINK PAISLEY CAKE CASES,16,2025-07-23 03:31:52,0.55,17433.0,France
537899,POST,POSTAGE,11,2025-03-04 22:02:12,19.8,12032.0,Germany
549010,20725,LUNCH BAG RED RETROSPOT,2,2025-03-24 03:30:34,1.48,14824.0,United Kingdom
545615,21977,PACK OF 60 PINK PAISLEY CAKE CASES,15,2025-10-26 13:52:32,0.55,17141.0,United Kingdom
541570,85099B,JUMBO BAG RED RETROSPOT,10,2025-04-21 20:14:13,2.29,16353.0,United Kingdom
551426,85099B,JUMBO BAG RED RETROSPOT,5,2025-08-02 21:42:07,2.08,17179.0,United Kingdom
566615,85099B,JUMBO BAG RED RETROSPOT,16,2025-04-26 13:00:50,2.29,14978.0,United Kingdom
543689,POST,POSTAGE,17,2025-04-07 11:49:59,18.0,12571.0,United Kingdom
569371,21977,PACK OF 60 PINK PAISLEY CAKE CASES,12,2025-03-02 18:43:49,0.61,12046.0,France
558567,20725,LUNCH BAG RED RETROSPOT,14,2025-12-06 21:49:40,1.65,12913.0,United Kingdom
548995,85123A,WHITE HANGING HEART T-LIGHT HOLDER,5,2025-12-10 00:16:37,2.55,12345.0,United Kingdom
559078,20725,LUNCH BAG RED RETROSPOT,15,2025-02-12 06:17:21,1.48,14687.0,Germany
547846,85099B,JUMBO BAG RED RETROSPOT,18,2025-05-09 06:51:18,2.29,12303.0,United Kingdom
543203,20725,LUNCH BAG RED RETROSPOT,5,2025-07-25 20:00:00,1.65,13114.0,EIRE
543974,85123A,WHITE HANGING HEART T-LIGHT HOLDER,18,2025-05-20 00:25:27,2.8,,Netherlands
536292,POST,POSTAGE,2,2025-09-21 03:00:40,18.0,16414.0,Netherlands
558051,21977,PACK OF 60 PINK PAISLEY CAKE CASES,9,2025-04-05 00:04:52,0.55,16045.0,United Kingdom
538526,85099B,JUMBO BAG RED RETROSPOT,2,2025-01-22 22:52:14,1.87,12348.0,United Kingdom
542752,22423,REGENCY CAKESTAND 3 TIER,9,2025-05-03 00:46:06,12.75,17419.0,Germany
536014,22423,REGENCY CAKESTAND 3 TIER,13,2025-08-07 06:22:19,12.75,,Germany
538212,22423,REGENCY CAKESTAND 3 TIER,17,2025-03-07 12:30:59,12.75,14093.0,Germany
566783,85123A,WHITE HANGING HEART T-LIGHT HOLDER,3,2025-10-25 08:22:08,2.8,14296.0,United Kingdom
536808,85099B,JUMBO BAG RED RETROSPOT,17,2025-01-05 02:10:47,2.08,17090.0,United Kingdom
557136,85099B,JUMBO BAG RED RETROSPOT,19,2025-01-25 09:54:38,2.08,14789.0,United Kingdom
C547143,85099B,JUMBO BAG RED RETROSPOT,-2,2025-07-05 19:09:39,2.29,13474.0,United Kingdom
540706,20725,LUNCH BAG RED RETROSPOT,19,2025-07-06 06:55:55,1.65,14548.0,United Kingdom
546189,85099B,JUMBO BAG RED RETROSPOT,18,2025-04-18 12:23:18,2.08,12410.0,Netherlands
539145,85123A,WHITE HANGING HEART T-LIGHT HOLDER,1,2025-04-05 11:16:23,2.8,12918.0,United Kingdom
546639,20725,LUNCH BAG RED RETROSPOT,2,2025-01-26 05:53:18,1.65,13887.0,Germany
563798,85099B,JUMBO BAG RED RETROSPOT,14,2025-08-30 00:03:41,1.87,13321.0,Netherlands
557093,21977,PACK OF 60 PINK PAISLEY CAKE CASES,8,2025-05-19 20:07:39,0.5,14095.0,United Kingdom
563575,POST,POSTAGE,5,2025-02-13 23:51:03,18.0,12388.0,United Kingdom
559683,20725,LUNCH BAG RED RETROSPOT,8,2025-05-26 12:13:52,1.65,15660.0,France
567530,85099B,JUMBO BAG RED RETROSPOT,7,2025-12-09 19:55:36,2.29,12691.0,United Kingdom
539673,21977,PACK OF 60 PINK PAISLEY CAKE CASES,19,2025-04-06 08:25:09,0.5,13301.0,United Kingdom
541415,20725,LUNCH BAG RED RETROSPOT,5,2025-11-23 22:38:09,1.65,17867.0,EIRE
549987,20725,LUNCH BAG RED RETROSPOT,2,2025-04-05 13:37:50,1.48,12035.0,France
553757,85123A,WHITE HANGING HEART T-LIGHT HOLDER,16,2025-03-09 19:12:05,2.55,13678.0,EIRE
562655,21977,PACK OF 60 PINK PAISLEY CAKE CASES,16,2025-04-06 16:08:33,0.61,15001.0,Netherlands
540130,20725,LUNCH BAG RED RETROSPOT,17,2025-04-28 22:10:04,1.82,13842.0,United Kingdom
539759,20725,LUNCH BAG RED RETROSPOT,19,2025-02-14 13:24:40,1.65,13923.0,France
563051,85123A,WHITE HANGING HEART T-LIGHT HOLDER,1,2025-08-03 20:20:04,2.3,,Germany
554676,85099B,JUMBO BAG RED RETROSPOT,15,2025-05-02 22:23:12,2.29,14540.0,Germany
550024,85099B,JUMBO BAG RED RETROSPOT,6,2025-09-20 18:14:28,1.87,16530.0,France
543550,22423,REGENCY CAKESTAND 3 TIER,9,2025-06-29 08:29:43,11.48,15527.0,France
559658,21977,PACK OF 60 PINK PAISLEY CAKE CASES,9,2025-06-11 02:11:02,0.55,17544.0,Spain
563276,85099B,JUMBO BAG RED RETROSPOT,19,2025-06-21 09:50:19,2.29,16198.0,United Kingdom
537030,22423,REGENCY CAKESTAND 3 TIER,10,2025-02-27 16:37:13,14.02,16738.0,Germany
537834,22423,REGENCY CAKESTAND 3 TIER,5,2025-09-18 20:36:45,12.75,14590.0,United Kingdom
562449,20725,LUNCH BAG RED RETROSPOT,2,2025-02-08 18:27:17,1.65,15675.0,Germany
566049,20725,LUNCH BAG RED RETROSPOT,12,2025-09-21 15:17:58,1.48,15468.0,France
543802,20725,LUNCH BAG RED RETROSPOT,16,2025-12-31 12:52:21,1.65,16879.0,EIRE
560000,POST,POSTAGE,14,2025-10-06 23:11:25,18.0,15006.0,United Kingdom
564655,POST,POSTAGE,18,2025-06-16 05:51:08,18.0,14425.0,United Kingdom
539848,85099B,JUMBO BAG RED RETROSPOT,1,2025-04-25 19:00:43,2.29,12420.0,United Kingdom
542319,85123A,WHITE HANGING HEART T-LIGHT HOLDER,8,2025-11-15 13:13:56,2.55,17156.0,United Kingdom
540433,20725,LUNCH BAG RED RETROSPOT,12,2025-04-04 12:18:37,1.82,14613.0,United Kingdom
562863,21977,PACK OF 60 PINK PAISLEY CAKE CASES,17,2025-06-26 09:34:55,0.55,16791.0,Netherlands
562225,85099B,JUMBO BAG RED RETROSPOT,6,2025-10-09 15:13:59,2.08,16068.0,United Kingdom
540559,POST,POSTAGE,13,2025-12-03 23:59:56,19.8,12010.0,Netherlands
541929,22423,REGENCY CAKESTAND 3 TIER,4,2025-12-03 09:44:45,14.02,15908.0,United Kingdom
558556,POST,POSTAGE,12,2025-02-02 02:42:39,18.0,14926.0,France
566510,21977,PACK OF 60 PINK PAISLEY CAKE CASES,15,2025-11-24 03:03:48,0.55,13438.0,Germany
562494,85123A,WHITE HANGING HEART T-LIGHT HOLDER,16,2025-02-11 04:14:47,2.55,13587.0,France
541698,20725,LUNCH BAG RED RETROSPOT,9,2025-08-02 09:46:14,1.48,,Germany
549131,20725,LUNCH BAG RED RETROSPOT,9,2025-12-06 00:05:56,1.65,12517.0,France
538260,21977,PACK OF 60 PINK PAISLEY CAKE CASES,17,2025-08-28 06:45:20,0.55,15637.0,Spain
544307,21977,PACK OF 60 PINK PAISLEY CAKE CASES,11,2025-12-12 16:40:56,0.61,17077.0,Germany
555153,85123A,WHITE HANGING HEART T-LIGHT HOLDER,7,2025-05-06 16:16:26,2.3,12521.0,United Kingdom
547713,85123A,WHITE HANGING HEART T-LIGHT HOLDER,6,2025-04-25 16:03:18,2.55,12047.0,United Kingdom
556629,85123A,WHITE HANGING HEART T-LIGHT HOLDER,14,2025-04-30 16:03:38,2.55,12363.0,France
546084,85123A,WHITE HANGING HEART T-LIGHT HOLDER,14,2025-05-10 01:49:19,2.3,16380.0,United Kingdom
555158,22423,REGENCY CAKESTAND 3 TIER,11,2025-09-07 22:29:48,12.75,17086.0,United Kingdom
557524,21977,PACK OF 60 PINK PAISLEY CAKE CASES,4,2025-06-15 07:08:44,0.55,17929.0,Germany
542614,85123A,WHITE HANGING HEART T-LIGHT HOLDER,4,2025-09-27 01:54:25,2.55,12172.0,United Kingdom
537515,21977,PACK OF 60 PINK PAISLEY CAKE CASES,5,2025-06-01 19:28:49,0.55,14892.0,EIRE
547493,22423,REGENCY CAKESTAND 3 TIER,1,2025-04-23 11:13:17,12.75,12289.0,France
537408,22423,REGENCY CAKESTAND 3 TIER,10,2025-03-11 08:18:54,12.75,14227.0,France
541422,POST,POSTAGE,8,2025-07-21 09:34:02,16.2,13847.0,France
545784,POST,POSTAGE,8,2025-11-24 13:59:45,18.0,15634.0,Spain
547497,20725,LUNCH BAG RED RETROSPOT,18,2025-11-10 12:39:30,1.48,17453.0,Germany
545417,85123A,WHITE HANGING HEART T-LIGHT HOLDER,5,2025-04-03 00:19:49,2.3,16828.0,Netherlands
537818,20725,LUNCH BAG RED RETROSPOT,16,2025-06-24 02:52:10,1.48,12381.0,United Kingdom
542020,85123A,WHITE HANGING HEART T-LIGHT HOLDER,4,2025-09-15 22:44:13,2.3,13441.0,Germany
566005,21977,PACK OF 60 PINK PAISLEY CAKE CASES,12,2025-08-12 11:47:39,0.55,13649.0,France
560371,POST,POSTAGE,17,2025-01-25 23:43:23,16.2,13504.0,United Kingdom
551106,85099B,JUMBO BAG RED RETROSPOT,16,2025-08-04 15:46:05,2.08,14119.0,United Kingdom
536807,POST,POSTAGE,12,2025-01-15 17:41:52,16.2,15643.0,Germany
548172,20725,LUNCH BAG RED RETROSPOT,4,2025-02-12 07:31:51,1.65,16437.0,United Kingdom
567423,22423,REGENCY CAKESTAND 3 TIER,8,2025-08-27 20:06:29,11.48,17639.0,Spain
563526,85123A,WHITE HANGING HEART T-LIGHT HOLDER,9,2025-02-07 15:36:38,2.55,16217.0,United Kingdom
561754,20725,LUNCH BAG RED RETROSPOT,17,2025-05-04 18:02:35,1.48,13790.0,United Kingdom
544449,85099B,JUMBO BAG RED RETROSPOT,8,2025-08-03 06:22:34,2.08,13104.0,Germany
549700,85123A,WHITE HANGING HEART T-LIGHT HOLDER,16,2025-08-28 14:04:47,2.55,14260.0,United Kingdom
536971,85123A,WHITE HANGING HEART T-LIGHT HOLDER,19,2025-06-12 08:51:47,2.55,16797.0,United Kingdom
565203,POST,POSTAGE,3,2025-02-04 21:48:49,19.8,17959.0,Germany
539844,22423,REGENCY CAKESTAND 3 TIER,18,2025-10-19 21:46:29,12.75,14353.0,United Kingdom
557017,POST,POSTAGE,11,2025-12-13 08:28:17,18.0,13057.0,United Kingdom
545589,21977,PACK OF 60 PINK PAISLEY CAKE CASES,12,2025-11-21 00:36:05,0.61,12029.0,Germany
555387,22423,REGENCY CAKESTAND 3 TIER,6,2025-10-01 05:59:12,12.75,12461.0,Germany
564125,85099B,JUMBO BAG RED RETROSPOT,7,2025-05-27 06:32:51,1.87,15821.0,EIRE
546642,20725,LUNCH BAG RED RETROSPOT,11,2025-11-16 00:27:48,1.65,,United Kingdom
536572,85099B,JUMBO BAG RED RETROSPOT,4,2025-06-28 22:27:26,2.08,15859.0,United Kingdom
558545,85123A,WHITE HANGING HEART T-LIGHT HOLDER,14,2025-02-19 11:11:04,2.55,,Netherlands
554092,22423,REGENCY CAKESTAND 3 TIER,13,2025-11-07 03:31:44,12.75,14621.0,Germany
540749,20725,LUNCH BAG RED RETROSPOT,1,2025-04-27 14:37:50,1.48,13082.0,United Kingdom
537647,21977,PACK OF 60 PINK PAISLEY CAKE CASES,5,2025-12-09 09:32:16,0.55,14019.0,EIRE
553846,85099B,JUMBO BAG RED RETROSPOT,10,2025-05-15 04:11:32,2.08,15733.0,United Kingdom
C556853,22423,REGENCY CAKESTAND 3 TIER,-15,2025-11-14 10:53:53,12.75,,EIRE
539947,85099B,JUMBO BAG RED RETROSPOT,6,2025-07-16 14:22:12,2.08,15957.0,France
556371,20725,LUNCH BAG RED RETROSPOT,17,2025-06-20 15:39:48,1.48,13734.0,Netherlands
551134,85123A,WHITE HANGING HEART T-LIGHT HOLDER,11,2025-04-19 05:24:08,2.55,15062.0,Netherlands
540665,POST,POSTAGE,11,2025-11-02 14:40:57,18.0,14754.0,United Kingdom
556953,20725,LUNCH BAG RED RETROSPOT,3,2025-01-23 19:01:22,1.48,14302.0,France
557950,22423,REGENCY CAKESTAND 3 TIER,12,2025-06-21 15:02:32,11.48,12756.0,United Kingdom
541287,20725,LUNCH BAG RED RETROSPOT,16,2025-05-15 22:50:15,1.65,15457.0,Germany
558900,21977,PACK OF 60 PINK PAISLEY CAKE CASES,5,2025-07-18 22:34:11,0.5,17940.0,Germany
543552,21977,PACK OF 60 PINK PAISLEY CAKE CASES,11,2025-04-03 11:53:10,0.5,15860.0,United Kingdom
556304,85123A,WHITE HANGING HEART T-LIGHT HOLDER,1,2025-08-31 09:25:36,2.55,16474.0,United Kingdom
563650,POST,POSTAGE,5,2025-05-21 10:58:38,18.0,16820.0,United Kingdom
567864,85099B,JUMBO BAG RED RETROSPOT,2,2025-03-10 11:45:19,2.08,12229.0,United Kingdom
544694,20725,LUNCH BAG RED RETROSPOT,15,2025-03-13 04:09:41,1.65,16756.0,United Kingdom
547518,22423,REGENCY CAKESTAND 3 TIER,19,2025-09-12 23:08:07,11.48,13454.0,Spain
539248,22423,REGENCY CAKESTAND 3 TIER,1,2025-04-06 13:38:18,11.48,15988.0,United Kingdom
568952,POST,POSTAGE,14,2025-04-23 03:04:32,18.0,17903.0,EIRE
547243,85099B,JUMBO BAG RED RETROSPOT,12,2025-08-17 21:40:17,2.08,17365.0,EIRE
C563274,85123A,WHITE HANGING HEART T-LIGHT HOLDER,-14,2025-05-01 22:45:25,2.55,14486.0,France
567794,20725,LUNCH BAG RED RETROSPOT,10,2025-05-22 13:28:07,1.48,17028.0,United Kingdom
552173,22423,REGENCY CAKESTAND 3 TIER,19,2025-03-31 22:45:31,12.75,15711.0,Spain
559588,20725,LUNCH BAG RED RETROSPOT,1,2025-05-07 23:17:55,1.65,12799.0,France
552055,POST,POSTAGE,3,2025-09-10 22:53:00,19.8,13439.0,France
555564,85123A,WHITE HANGING HEART T-LIGHT HOLDER,5,2025-07-14 23:08:06,2.55,17740.0,Spain
544485,21977,PACK OF 60 PINK PAISLEY CAKE CASES,15,2025-12-31 01:36:31,0.55,17491.0,Germany
564574,POST,POSTAGE,2,2025-10-09 00:44:34,19.8,17350.0,United Kingdom
540183,POST,POSTAGE,3,2025-01-07 13:51:41,18.0,14305.0,Spain
558446,85099B,JUMBO BAG RED RETROSPOT,14,2025-05-19 17:57:14,2.08,13925.0,United Kingdom
567279,21977,PACK OF 60 PINK PAISLEY CAKE CASES,8,2025-04-16 20:06:58,0.55,16836.0,EIRE
563578,21977,PACK OF 60 PINK PAISLEY CAKE CASES,14,2025-08-03 15:24:08,0.61,,United Kingdom
561796,85123A,WHITE HANGING HEART T-LIGHT HOLDER,7,2025-04-07 07:31:43,2.8,17384.0,United Kingdom
558343,21977,PACK OF 60 PINK PAISLEY CAKE CASES,2,2025-12-19 22:23:23,0.5,15623.0,United Kingdom
568154,22423,REGENCY CAKESTAND 3 TIER,12,2025-04-20 14:10:24,12.75,15796.0,United Kingdom
565384,22423,REGENCY CAKESTAND 3 TIER,3,2025-07-10 16:21:24,12.75,14630.0,Netherlands
545348,85099B,JUMBO BAG RED RETROSPOT,10,2025-02-14 06:09:16,2.08,17875.0,United Kingdom
C557216,20725,LUNCH BAG RED RETROSPOT,-17,2025-11-29 18:12:40,1.65,16497.0,France
550574,22423,REGENCY CAKESTAND 3 TIER,4,2025-11-29 03:06:38,12.75,12323.0,United Kingdom
545005,22423,REGENCY CAKESTAND 3 TIER,4,2025-10-17 20:53:32,12.75,15147.0,Netherlands
563817,85123A,WHITE HANGING HEART T-LIGHT HOLDER,19,2025-05-09 20:27:14,2.55,17157.0,United Kingdom
537398,85123A,WHITE HANGING HEART T-LIGHT HOLDER,6,2025-01-22 16:23:09,2.55,,United Kingdom
540362,POST,POSTAGE,8,2025-09-17 23:32:57,19.8,16421.0,United Kingdom
539580,85099B,JUMBO BAG RED RETROSPOT,14,2025-06-06 21:50:33,2.29,13468.0,Germany
542868,85123A,WHITE HANGING HEART T-LIGHT HOLDER,3,2025-12-28 01:40:26,2.55,15039.0,Netherlands
553423,POST,POSTAGE,2,2025-09-12 05:17:58,19.8,17295.0,Netherlands
568038,85123A,WHITE HANGING HEART T-LIGHT HOLDER,17,2025-07-16 02:54:42,2.8,14953.0,United Kingdom
569040,85099B,JUMBO BAG RED RETROSPOT,19,2025-12-27 07:41:55,2.08,12226.0,United Kingdom
566606,20725,LUNCH BAG RED RETROSPOT,19,2025-10-20 14:07:35,1.82,12124.0,United Kingdom
561821,20725,LUNCH BAG RED RETROSPOT,1,2025-06-17 03:27:02,1.65,16420.0,United Kingdom
551635,85123A,WHITE HANGING HEART T-LIGHT HOLDER,11,2025-01-07 02:04:17,2.8,17585.0,Germany
562365,20725,LUNCH BAG RED RETROSPOT,17,2025-02-03 15:27:48,1.48,13751.0,United Kingdom
545117,21977,PACK OF 60 PINK PAISLEY CAKE CASES,17,2025-06-11 15:08:52,0.55,17612.0,Germany
558568,21977,PACK OF 60 PINK PAISLEY CAKE CASES,7,2025-07-25 08:47:21,0.55,14715.0,Spain
536281,22423,REGENCY CAKESTAND 3 TIER,10,2025-01-12 17:16:03,12.75,12352.0,United Kingdom
566718,20725,LUNCH BAG RED RETROSPOT,3,2025-02-16 14:12:11,1.65,15186.0,United Kingdom
569034,21977,PACK OF 60 PINK PAISLEY CAKE CASES,3,2025-09-15 09:57:03,0.5,17842.0,United Kingdom
561005,20725,LUNCH BAG RED RETROSPOT,8,2025-10-02 01:38:16,1.48,13500.0,United Kingdom
541941,POST,POSTAGE,5,2025-01-11 18:08:59,18.0,17763.0,United Kingdom
544784,20725,LUNCH BAG RED RETROSPOT,19,2025-07-05 14:59:25,1.48,15911.0,Germany
561151,20725,LUNCH BAG RED RETROSPOT,2,2025-01-30 02:43:37,1.48,14376.0,United Kingdom
552982,22423,REGENCY CAKESTAND 3 TIER,11,2025-09-22 04:30:36,14.02,16160.0,France
554618,85123A,WHITE HANGING HEART T-LIGHT HOLDER,11,2025-11-01 07:13:46,2.8,14404.0,Spain
549747,21977,PACK OF 60 PINK PAISLEY CAKE CASES,2,2025-11-14 04:17:52,0.5,12510.0,Netherlands
564415,85123A,WHITE HANGING HEART T-LIGHT HOLDER,9,2025-08-07 19:23:00,2.3,17224.0,Germany
541623,20725,LUNCH BAG RED RETROSPOT,18,2025-08-18 22:24:18,1.65,14243.0,United Kingdom
551020,20725,LUNCH BAG RED RETROSPOT,3,2025-12-05 02:07:13,1.65,15394.0,United Kingdom
543560,21977,PACK OF 60 PINK PAISLEY CAKE CASES,3,2025-08-12 05:44:40,0.5,16466.0,United Kingdom
559522,85123A,WHITE HANGING HEART T-LIGHT HOLDER,4,2025-06-12 06:50:31,2.8,,Netherlands
545695,20725,LUNCH BAG RED RETROSPOT,2,2025-10-03 23:48:06,1.65,16329.0,Netherlands
546181,21977,PACK OF 60 PINK PAISLEY CAKE CASES,17,2025-08-04 14:54:28,0.55,14191.0,United Kingdom
541903,85099B,JUMBO BAG RED RETROSPOT,1,2025-11-04 22:53:48,1.87,,United Kingdom
565361,21977,PACK OF 60 PINK PAISLEY CAKE CASES,6,2025-07-11 05:56:14,0.55,14742.0,United Kingdom
543388,85123A,WHITE HANGING HEART T-LIGHT HOLDER,16,2025-11-14 01:37:22,2.55,,United Kingdom
565534,20725,LUNCH BAG RED RETROSPOT,19,2025-01-17 11:32:27,1.65,13125.0,Netherlands
567157,85123A,WHITE HANGING HEART T-LIGHT HOLDER,3,2025-01-14 19:36:37,2.3,,United Kingdom
568778,21977,PACK OF 60 PINK PAISLEY CAKE CASES,7,2025-02-06 20:05:33,0.55,14465.0,United Kingdom
547670,85123A,WHITE HANGING HEART T-LIGHT HOLDER,4,2025-07-23 11:20:13,2.3,12709.0,United Kingdom
558266,85123A,WHITE HANGING HEART T-LIGHT HOLDER,4,2025-09-16 06:28:19,2.55,13456.0,United Kingdom
564135,22423,REGENCY CAKESTAND 3 TIER,18,2025-03-20 01:07:47,11.48,15944.0,United Kingdom
C538662,85123A,WHITE HANGING HEART T-LIGHT HOLDER,-7,2025-02-26 10:27:37,2.8,,Spain
538189,POST,POSTAGE,12,2025-11-11 12:51:49,18.0,16160.0,United Kingdom
543035,20725,LUNCH BAG RED RETROSPOT,3,2025-10-01 00:26:17,1.65,13906.0,Germany
569381,85123A,WHITE HANGING HEART T-LIGHT HOLDER,6,2025-08-25 22:26:05,2.55,16887.0,United Kingdom
539056,85123A,WHITE HANGING HEART T-LIGHT HOLDER,7,2025-06-28 17:00:03,2.3,14436.0,United Kingdom
562002,20725,LUNCH BAG RED RETROSPOT,12,2025-06-03 07:50:41,1.48,13086.0,United Kingdom
564522,85123A,WHITE HANGING HEART T-LIGHT HOLDER,18,2025-01-08 08:31:17,2.8,16537.0,United Kingdom
C566828,85099B,JUMBO BAG RED RETROSPOT,-5,2025-03-10 08:34:13,2.08,15100.0,United Kingdom
553976,85123A,WHITE HANGING HEART T-LIGHT HOLDER,13,2025-11-24 20:38:28,2.3,14223.0,United Kingdom
553880,21977,PACK OF 60 PINK PAISLEY CAKE CASES,10,2025-05-04 17:22:12,0.55,15964.0,EIRE
561240,POST,POSTAGE,16,2025-09-15 02:07:31,19.8,16348.0,France
557574,85123A,WHITE HANGING HEART T-LIGHT HOLDER,7,2025-09-14 07:21:02,2.3,13342.0,Netherlands
562744,POST,POSTAGE,9,2025-04-23 18:46:24,18.0,12703.0,United Kingdom
548267,20725,LUNCH BAG RED RETROSPOT,12,2025-03-16 08:33:19,1.48,15101.0,France
567741,POST,POSTAGE,9,2025-09-10 19:31:51,18.0,12309.0,Germany
550689,20725,LUNCH BAG RED RETROSPOT,15,2025-02-04 12:10:36,1.65,15830.0,United Kingdom
544437,20725,LUNCH BAG RED RETROSPOT,1,2025-06-30 18:37:32,1.65,14638.0,United Kingdom
561525,21977,PACK OF 60 PINK PAISLEY CAKE CASES,7,2025-11-21 12:39:59,0.55,13286.0,United Kingdom
557110,20725,LUNCH BAG RED RETROSPOT,4,2025-09-17 17:37:30,1.65,15591.0,EIRE
537698,85123A,WHITE HANGING HEART T-LIGHT HOLDER,3,2025-10-06 10:21:20,2.55,14253.0,United Kingdom
541656,20725,LUNCH BAG RED RETROSPOT,2,2025-01-31 05:42:24,1.82,14330.0,United Kingdom
537242,21977,PACK OF 60 PINK PAISLEY CAKE CASES,7,2025-03-14 21:10:16,0.61,,Netherlands
555582,85123A,WHITE HANGING HEART T-LIGHT HOLDER,5,2025-04-11 10:00:05,2.8,16056.0,United Kingdom
565747,22423,REGENCY CAKESTAND 3 TIER,15,2025-04-17 00:13:22,11.48,17417.0,Netherlands
546968,85123A,WHITE HANGING HEART T-LIGHT HOLDER,10,2025-03-12 09:15:46,2.55,15712.0,EIRE
539740,85099B,JUMBO BAG RED RETROSPOT,15,2025-12-21 09:51:42,2.08,13420.0,EIRE
564943,85123A,WHITE HANGING HEART T-LIGHT HOLDER,17,2025-03-02 05:47:05,2.8,17000.0,EIRE
560515,22423,REGENCY CAKESTAND 3 TIER,15,2025-09-16 21:03:53,12.75,12725.0,United Kingdom
554536,22423,REGENCY CAKESTAND 3 TIER,8,2025-08-03 11:48:02,11.48,13738.0,Germany
542784,21977,PACK OF 60 PINK PAISLEY CAKE CASES,19,2025-08-11 08:53:18,0.55,12210.0,France
558853,85123A,WHITE HANGING HEART T-LIGHT HOLDER,8,2025-03-20 16:44:26,2.3,17090.0,France
548451,22423,REGENCY CAKESTAND 3 TIER,16,2025-04-23 15:21:31,12.75,12269.0,United Kingdom
544333,22423,REGENCY CAKESTAND 3 TIER,4,2025-08-10 11:29:21,12.75,15277.0,United Kingdom
545980,85099B,JUMBO BAG RED RETROSPOT,19,2025-04-20 23:23:54,2.08,13149.0,United Kingdom
538089,85123A,WHITE HANGING HEART T-LIGHT HOLDER,6,2025-09-11 23:23:13,2.3,13273.0,United Kingdom
552671,POST,POSTAGE,12,2025-01-15 11:25:31,18.0,15649.0,Germany
561604,22423,REGENCY CAKESTAND 3 TIER,7,2025-01-27 17:00:36,12.75,16822.0,EIRE
564106,22423,REGENCY CAKESTAND 3 TIER,5,2025-09-23 01:14:55,12.75,12105.0,France
560618,21977,PACK OF 60 PINK PAISLEY CAKE CASES,7,2025-08-14 10:37:29,0.61,12951.0,France
565768,20725,LUNCH BAG RED RETROSPOT,12,2025-01-16 10:35:56,1.48,13720.0,United Kingdom
568762,85099B,JUMBO BAG RED RETROSPOT,3,2025-11-25 09:41:41,1.87,17661.0,United Kingdom
543549,22423,REGENCY CAKESTAND 3 TIER,4,2025-01-02 20:11:01,12.75,12349.0,United Kingdom
550738,21977,PACK OF 60 PINK PAISLEY CAKE CASES,18,2025-12-15 14:00:23,0.55,13071.0,United Kingdom
547480,85099B,JUMBO BAG RED RETROSPOT,2,2025-09-24 11:18:34,2.29,14421.0,United Kingdom
559281,85099B,JUMBO BAG RED RETROSPOT,14,2025-12-27 10:21:44,1.87,13953.0,United Kingdom
564455,POST,POSTAGE,6,2025-12-13 14:50:54,18.0,12291.0,United Kingdom
566257,POST,POSTAGE,7,2025-04-25 05:19:35,18.0,15241.0,Germany
539047,21977,PACK OF 60 PINK PAISLEY CAKE CASES,7,2025-10-04 05:54:05,0.55,15645.0,United Kingdom
553505,85123A,WHITE HANGING HEART T-LIGHT HOLDER,8,2025-03-18 12:30:18,2.55,13061.0,United Kingdom
539974,21977,PACK OF 60 PINK PAISLEY CAKE CASES,14,2025-06-22 07:39:36,0.55,16130.0,United Kingdom
547215,POST,POSTAGE,16,2025-03-29 16:08:42,16.2,12340.0,Germany
552305,POST,POSTAGE,7,2025-06-27 21:38:11,18.0,16388.0,Germany
557076,85123A,WHITE HANGING HEART T-LIGHT HOLDER,4,2025-11-15 08:36:09,2.55,13554.0,United Kingdom
562864,85123A,WHITE HANGING HEART T-LIGHT HOLDER,1,2025-06-09 13:51:52,2.3,13346.0,United Kingdom
569814,85123A,WHITE HANGING HEART T-LIGHT HOLDER,14,2025-02-03 06:47:59,2.8,,Netherlands
547423,20725,LUNCH BAG RED RETROSPOT,18,2025-04-29 19:02:31,1.65,17211.0,Germany
555021,85099B,JUMBO BAG RED RETROSPOT,1,2025-10-15 05:13:02,2.08,15012.0,France
538360,22423,REGENCY CAKESTAND 3 TIER,12,2025-07-10 12:31:48,12.75,16141.0,United Kingdom
539792,22423,REGENCY CAKESTAND 3 TIER,5,2025-07-24 08:42:27,14.02,13223.0,EIRE
568907,22423,REGENCY CAKESTAND 3 TIER,5,2025-06-07 18:21:22,11.48,,Spain
567905,POST,POSTAGE,16,2025-04-17 05:51:53,19.8,12229.0,United Kingdom
567922,85099B,JUMBO BAG RED RETROSPOT,5,2025-08-07 04:49:37,1.87,14644.0,France
544891,22423,REGENCY CAKESTAND 3 TIER,6,2025-08-20 18:18:51,14.02,13958.0,United Kingdom
558164,20725,LUNCH BAG RED RETROSPOT,3,2025-11-24 13:21:59,1.48,16606.0,Germany
543787,21977,PACK OF 60 PINK PAISLEY CAKE CASES,18,2025-08-14 15:19:44,0.55,16730.0,United Kingdom
559183,20725,LUNCH BAG RED RETROSPOT,18,2025-12-30 19:03:28,1.65,13865.0,United Kingdom
552477,20725,LUNCH BAG RED RETROSPOT,18,2025-10-29 06:53:10,1.65,14601.0,Netherlands
567745,85123A,WHITE HANGING HEART T-LIGHT HOLDER,5,2025-01-29 05:47:25,2.3,14289.0,Spain
548705,85123A,WHITE HANGING HEART T-LIGHT HOLDER,4,2025-05-24 23:48:14,2.55,16050.0,United Kingdom
557891,85123A,WHITE HANGING HEART T-LIGHT HOLDER,18,2025-05-21 02:40:27,2.8,15777.0,Netherlands
558414,20725,LUNCH BAG RED RETROSPOT,12,2025-01-02 15:29:46,1.48,15906.0,United Kingdom
562806,POST,POSTAGE,6,2025-03-07 09:19:58,19.8,12332.0,United Kingdom
537769,22423,REGENCY CAKESTAND 3 TIER,1,2025-10-06 03:25:09,12.75,14027.0,Spain
551759,20725,LUNCH BAG RED RETROSPOT,16,2025-05-09 22:52:45,1.82,17801.0,United Kingdom
551376,20725,LUNCH BAG RED RETROSPOT,16,2025-02-23 19:54:14,1.82,14050.0,United Kingdom
543752,POST,POSTAGE,1,2025-04-15 05:19:42,16.2,,Germany
563360,85099B,JUMBO BAG RED RETROSPOT,10,2025-04-11 18:05:19,2.29,13197.0,United Kingdom
564306,85123A,WHITE HANGING HEART T-LIGHT HOLDER,10,2025-03-05 18:25:34,2.55,12160.0,United Kingdom
538773,20725,LUNCH BAG RED RETROSPOT,9,2025-02-06 12:00:02,1.65,16684.0,United Kingdom
559268,20725,LUNCH BAG RED RETROSPOT,8,2025-10-06 22:56:54,1.82,12031.0,France
565292,20725,LUNCH BAG RED RETROSPOT,7,2025-10-28 05:36:11,1.65,15576.0,United Kingdom
545845,20725,LUNCH BAG RED RETROSPOT,7,2025-07-01 01:44:43,1.65,14397.0,United Kingdom
557492,85099B,JUMBO BAG RED RETROSPOT,18,2025-08-13 19:27:39,2.08,12568.0,France
557191,21977,PACK OF 60 PINK PAISLEY CAKE CASES,19,2025-12-02 08:34:46,0.55,17305.0,United Kingdom
536631,22423,REGENCY CAKESTAND 3 TIER,3,2025-11-04 02:59:18,14.02,16451.0,United Kingdom
563760,85099B,JUMBO BAG RED RETROSPOT,14,2025-01-12 23:14:50,2.29,16918.0,France
561505,22423,REGENCY CAKESTAND 3 TIER,11,2025-12-14 10:01:58,12.75,17619.0,France
545191,85123A,WHITE HANGING HEART T-LIGHT HOLDER,5,2025-01-25 20:46:18,2.55,17472.0,United Kingdom
546676,85123A,WHITE HANGING HEART T-LIGHT HOLDER,4,2025-01-10 19:36:56,2.3,16203.0,Spain
562117,21977,PACK OF 60 PINK PAISLEY CAKE CASES,15,2025-05-28 07:16:59,0.55,15202.0,France
563257,20725,LUNCH BAG RED RETROSPOT,7,2025-09-30 19:14:04,1.82,16181.0,United Kingdom
538459,22423,REGENCY CAKESTAND 3 TIER,3,2025-01-30 11:16:09,14.02,14692.0,France
548203,85099B,JUMBO BAG RED RETROSPOT,19,2025-04-17 15:07:02,2.08,13087.0,France
C557248,85123A,WHITE HANGING HEART T-LIGHT HOLDER,-18,2025-04-06 06:52:36,2.8,14315.0,Germany
C540323,85099B,JUMBO BAG RED RETROSPOT,-8,2025-05-26 00:11:08,2.29,14801.0,Germany
569963,22423,REGENCY CAKESTAND 3 TIER,9,2025-12-26 04:34:15,12.75,12278.0,France
543108,21977,PACK OF 60 PINK PAISLEY CAKE CASES,8,2025-05-01 07:59:41,0.61,17084.0,Netherlands
565456,POST,POSTAGE,4,2025-03-18 13:07:47,16.2,17457.0,Germany
538192,85099B,JUMBO BAG RED RETROSPOT,3,2025-02-14 20:28:36,2.08,14519.0,EIRE
565772,21977,PACK OF 60 PINK PAISLEY CAKE CASES,6,2025-03-14 04:14:43,0.55,14977.0,France
537361,20725,LUNCH BAG RED RETROSPOT,8,2025-02-18 17:18:46,1.65,17045.0,Spain
559132,85123A,WHITE HANGING HEART T-LIGHT HOLDER,3,2025-07-29 17:59:07,2.55,14730.0,Netherlands
548251,85099B,JUMBO BAG RED RETROSPOT,1,2025-06-03 19:27:15,2.29,16128.0,United Kingdom
551680,85123A,WHITE HANGING HEART T-LIGHT HOLDER,18,2025-07-01 19:33:13,2.55,15091.0,United Kingdom
539694,85099B,JUMBO BAG RED RETROSPOT,17,2025-10-31 01:30:41,2.08,13626.0,Germany
559025,POST,POSTAGE,6,2025-07-31 05:13:34,18.0,16764.0,United Kingdom
557161,85099B,JUMBO BAG RED RETROSPOT,12,2025-02-26 22:34:42,2.08,13156.0,Germany
546920,85099B,JUMBO BAG RED RETROSPOT,3,2025-05-18 15:10:32,2.08,13346.0,EIRE
552053,85123A,WHITE HANGING HEART T-LIGHT HOLDER,18,2025-04-25 05:29:49,2.55,,Netherlands
554794,22423,REGENCY CAKESTAND 3 TIER,16,2025-10-29 23:54:27,12.75,16259.0,United Kingdom
559391,POST,POSTAGE,4,2025-04-23 07:58:30,18.0,,France
554349,22423,REGENCY CAKESTAND 3 TIER,5,2025-02-20 06:55:34,14.02,16264.0,United Kingdom
538006,20725,LUNCH BAG RED RETROSPOT,7,2025-09-26 20:10:26,1.65,12148.0,United Kingdom
554486,85123A,WHITE HANGING HEART T-LIGHT HOLDER,2,2025-06-06 23:03:13,2.8,17097.0,United Kingdom
547852,85123A,WHITE HANGING HEART T-LIGHT HOLDER,7,2025-02-04 09:44:57,2.55,14483.0,United Kingdom
550007,22423,REGENCY CAKESTAND 3 TIER,13,2025-09-09 15:29:29,12.75,12052.0,United Kingdom
548605,POST,POSTAGE,14,2025-03-18 15:26:01,18.0,15474.0,France
547995,85123A,WHITE HANGING HEART T-LIGHT HOLDER,1,2025-11-13 05:25:15,2.55,13022.0,Germany
544031,20725,LUNCH BAG RED RETROSPOT,7,2025-10-31 13:15:24,1.65,14495.0,United Kingdom
547232,85123A,WHITE HANGING HEART T-LIGHT HOLDER,16,2025-05-15 01:20:08,2.55,14826.0,United Kingdom
560219,21977,PACK OF 60 PINK PAISLEY CAKE CASES,17,2025-07-22 20:47:08,0.61,12445.0,United Kingdom
543640,21977,PACK OF 60 PINK PAISLEY CAKE CASES,11,2025-07-27 19:52:35,0.55,17103.0,Netherlands
561804,21977,PACK OF 60 PINK PAISLEY CAKE CASES,14,2025-08-27 03:44:49,0.61,15062.0,Netherlands
550910,22423,REGENCY CAKESTAND 3 TIER,5,2025-01-26 14:36:27,11.48,17790.0,United Kingdom
556757,85123A,WHITE HANGING HEART T-LIGHT HOLDER,17,2025-04-29 02:20:49,2.55,14789.0,United Kingdom
540003,POST,POSTAGE,9,2025-03-04 02:06:09,18.0,15569.0,United Kingdom
543048,21977,PACK OF 60 PINK PAISLEY CAKE CASES,14,2025-09-12 15:10:35,0.55,16874.0,France
566653,85123A,WHITE HANGING HEART T-LIGHT HOLDER,5,2025-01-26 19:07:38,2.55,13272.0,United Kingdom
564254,85099B,JUMBO BAG RED RETROSPOT,4,2025-07-08 20:16:17,2.08,17453.0,United Kingdom
C538369,85123A,WHITE HANGING HEART T-LIGHT HOLDER,-11,2025-09-23 07:57:35,2.55,13107.0,United Kingdom
566717,85099B,JUMBO BAG RED RETROSPOT,10,2025-12-13 22:09:15,2.08,17975.0,United Kingdom
564472,85099B,JUMBO BAG RED RETROSPOT,11,2025-04-16 12:57:11,2.29,15836.0,United Kingdom
540660,85123A,WHITE HANGING HEART T-LIGHT HOLDER,16,2025-01-03 09:35:53,2.55,15112.0,United Kingdom
544202,85099B,JUMBO BAG RED RETROSPOT,15,2025-09-22 08:16:32,2.29,13260.0,Germany
542038,21977,PACK OF 60 PINK PAISLEY CAKE CASES,6,2025-01-01 17:38:11,0.5,15414.0,United Kingdom
565009,POST,POSTAGE,9,2025-01-25 08:53:36,19.8,15318.0,United Kingdom
565026,20725,LUNCH BAG RED RETROSPOT,2,2025-12-28 09:22:43,1.82,17902.0,Germany
560489,85099B,JUMBO BAG RED RETROSPOT,15,2025-11-11 09:18:26,2.29,17008.0,United Kingdom
544506,20725,LUNCH BAG RED RETROSPOT,3,2025-09-16 07:39:10,1.65,14897.0,EIRE
567313,22423,REGENCY CAKESTAND 3 TIER,2,2025-11-01 09:32:25,12.75,14338.0,Netherlands
564811,21977,PACK OF 60 PINK PAISLEY CAKE CASES,10,2025-01-28 00:34:51,0.55,14322.0,United Kingdom
565587,85123A,WHITE HANGING HEART T-LIGHT HOLDER,18,2025-02-02 20:59:13,2.8,14270.0,Spain
548238,85123A,WHITE HANGING HEART T-LIGHT HOLDER,8,2025-04-20 06:00:09,2.8,12081.0,France
559836,21977,PACK OF 60 PINK PAISLEY CAKE CASES,4,2025-01-09 10:44:08,0.61,12216.0,France
558962,85123A,WHITE HANGING HEART T-LIGHT HOLDER,4,2025-11-21 04:05:02,2.8,16508.0,United Kingdom
541157,21977,PACK OF 60 PINK PAISLEY CAKE CASES,16,2025-01-21 12:52:31,0.55,13524.0,United Kingdom
555813,21977,PACK OF 60 PINK PAISLEY CAKE CASES,13,2025-07-18 06:26:48,0.55,14467.0,United Kingdom
554667,85123A,WHITE HANGING HEART T-LIGHT HOLDER,10,2025-11-08 04:04:25,2.3,,Netherlands
555878,85099B,JUMBO BAG RED RETROSPOT,18,2025-09-26 06:55:46,2.29,15645.0,Germany
547554,21977,PACK OF 60 PINK PAISLEY CAKE CASES,2,2025-03-27 21:42:50,0.5,,United Kingdom
558753,20725,LUNCH BAG RED RETROSPOT,12,2025-06-21 20:36:49,1.48,16514.0,United Kingdom
566116,20725,LUNCH BAG RED RETROSPOT,7,2025-07-20 18:57:31,1.65,12949.0,United Kingdom
556557,22423,REGENCY CAKESTAND 3 TIER,5,2025-10-08 04:52:51,12.75,14835.0,United Kingdom
565655,20725,LUNCH BAG RED RETROSPOT,18,2025-06-05 15:35:47,1.65,12634.0,Germany
562235,85099B,JUMBO BAG RED RETROSPOT,19,2025-04-15 19:39:47,2.08,15189.0,United Kingdom
546677,85123A,WHITE HANGING HEART T-LIGHT HOLDER,16,2025-10-18 15:35:42,2.55,12570.0,EIRE
561022,21977,PACK OF 60 PINK PAISLEY CAKE CASES,3,2025-11-20 20:37:27,0.61,17649.0,Germany
558837,22423,REGENCY CAKESTAND 3 TIER,14,2025-06-28 04:49:31,14.02,15954.0,Germany
568087,85123A,WHITE HANGING HEART T-LIGHT HOLDER,7,2025-01-11 11:07:50,2.8,13472.0,EIRE
547501,22423,REGENCY CAKESTAND 3 TIER,8,2025-07-02 07:55:51,14.02,,United Kingdom
541567,20725,LUNCH BAG RED RETROSPOT,4,2025-11-21 17:23:18,1.48,14099.0,France
559058,POST,POSTAGE,12,2025-12-28 03:04:03,16.2,15111.0,France
557496,POST,POSTAGE,17,2025-05-27 07:38:47,16.2,,United Kingdom
556871,22423,REGENCY CAKESTAND 3 TIER,5,2025-02-24 16:51:31,11.48,15001.0,United Kingdom
561154,85099B,JUMBO BAG RED RETROSPOT,11,2025-07-28 00:25:35,2.29,12640.0,United Kingdom
553372,20725,LUNCH BAG RED RETROSPOT,13,2025-10-31 06:08:14,1.65,12918.0,United Kingdom
537025,22423,REGENCY CAKESTAND 3 TIER,12,2025-12-11 17:01:53,14.02,15504.0,United Kingdom
565865,85099B,JUMBO BAG RED RETROSPOT,5,2025-01-19 05:44:47,2.08,15003.0,United Kingdom
545430,22423,REGENCY CAKESTAND 3 TIER,1,2025-04-17 14:33:14,14.02,13761.0,Germany
544365,21977,PACK OF 60 PINK PAISLEY CAKE CASES,16,2025-06-24 09:36:39,0.61,12359.0,United Kingdom
563678,21977,PACK OF 60 PINK PAISLEY CAKE CASES,12,2025-02-05 11:04:21,0.5,14541.0,United Kingdom
563113,22423,REGENCY CAKESTAND 3 TIER,14,2025-11-20 08:35:43,14.02,17555.0,United Kingdom
553184,85123A,WHITE HANGING HEART T-LIGHT HOLDER,11,2025-02-10 21:34:06,2.3,16248.0,United Kingdom
559443,20725,LUNCH BAG RED RETROSPOT,8,2025-08-31 17:18:02,1.65,12348.0,Netherlands
538744,21977,PACK OF 60 PINK PAISLEY CAKE CASES,5,2025-12-02 17:27:15,0.5,17627.0,United Kingdom
545563,85123A,WHITE HANGING HEART T-LIGHT HOLDER,13,2025-09-08 18:59:51,2.55,14541.0,United Kingdom
544258,22423,REGENCY CAKESTAND 3 TIER,16,2025-10-06 10:12:50,11.48,15454.0,United Kingdom
550337,POST,POSTAGE,7,2025-04-07 02:28:44,19.8,12003.0,United Kingdom
548144,21977,PACK OF 60 PINK PAISLEY CAKE CASES,1,2025-10-30 01:16:51,0.55,13860.0,Germany
538346,21977,PACK OF 60 PINK PAISLEY CAKE CASES,3,2025-06-02 11:34:15,0.61,16716.0,EIRE
559412,21977,PACK OF 60 PINK PAISLEY CAKE CASES,12,2025-01-23 21:01:33,0.55,13984.0,United Kingdom
556317,POST,POSTAGE,5,2025-05-14 11:35:21,18.0,12997.0,Germany
548896,22423,REGENCY CAKESTAND 3 TIER,16,2025-05-08 23:37:53,12.75,12543.0,United Kingdom
566188,22423,REGENCY CAKESTAND 3 TIER,6,2025-07-10 12:33:47,14.02,17549.0,EIRE
548266,85099B,JUMBO BAG RED RETROSPOT,10,2025-04-07 15:13:42,2.08,16877.0,Germany
540005,20725,LUNCH BAG RED RETROSPOT,5,2025-06-18 01:51:47,1.65,12263.0,United Kingdom
564833,85123A,WHITE HANGING HEART T-LIGHT HOLDER,9,2025-06-06 18:26:12,2.55,17551.0,France
540487,85123A,WHITE HANGING HEART T-LIGHT HOLDER,13,2025-04-30 21:20:12,2.3,16924.0,EIRE
538425,22423,REGENCY CAKESTAND 3 TIER,16,2025-09-12 12:08:40,14.02,14159.0,United Kingdom
552135,21977,PACK OF 60 PINK PAISLEY CAKE CASES,15,2025-04-22 21:42:33,0.55,15939.0,Netherlands
555689,21977,PACK OF 60 PINK PAISLEY CAKE CASES,10,2025-10-07 05:40:45,0.55,13547.0,Spain
545561,85099B,JUMBO BAG RED RETROSPOT,9,2025-04-02 11:44:29,2.29,13498.0,United Kingdom
564531,22423,REGENCY CAKESTAND 3 TIER,7,2025-11-12 21:53:22,14.02,16287.0,EIRE
545415,20725,LUNCH BAG RED RETROSPOT,19,2025-05-14 14:29:15,1.82,13214.0,Germany
568763,85123A,WHITE HANGING HEART T-LIGHT HOLDER,14,2025-01-15 16:31:13,2.55,14131.0,United Kingdom
557714,20725,LUNCH BAG RED RETROSPOT,17,2025-02-24 09:40:40,1.48,14146.0,United Kingdom
542274,85123A,WHITE HANGING HEART T-LIGHT HOLDER,15,2025-10-22 13:09:55,2.55,12901.0,Spain
549948,POST,POSTAGE,2,2025-11-15 08:55:03,18.0,16970.0,Germany
538580,85099B,JUMBO BAG RED RETROSPOT,6,2025-03-19 16:22:12,1.87,16042.0,United Kingdom
564718,21977,PACK OF 60 PINK PAISLEY CAKE CASES,9,2025-08-08 01:20:19,0.55,17171.0,United Kingdom
558029,85123A,WHITE HANGING HEART T-LIGHT HOLDER,6,2025-07-29 12:17:04,2.55,15143.0,United Kingdom
550582,22423,REGENCY CAKESTAND 3 TIER,18,2025-02-18 22:18:57,14.02,13051.0,Spain
559087,20725,LUNCH BAG RED RETROSPOT,10,2025-06-14 01:24:04,1.48,,France
556919,21977,PACK OF 60 PINK PAISLEY CAKE CASES,5,2025-09-11 10:49:36,0.55,14120.0,United Kingdom
556394,20725,LUNCH BAG RED RETROSPOT,12,2025-12-20 15:51:02,1.65,17651.0,Spain
549528,21977,PACK OF 60 PINK PAISLEY CAKE CASES,8,2025-11-06 02:01:45,0.5,13424.0,EIRE
547951,21977,PACK OF 60 PINK PAISLEY CAKE CASES,3,2025-02-05 00:07:30,0.55,16158.0,United Kingdom
544704,20725,LUNCH BAG RED RETROSPOT,18,2025-03-28 03:57:49,1.82,12735.0,United Kingdom
562742,85099B,JUMBO BAG RED RETROSPOT,18,2025-06-09 05:17:17,2.08,17735.0,Germany
552025,POST,POSTAGE,15,2025-02-24 21:05:15,18.0,15878.0,United Kingdom
551941,85099B,JUMBO BAG RED RETROSPOT,6,2025-07-28 03:44:36,2.08,,United Kingdom
560496,22423,REGENCY CAKESTAND 3 TIER,16,2025-01-04 15:22:16,14.02,14075.0,Germany
554054,20725,LUNCH BAG RED RETROSPOT,6,2025-02-11 08:09:46,1.65,14127.0,Netherlands
568395,85123A,WHITE HANGING HEART T-LIGHT HOLDER,17,2025-01-18 12:51:12,2.8,13352.0,United Kingdom
544182,85123A,WHITE HANGING HEART T-LIGHT HOLDER,17,2025-04-18 21:47:58,2.8,15598.0,Spain
537433,85123A,WHITE HANGING HEART T-LIGHT HOLDER,4,2025-10-06 20:35:54,2.3,17195.0,Netherlands
550324,85099B,JUMBO BAG RED RETROSPOT,6,2025-03-06 01:54:46,2.29,13447.0,United Kingdom
554082,21977,PACK OF 60 PINK PAISLEY CAKE CASES,14,2025-12-27 02:08:15,0.61,16489.0,United Kingdom
563921,85123A,WHITE HANGING HEART T-LIGHT HOLDER,5,2025-04-09 08:34:39,2.3,15397.0,France
557622,85123A,WHITE HANGING HEART T-LIGHT HOLDER,16,2025-01-17 19:24:36,2.55,16642.0,France
567935,22423,REGENCY CAKESTAND 3 TIER,13,2025-05-03 18:13:46,12.75,16618.0,United Kingdom
538914,22423,REGENCY CAKESTAND 3 TIER,5,2025-10-01 14:50:31,14.02,12235.0,Germany
554270,85123A,WHITE HANGING HEART T-LIGHT HOLDER,15,2025-02-08 20:42:51,2.55,12127.0,Germany
564191,85123A,WHITE HANGING HEART T-LIGHT HOLDER,1,2025-01-27 04:22:27,2.3,,France
553073,20725,LUNCH BAG RED RETROSPOT,8,2025-11-07 17:40:01,1.48,12932.0,France
545382,20725,LUNCH BAG RED RETROSPOT,4,2025-08-05 23:15:50,1.82,15448.0,United Kingdom
562130,22423,REGENCY CAKESTAND 3 TIER,1,2025-05-06 23:09:54,11.48,16518.0,United Kingdom
565747,22423,REGENCY CAKESTAND 3 TIER,15,2025-10-03 17:04:11,12.75,15022.0,United Kingdom
544809,85123A,WHITE HANGING HEART T-LIGHT HOLDER,3,2025-11-05 16:42:07,2.55,12036.0,Netherlands
554788,85099B,JUMBO BAG RED RETROSPOT,14,2025-05-12 05:22:07,1.87,12063.0,Netherlands
563360,85099B,JUMBO BAG RED RETROSPOT,2,2025-07-24 17:52:30,1.87,16017.0,EIRE
541170,POST,POSTAGE,17,2025-01-04 05:56:07,19.8,17385.0,United Kingdom
C536373,20725,LUNCH BAG RED RETROSPOT,-19,2025-04-22 10:07:46,1.65,14060.0,Germany
C561133,85099B,JUMBO BAG RED RETROSPOT,-7,2025-08-06 02:48:25,2.08,15263.0,United Kingdom
C561574,85123A,WHITE HANGING HEART T-LIGHT HOLDER,-10,2025-03-13 07:14:57,2.8,17602.0,United Kingdom
541345,21977,PACK OF 60 PINK PAISLEY CAKE CASES,12,2025-12-28 01:49:14,0.5,16950.0,United Kingdom
C556297,POST,POSTAGE,-12,2025-12-21 11:05:06,18.0,15243.0,EIRE
560492,85123A,WHITE HANGING HEART T-LIGHT HOLDER,1,2025-04-05 01:44:08,2.8,15933.0,United Kingdom
568738,20725,LUNCH BAG RED RETROSPOT,19,2025-05-25 18:25:48,1.82,17767.0,Germany
563478,85123A,WHITE HANGING HEART T-LIGHT HOLDER,18,2025-03-11 15:44:15,2.55,16780.0,Netherlands
543476,20725,LUNCH BAG RED RETROSPOT,10,2025-07-03 15:36:22,1.82,14495.0,France
555567,85123A,WHITE HANGING HEART T-LIGHT HOLDER,11,2025-02-15 16:52:37,2.55,16157.0,United Kingdom
C560928,21977,PACK OF 60 PINK PAISLEY CAKE CASES,-4,2025-05-23 18:31:32,0.55,13973.0,Spain
545217,22423,REGENCY CAKESTAND 3 TIER,15,2025-07-22 16:12:57,14.02,17525.0,Germany
541535,21977,PACK OF 60 PINK PAISLEY CAKE CASES,10,2025-08-12 15:03:43,0.55,,United Kingdom
550869,21977,PACK OF 60 PINK PAISLEY CAKE CASES,6,2025-08-06 04:22:57,0.55,13352.0,Germany
560463,21977,PACK OF 60 PINK PAISLEY CAKE CASES,6,2025-03-22 17:35:39,0.55,14076.0,Spain
553952,21977,PACK OF 60 PINK PAISLEY CAKE CASES,2,2025-10-17 11:41:16,0.5,,United Kingdom
556550,85123A,WHITE HANGING HEART T-LIGHT HOLDER,15,2025-09-10 03:44:09,2.55,15570.0,United Kingdom
558636,20725,LUNCH BAG RED RETROSPOT,2,2025-10-02 11:32:15,1.65,16275.0,United Kingdom
568488,85123A,WHITE HANGING HEART T-LIGHT HOLDER,11,2025-06-20 07:46:04,2.55,17342.0,United Kingdom
557553,21977,PACK OF 60 PINK PAISLEY CAKE CASES,16,2025-11-22 04:46:31,0.55,,EIRE
540588,85123A,WHITE HANGING HEART T-LIGHT HOLDER,1,2025-05-23 13:28:06,2.55,15728.0,United Kingdom
549614,85099B,JUMBO BAG RED RETROSPOT,3,2025-10-22 21:28:26,1.87,,United Kingdom
541775,85099B,JUMBO BAG RED RETROSPOT,15,2025-03-16 00:23:49,1.87,12020.0,United Kingdom
561777,POST,POSTAGE,16,2025-04-01 03:14:16,18.0,16251.0,United Kingdom
569904,21977,PACK OF 60 PINK PAISLEY CAKE CASES,2,2025-07-12 21:53:42,0.5,12139.0,United Kingdom
562228,85123A,WHITE HANGING HEART T-LIGHT HOLDER,6,2025-07-22 16:34:54,2.55,,Germany
544361,20725,LUNCH BAG RED RETROSPOT,12,2025-09-30 05:44:51,1.65,17998.0,United Kingdom
559675,85123A,WHITE HANGING HEART T-LIGHT HOLDER,11,2025-04-19 08:51:37,2.3,16726.0,United Kingdom
536718,22423,REGENCY CAKESTAND 3 TIER,10,2025-11-15 02:07:26,12.75,15038.0,Spain
545253,85099B,JUMBO BAG RED RETROSPOT,5,2025-05-01 20:14:46,2.08,13913.0,Netherlands
546312,20725,LUNCH BAG RED RETROSPOT,11,2025-07-14 15:56:31,1.65,17023.0,United Kingdom
551959,POST,POSTAGE,1,2025-12-07 05:34:20,19.8,17153.0,United Kingdom
546896,POST,POSTAGE,17,2025-07-16 04:38:59,19.8,,United Kingdom
550713,85123A,WHITE HANGING HEART T-LIGHT HOLDER,11,2025-09-06 16:35:15,2.55,12646.0,United Kingdom
536337,85123A,WHITE HANGING HEART T-LIGHT HOLDER,8,2025-11-28 13:29:11,2.8,15493.0,United Kingdom
563770,20725,LUNCH BAG RED RETROSPOT,7,2025-12-22 17:58:34,1.48,15804.0,Netherlands
549447,22423,REGENCY CAKESTAND 3 TIER,8,2025-07-02 05:58:31,12.75,17604.0,France
563478,21977,PACK OF 60 PINK PAISLEY CAKE CASES,9,2025-06-02 23:51:59,0.61,17340.0,United Kingdom
537965,POST,POSTAGE,4,2025-03-13 03:58:57,16.2,13374.0,Netherlands
565446,85123A,WHITE HANGING HEART T-LIGHT HOLDER,12,2025-07-16 04:16:48,2.55,13516.0,United Kingdom
557297,85099B,JUMBO BAG RED RETROSPOT,4,2025-12-02 17:38:23,2.29,17981.0,United Kingdom
543859,20725,LUNCH BAG RED RETROSPOT,6,2025-06-27 13:33:19,1.82,13961.0,United Kingdom
561590,21977,PACK OF 60 PINK PAISLEY CAKE CASES,17,2025-05-08 09:19:15,0.61,14750.0,United Kingdom
561447,POST,POSTAGE,11,2025-02-09 17:40:19,19.8,13832.0,Spain
560698,21977,PACK OF 60 PINK PAISLEY CAKE CASES,18,2025-05-23 13:47:11,0.61,14360.0,United Kingdom
565593,22423,REGENCY CAKESTAND 3 TIER,13,2025-03-28 09:40:10,12.75,15385.0,Germany
568434,20725,LUNCH BAG RED RETROSPOT,15,2025-12-23 05:11:13,1.65,13754.0,United Kingdom
541660,20725,LUNCH BAG RED RETROSPOT,2,2025-07-12 17:12:52,1.65,14477.0,Spain
545598,POST,POSTAGE,10,2025-02-20 13:15:28,16.2,14115.0,Germany
537357,85099B,JUMBO BAG RED RETROSPOT,7,2025-01-25 21:27:43,1.87,12647.0,United Kingdom
538265,85099B,JUMBO BAG RED RETROSPOT,1,2025-11-07 10:06:34,2.29,16720.0,United Kingdom
539587,22423,REGENCY CAKESTAND 3 TIER,2,2025-12-06 06:22:13,11.48,,Spain
559527,22423,REGENCY CAKESTAND 3 TIER,4,2025-10-06 01:13:45,12.75,,United Kingdom
556610,POST,POSTAGE,1,2025-02-15 06:30:08,16.2,13228.0,United Kingdom
537182,POST,POSTAGE,9,2025-02-05 17:26:26,18.0,15858.0,Spain
550336,85099B,JUMBO BAG RED RETROSPOT,1,2025-03-14 06:53:11,2.08,15204.0,United Kingdom
539756,POST,POSTAGE,16,2025-10-02 13:15:24,16.2,,United Kingdom
542631,85099B,JUMBO BAG RED RETROSPOT,12,2025-10-07 05:09:22,2.08,15568.0,United Kingdom
C537889,20725,LUNCH BAG RED RETROSPOT,-19,2025-11-02 22:15:22,1.65,16307.0,United Kingdom
553962,21977,PACK OF 60 PINK PAISLEY CAKE CASES,2,2025-02-05 21:38:39,0.61,12244.0,United Kingdom
538763,20725,LUNCH BAG RED RETROSPOT,2,2025-02-25 19:23:26,1.65,12596.0,United Kingdom
562707,20725,LUNCH BAG RED RETROSPOT,17,2025-11-25 17:35:55,1.65,12574.0,United Kingdom
567691,21977,PACK OF 60 PINK PAISLEY CAKE CASES,8,2025-12-05 13:42:24,0.55,12927.0,United Kingdom
565097,20725,LUNCH BAG RED RETROSPOT,15,2025-09-22 00:11:53,1.65,17830.0,United Kingdom
564003,85099B,JUMBO BAG RED RETROSPOT,4,2025-02-08 01:02:00,1.87,16380.0,Netherlands
561558,20725,LUNCH BAG RED RETROSPOT,1,2025-01-26 10:38:34,1.48,15987.0,Germany
566964,85123A,WHITE HANGING HEART T-LIGHT HOLDER,10,2025-01-21 18:02:45,2.55,16193.0,United Kingdom
566107,85123A,WHITE HANGING HEART T-LIGHT HOLDER,11,2025-09-10 03:07:20,2.55,12201.0,United Kingdom
543351,20725,LUNCH BAG RED RETROSPOT,3,2025-11-05 13:10:37,1.48,13279.0,France
556542,20725,LUNCH BAG RED RETROSPOT,1,2025-08-19 22:54:29,1.82,16765.0,United Kingdom
546405,POST,POSTAGE,5,2025-04-06 20:02:26,18.0,14776.0,United Kingdom
564460,22423,REGENCY CAKESTAND 3 TIER,3,2025-10-04 13:14:29,12.75,15051.0,Germany
536355,85123A,WHITE HANGING HEART T-LIGHT HOLDER,19,2025-01-22 13:51:57,2.3,16501.0,United Kingdom
550184,85099B,JUMBO BAG RED RETROSPOT,19,2025-10-30 01:30:07,2.08,12451.0,EIRE
548887,20725,LUNCH BAG RED RETROSPOT,1,2025-11-22 00:02:55,1.65,16791.0,Spain
564984,POST,POSTAGE,9,2025-09-20 07:34:48,18.0,16084.0,EIRE
546015,20725,LUNCH BAG RED RETROSPOT,8,2025-11-17 19:33:28,1.82,14421.0,United Kingdom
566457,85099B,JUMBO BAG RED RETROSPOT,1,2025-08-02 00:08:32,2.08,14996.0,United Kingdom
552875,20725,LUNCH BAG RED RETROSPOT,13,2025-06-20 19:10:57,1.65,12445.0,United Kingdom
559337,85123A,WHITE HANGING HEART T-LIGHT HOLDER,17,2025-04-28 06:10:47,2.8,,EIRE
554043,POST,POSTAGE,12,2025-12-03 02:23:08,18.0,13478.0,Netherlands
550655,21977,PACK OF 60 PINK PAISLEY CAKE CASES,18,2025-09-12 02:17:58,0.55,17266.0,Netherlands
546341,85099B,JUMBO BAG RED RETROSPOT,13,2025-03-11 16:24:42,1.87,12676.0,United Kingdom
545576,21977,PACK OF 60 PINK PAISLEY CAKE CASES,11,2025-12-16 01:04:31,0.55,13748.0,EIRE
557770,20725,LUNCH BAG RED RETROSPOT,19,2025-01-22 12:37:35,1.48,12790.0,United Kingdom
547056,22423,REGENCY CAKESTAND 3 TIER,14,2025-08-03 22:26:14,11.48,13707.0,EIRE
565382,85123A,WHITE HANGING HEART T-LIGHT HOLDER,15,2025-03-11 14:09:28,2.55,12063.0,United Kingdom
540500,20725,LUNCH BAG RED RETROSPOT,15,2025-08-31 08:01:27,1.65,13636.0,United Kingdom
543324,POST,POSTAGE,1,2025-05-31 21:20:40,16.2,16342.0,United Kingdom
537603,21977,PACK OF 60 PINK PAISLEY CAKE CASES,14,2025-06-09 01:45:01,0.55,16604.0,Netherlands
565362,85123A,WHITE HANGING HEART T-LIGHT HOLDER,15,2025-09-03 05:59:22,2.8,14276.0,United Kingdom
550090,21977,PACK OF 60 PINK PAISLEY CAKE CASES,10,2025-10-03 04:06:49,0.5,16236.0,United Kingdom
537193,85123A,WHITE HANGING HEART T-LIGHT HOLDER,11,2025-05-19 00:18:57,2.55,,United Kingdom
537450,22423,REGENCY CAKESTAND 3 TIER,16,2025-12-31 22:54:34,12.75,17418.0,United Kingdom
567214,85123A,WHITE HANGING HEART T-LIGHT HOLDER,3,2025-07-01 05:00:19,2.55,16827.0,Netherlands
565939,85099B,JUMBO BAG RED RETROSPOT,11,2025-02-28 01:45:33,2.08,13376.0,United Kingdom
545414,22423,REGENCY CAKESTAND 3 TIER,15,2025-01-03 21:57:46,12.75,15531.0,United Kingdom
558098,85123A,WHITE HANGING HEART T-LIGHT HOLDER,5,2025-03-15 23:05:26,2.3,16718.0,EIRE
544585,22423,REGENCY CAKESTAND 3 TIER,6,2025-09-10 05:04:26,14.02,13833.0,United Kingdom
564684,21977,PACK OF 60 PINK PAISLEY CAKE CASES,1,2025-07-16 09:38:35,0.61,15438.0,United Kingdom
560323,22423,REGENCY CAKESTAND 3 TIER,6,2025-05-04 16:11:17,12.75,14401.0,United Kingdom
551110,85123A,WHITE HANGING HEART T-LIGHT HOLDER,7,2025-06-25 10:15:21,2.3,13852.0,United Kingdom
567570,21977,PACK OF 60 PINK PAISLEY CAKE CASES,19,2025-11-02 18:57:08,0.5,13196.0,United Kingdom
543614,20725,LUNCH BAG RED RETROSPOT,2,2025-07-28 05:58:05,1.82,12212.0,United Kingdom
569892,20725,LUNCH BAG RED RETROSPOT,13,2025-01-22 19:31:01,1.82,16499.0,United Kingdom
545869,85099B,JUMBO BAG RED RETROSPOT,2,2025-01-18 13:24:21,2.08,16913.0,France
566216,20725,LUNCH BAG RED RETROSPOT,16,2025-06-25 00:15:01,1.82,15910.0,Spain
565060,20725,LUNCH BAG RED RETROSPOT,9,2025-05-28 14:53:40,1.48,13446.0,Spain
555131,21977,PACK OF 60 PINK PAISLEY CAKE CASES,9,2025-11-07 00:13:32,0.55,,United Kingdom
540144,85099B,JUMBO BAG RED RETROSPOT,18,2025-08-01 20:18:23,1.87,15790.0,United Kingdom
561538,85123A,WHITE HANGING HEART T-LIGHT HOLDER,15,2025-10-04 23:44:10,2.55,,Netherlands
559741,22423,REGENCY CAKESTAND 3 TIER,3,2025-08-02 03:42:07,12.75,15293.0,France
565417,22423,REGENCY CAKESTAND 3 TIER,6,2025-05-07 12:39:29,14.02,17821.0,United Kingdom
543673,85099B,JUMBO BAG RED RETROSPOT,6,2025-08-28 08:04:48,2.29,12026.0,United Kingdom
544137,POST,POSTAGE,12,2025-08-15 01:31:43,18.0,15463.0,United Kingdom
548007,85123A,WHITE HANGING HEART T-LIGHT HOLDER,16,2025-09-20 16:15:50,2.55,17966.0,United Kingdom
548540,21977,PACK OF 60 PINK PAISLEY CAKE CASES,13,2025-03-11 00:38:36,0.55,14005.0,United Kingdom
536103,POST,POSTAGE,8,2025-08-23 00:34:37,18.0,16885.0,United Kingdom
541219,21977,PACK OF 60 PINK PAISLEY CAKE CASES,15,2025-04-15 19:27:30,0.55,16968.0,Netherlands
552289,85123A,WHITE HANGING HEART T-LIGHT HOLDER,15,2025-10-16 06:46:21,2.3,14918.0,Germany
C568878,POST,POSTAGE,-2,2025-10-19 21:43:08,16.2,13841.0,Germany
540363,22423,REGENCY CAKESTAND 3 TIER,11,2025-08-17 14:15:43,14.02,16082.0,United Kingdom
544197,85123A,WHITE HANGING HEART T-LIGHT HOLDER,14,2025-12-12 12:35:16,2.55,15716.0,France
565228,85099B,JUMBO BAG RED RETROSPOT,12,2025-07-16 09:49:15,2.29,14859.0,France
537333,22423,REGENCY CAKESTAND 3 TIER,5,2025-01-10 08:55:16,11.48,13156.0,United Kingdom
539322,20725,LUNCH BAG RED RETROSPOT,4,2025-08-10 05:23:56,1.65,16467.0,Germany
566255,85123A,WHITE HANGING HEART T-LIGHT HOLDER,6,2025-10-11 16:51:23,2.55,,Germany
544512,20725,LUNCH BAG RED RETROSPOT,7,2025-02-06 14:32:50,1.82,12805.0,EIRE
546469,85123A,WHITE HANGING HEART T-LIGHT HOLDER,18,2025-02-08 00:32:14,2.55,12403.0,United Kingdom
536503,POST,POSTAGE,12,2025-04-10 07:45:51,18.0,14678.0,Spain
549815,85123A,WHITE HANGING HEART T-LIGHT HOLDER,16,2025-11-05 21:34:26,2.3,12720.0,United Kingdom
569757,POST,POSTAGE,1,2025-07-12 11:49:15,18.0,14013.0,United Kingdom
569505,85123A,WHITE HANGING HEART T-LIGHT HOLDER,15,2025-12-23 06:08:46,2.55,13450.0,United Kingdom
557808,20725,LUNCH BAG RED RETROSPOT,4,2025-11-15 05:30:34,1.65,14757.0,United Kingdom
558955,20725,LUNCH BAG RED RETROSPOT,11,2025-07-22 04:34:54,1.65,16665.0,United Kingdom
557881,21977,PACK OF 60 PINK PAISLEY CAKE CASES,8,2025-09-05 20:39:58,0.5,14702.0,United Kingdom
559628,85123A,WHITE HANGING HEART T-LIGHT HOLDER,17,2025-05-01 07:27:32,2.3,15342.0,France
553641,21977,PACK OF 60 PINK PAISLEY CAKE CASES,13,2025-02-02 07:08:33,0.5,12858.0,United Kingdom
C542995,21977,PACK OF 60 PINK PAISLEY CAKE CASES,-9,2025-05-26 01:31:46,0.5,12678.0,Netherlands
565513,21977,PACK OF 60 PINK PAISLEY CAKE CASES,10,2025-08-05 21:20:52,0.55,17858.0,United Kingdom
565902,21977,PACK OF 60 PINK PAISLEY CAKE CASES,14,2025-03-08 09:20:58,0.55,15719.0,Germany
540902,POST,POSTAGE,14,2025-03-22 16:55:04,19.8,12092.0,Netherlands
539215,POST,POSTAGE,11,2025-01-06 17:09:14,16.2,15390.0,EIRE
562956,85099B,JUMBO BAG RED RETROSPOT,14,2025-09-25 08:24:10,2.08,12060.0,Germany
537617,85123A,WHITE HANGING HEART T-LIGHT HOLDER,15,2025-11-25 11:57:25,2.55,12463.0,France
563442,85123A,WHITE HANGING HEART T-LIGHT HOLDER,1,2025-10-30 02:25:56,2.3,14240.0,United Kingdom
569382,20725,LUNCH BAG RED RETROSPOT,7,2025-05-19 16:01:53,1.65,15938.0,United Kingdom
537228,POST,POSTAGE,18,2025-08-05 16:10:18,16.2,,United Kingdom
563164,85099B,JUMBO BAG RED RETROSPOT,7,2025-12-17 05:07:49,2.29,16745.0,United Kingdom
540511,85123A,WHITE HANGING HEART T-LIGHT HOLDER,16,2025-08-04 04:41:25,2.55,,United Kingdom
C545868,85099B,JUMBO BAG RED RETROSPOT,-11,2025-04-18 09:32:57,2.29,13150.0,United Kingdom
554603,85099B,JUMBO BAG RED RETROSPOT,6,2025-05-04 16:36:55,2.08,15199.0,Netherlands
559123,POST,POSTAGE,7,2025-09-23 12:28:03,18.0,17212.0,Spain
539066,21977,PACK OF 60 PINK PAISLEY CAKE CASES,10,2025-06-12 01:28:50,0.5,16336.0,EIRE
539715,85123A,WHITE HANGING HEART T-LIGHT HOLDER,3,2025-11-02 13:44:29,2.3,16015.0,France
545600,22423,REGENCY CAKESTAND 3 TIER,6,2025-11-12 16:58:08,11.48,12564.0,United Kingdom
559178,85123A,WHITE HANGING HEART T-LIGHT HOLDER,13,2025-01-14 04:28:24,2.55,17268.0,United Kingdom
549724,21977,PACK OF 60 PINK PAISLEY CAKE CASES,18,2025-09-22 10:40:15,0.55,17906.0,Germany
545368,21977,PACK OF 60 PINK PAISLEY CAKE CASES,19,2025-05-16 19:23:02,0.55,,Germany
541345,85123A,WHITE HANGING HEART T-LIGHT HOLDER,8,2025-07-09 07:47:32,2.3,14020.0,United Kingdom
568927,22423,REGENCY CAKESTAND 3 TIER,16,2025-04-07 02:09:54,11.48,15975.0,United Kingdom
559940,POST,POSTAGE,8,2025-05-15 22:12:26,18.0,15854.0,United Kingdom
569519,20725,LUNCH BAG RED RETROSPOT,16,2025-05-01 02:21:32,1.48,17574.0,United Kingdom
552832,21977,PACK OF 60 PINK PAISLEY CAKE CASES,18,2025-01-19 01:28:30,0.55,12664.0,United Kingdom
563836,85099B,JUMBO BAG RED RETROSPOT,9,2025-10-13 05:59:34,2.08,15091.0,United Kingdom
557753,POST,POSTAGE,12,2025-02-22 18:02:05,16.2,16256.0,Germany
553853,20725,LUNCH BAG RED RETROSPOT,17,2025-05-18 15:42:09,1.65,14094.0,Netherlands
552126,POST,POSTAGE,3,2025-03-12 05:38:43,18.0,17042.0,United Kingdom
C553004,85123A,WHITE HANGING HEART T-LIGHT HOLDER,-5,2025-02-28 01:51:00,2.3,12388.0,France
550024,85123A,WHITE HANGING HEART T-LIGHT HOLDER,12,2025-05-17 22:54:09,2.3,12631.0,EIRE
557757,85123A,WHITE HANGING HEART T-LIGHT HOLDER,4,2025-12-02 00:11:07,2.8,16745.0,United Kingdom
552741,20725,LUNCH BAG RED RETROSPOT,16,2025-12-11 22:11:22,1.65,12755.0,Germany
569004,21977,PACK OF 60 PINK PAISLEY CAKE CASES,6,2025-05-20 11:19:56,0.55,14511.0,United Kingdom
566583,85123A,WHITE HANGING HEART T-LIGHT HOLDER,7,2025-07-04 04:39:47,2.8,13686.0,Germany
C551787,POST,POSTAGE,-16,2025-12-26 08:19:11,16.2,,United Kingdom
549465,POST,POSTAGE,11,2025-03-27 07:27:00,18.0,12071.0,Spain
561805,22423,REGENCY CAKESTAND 3 TIER,16,2025-12-11 03:45:42,14.02,14141.0,Netherlands
557836,21977,PACK OF 60 PINK PAISLEY CAKE CASES,12,2025-02-08 10:21:57,0.5,17916.0,United Kingdom
543881,21977,PACK OF 60 PINK PAISLEY CAKE CASES,10,2025-03-24 15:44:31,0.55,14213.0,United Kingdom
564354,85123A,WHITE HANGING HEART T-LIGHT HOLDER,10,2025-05-04 11:20:33,2.3,15590.0,United Kingdom
559196,21977,PACK OF 60 PINK PAISLEY CAKE CASES,16,2025-01-14 15:23:39,0.5,17928.0,EIRE
557116,22423,REGENCY CAKESTAND 3 TIER,19,2025-10-25 23:17:06,12.75,15645.0,Germany
562590,POST,POSTAGE,1,2025-11-09 02:55:31,16.2,16529.0,United Kingdom
543686,20725,LUNCH BAG RED RETROSPOT,10,2025-05-20 17:43:57,1.82,17753.0,EIRE
563198,POST,POSTAGE,15,2025-11-02 05:30:54,16.2,15703.0,United Kingdom
540146,20725,LUNCH BAG RED RETROSPOT,13,2025-10-09 00:27:23,1.65,16992.0,United Kingdom
562978,85123A,WHITE HANGING HEART T-LIGHT HOLDER,10,2025-10-20 08:45:34,2.3,15049.0,United Kingdom
556089,85099B,JUMBO BAG RED RETROSPOT,16,2025-10-20 09:26:39,2.08,16885.0,United Kingdom
555787,20725,LUNCH BAG RED RETROSPOT,9,2025-07-29 23:45:39,1.65,15851.0,United Kingdom
560731,22423,REGENCY CAKESTAND 3 TIER,3,2025-02-10 08:15:55,11.48,14037.0,United Kingdom
546564,20725,LUNCH BAG RED RETROSPOT,6,2025-12-04 18:26:46,1.65,15349.0,United Kingdom
562137,22423,REGENCY CAKESTAND 3 TIER,1,2025-08-11 22:26:29,14.02,14009.0,Spain
536870,85123A,WHITE HANGING HEART T-LIGHT HOLDER,14,2025-11-25 08:05:31,2.55,,United Kingdom
559589,85099B,JUMBO BAG RED RETROSPOT,19,2025-12-17 04:17:48,2.29,13750.0,Netherlands
563009,21977,PACK OF 60 PINK PAISLEY CAKE CASES,8,2025-03-10 23:10:13,0.55,14946.0,Germany
536117,85099B,JUMBO BAG RED RETROSPOT,14,2025-05-27 10:59:40,1.87,14080.0,France
559616,21977,PACK OF 60 PINK PAISLEY CAKE CASES,19,2025-03-12 10:55:06,0.55,15756.0,United Kingdom
562310,85099B,JUMBO BAG RED RETROSPOT,8,2025-01-19 17:29:16,2.08,14217.0,EIRE
553754,20725,LUNCH BAG RED RETROSPOT,17,2025-12-19 09:07:40,1.82,14946.0,United Kingdom
C556557,21977,PACK OF 60 PINK PAISLEY CAKE CASES,-1,2025-12-04 12:59:43,0.55,12840.0,United Kingdom
538019,21977,PACK OF 60 PINK PAISLEY CAKE CASES,13,2025-12-07 22:39:46,0.55,14319.0,United Kingdom
569598,85099B,JUMBO BAG RED RETROSPOT,4,2025-11-19 01:09:59,2.08,14135.0,United Kingdom
568869,85099B,JUMBO BAG RED RETROSPOT,15,2025-08-25 17:40:05,2.08,17766.0,Netherlands
561995,85123A,WHITE HANGING HEART T-LIGHT HOLDER,1,2025-07-10 09:31:25,2.55,14680.0,Netherlands
536515,21977,PACK OF 60 PINK PAISLEY CAKE CASES,16,2025-12-28 13:08:53,0.61,12129.0,France
550627,85123A,WHITE HANGING HEART T-LIGHT HOLDER,8,2025-07-21 21:50:36,2.3,13856.0,United Kingdom
563810,20725,LUNCH BAG RED RETROSPOT,5,2025-08-23 14:25:00,1.65,16376.0,Spain
558989,20725,LUNCH BAG RED RETROSPOT,11,2025-03-19 10:03:18,1.65,12992.0,France
566758,85099B,JUMBO BAG RED RETROSPOT,19,2025-09-30 23:20:50,1.87,12977.0,United Kingdom
556941,20725,LUNCH BAG RED RETROSPOT,4,2025-10-27 14:31:37,1.65,14240.0,United Kingdom
560268,21977,PACK OF 60 PINK PAISLEY CAKE CASES,6,2025-09-05 03:40:10,0.61,14140.0,Germany
547471,85123A,WHITE HANGING HEART T-LIGHT HOLDER,13,2025-07-01 02:08:00,2.55,14885.0,United Kingdom
